Gene_set	Pathway	Overlap	P-value	Adjusted P-value	Odds Ratio	Combined Score	Genes
KEGG_2021_Human	Peroxisome	10/82	6.598002741450978e-21	1.9794008224352934e-20	inf	-719.4278599064044	ABCD3;GNPAT;PEX1;PEX10;PEX13;PEX14;PEX26;PEX3;PEX6;PEX7
KEGG_2021_Human	ABC transporters	1/45	0.05436047130022726	0.0815407069503409	20.262626262626263	-11.690056551619103	ABCD3
KEGG_2021_Human	Glycerophospholipid metabolism	1/98	0.11496450084552494	0.11496450084552494	9.130584192439862	-5.49346810373269	GNPAT
