Gene_set	Pathway	Overlap	P-value	Adjusted P-value	Odds Ratio	Combined Score	Genes
KEGG_2021_Human	Porphyrin and chlorophyll metabolism	8/43	1.4449287810098832e-17	5.779715124039533e-17	918.0571428571428	-795.6554688647358	ALAS1;ALAS2;CPOX;FECH;HMBS;PPOX;UROD;UROS
KEGG_2021_Human	Glycine, serine and threonine metabolism	2/40	0.0010492500396798417	0.0020985000793596834	52.828947368421055	-60.309801434582354	ALAS1;ALAS2
KEGG_2021_Human	ABC transporters	1/45	0.05436047130022726	0.07248062840030302	20.262626262626263	-11.690056551619103	ABCG2
KEGG_2021_Human	Bile secretion	1/90	0.10604677818396174	0.10604677818396174	9.961298377028713	-6.010407578745034	ABCG2
