Gene_set	Pathway	Overlap	P-value	Adjusted P-value	Odds Ratio	Combined Score	Genes
KEGG_2021_Human	Porphyrin and chlorophyll metabolism	7/43	8.603991572313302e-15	4.301995786156651e-14	520.5925925925926	-695.5297339278019	ALAD;ALAS1;CPOX;FECH;HMBS;PPOX;UROD
KEGG_2021_Human	ABC transporters	1/45	0.05436047130022726	0.09060078550037877	20.262626262626263	-11.690056551619103	ABCB6
KEGG_2021_Human	Glycine, serine and threonine metabolism	1/40	0.04845467179601247	0.09060078550037877	22.874643874643876	-12.969307291652413	ALAS1
KEGG_2021_Human	Cushing syndrome	1/155	0.17622102470306392	0.2202762808788299	5.70995670995671	-3.235678410841787	AIP
KEGG_2021_Human	Chemical carcinogenesis	1/239	0.2595523897792453	0.2595523897792453	3.6554621848739495	-1.7734497985532327	AIP
