Gene_set	Pathway	Overlap	P-value	Adjusted P-value	Odds Ratio	Combined Score	Genes
KEGG_2021_Human	Signaling pathways regulating pluripotency of stem cells	3/143	0.0005950854077497673	0.004165597854248372	24.26938775510204	-50.30529409222555	LEFTY2;NODAL;ZIC3
KEGG_2021_Human	Huntington disease	3/306	0.005297048052024124	0.013238541925317034	10.983026874115984	-22.76666252651436	DNAH11;DNAH6;DNAI1
KEGG_2021_Human	TGF-beta signaling pathway	2/94	0.005673660825135872	0.013238541925317034	21.67391304347826	-28.742216935482162	LEFTY2;NODAL
KEGG_2021_Human	Amyotrophic lateral sclerosis	3/364	0.008593668138311259	0.015038919242044703	9.149584487534627	-18.496977153394543	DNAH11;DNAH6;DNAI1
KEGG_2021_Human	Pathways of neurodegeneration	3/475	0.017772166326566263	0.024881032857192766	6.897094430992736	-13.07371705691191	DNAH11;DNAH6;DNAI1
KEGG_2021_Human	Human T-cell leukemia virus 1 infection	1/219	0.24043153000367978	0.28050345167095975	4.001019367991845	-2.0240281738454993	CRTC1
KEGG_2021_Human	Cytokine-cytokine receptor interaction	1/295	0.310808292768788	0.310808292768788	2.9380196523053668	-1.2513063817932166	NODAL
