Gene_set	Pathway	Overlap	P-value	Adjusted P-value	Odds Ratio	Combined Score	Genes
KEGG_2021_Human	Primary bile acid biosynthesis	1/17	0.020858141730383632	0.10429070865191815	55.916666666666664	-26.157848827787358	CYP7B1
KEGG_2021_Human	Steroid hormone biosynthesis	1/61	0.073038012879974	0.18259503219993498	14.829629629629629	-8.841826114974799	CYP7B1
KEGG_2021_Human	Axon guidance	1/182	0.2038826300760579	0.25485328759507236	4.841620626151013	-2.6265948500338347	L1CAM
KEGG_2021_Human	Cell adhesion molecules	1/148	0.16890973234869874	0.25485328759507236	5.987150415721844	-3.427000500776257	L1CAM
KEGG_2021_Human	Endocytosis	1/252	0.27174750318495006	0.27174750318495006	3.4603806994245243	-1.6315316807371463	WASHC5
