Gene_set	Pathway	Overlap	P-value	Adjusted P-value	Odds Ratio	Combined Score	Genes
KEGG_2021_Human	Glycosaminoglycan biosynthesis	3/53	3.098408218261013e-05	0.0001859044930956608	68.72571428571429	-119.39488334977806	B3GALT6;B4GALT7;CHST14
KEGG_2021_Human	Sulfur metabolism	1/10	0.012317392763478485	0.036952178290435456	99.49382716049382	-39.073675090855936	PAPSS2
KEGG_2021_Human	Selenocompound metabolism	1/17	0.020858141730383632	0.041716283460767264	55.916666666666664	-26.157848827787358	PAPSS2
KEGG_2021_Human	Purine metabolism	1/129	0.1487694756391342	0.21520401077609944	6.892361111111111	-4.041189892105298	PAPSS2
KEGG_2021_Human	Ribosome	1/158	0.17933667564674954	0.21520401077609944	5.598726114649682	-3.1584773884334933	RPL13
KEGG_2021_Human	Coronavirus disease	1/232	0.25290994493508406	0.25290994493508406	3.7696007696007694	-1.8563524399324505	RPL13
