Gene_set	Pathway	Overlap	P-value	Adjusted P-value	Odds Ratio	Combined Score	Genes
KEGG_2021_Human	Biosynthesis of unsaturated fatty acids	1/27	0.03294392335593595	0.07967186742580912	34.36752136752137	-18.084430415617646	ELOVL4
KEGG_2021_Human	Fatty acid elongation	1/27	0.03294392335593595	0.07967186742580912	34.36752136752137	-18.084430415617646	ELOVL4
KEGG_2021_Human	Phototransduction	1/28	0.034145086039632476	0.07967186742580912	33.09053497942387	-17.550803279788266	GUCA1A
KEGG_2021_Human	ABC transporters	1/45	0.05436047130022726	0.09513082477539771	20.262626262626263	-11.690056551619103	ABCA4
KEGG_2021_Human	Cell adhesion molecules	1/148	0.16890973234869874	0.23647362528817822	5.987150415721844	-3.427000500776257	CDH3
KEGG_2021_Human	Amyotrophic lateral sclerosis	1/364	0.3695602254440061	0.43115359635134043	2.3584328129782675	-0.8341701676241932	PRPH
KEGG_2021_Human	Pathways of neurodegeneration	1/475	0.45466905008847364	0.45466905008847364	1.7801218940459447	-0.4367315309409891	PRPH
