Gene_set	Pathway	Overlap	P-value	Adjusted P-value	Odds Ratio	Combined Score	Genes
KEGG_2021_Human	Alcoholism	1/186	0.20790875456503763	0.21091631211370437	4.734534534534535	-2.5504914662503393	H2AZ1
KEGG_2021_Human	Aminoacyl-tRNA biosynthesis	1/66	0.07880627134542659	0.21091631211370437	13.68034188034188	-8.200693724608003	VARS1
KEGG_2021_Human	Necroptosis	1/159	0.18037286671285227	0.21091631211370437	5.562587904360056	-3.1333425612983894	H2AZ1
KEGG_2021_Human	Neutrophil extracellular trap formation	1/189	0.21091631211370437	0.21091631211370437	4.657210401891253	-2.4954112144854435	H2AZ1
KEGG_2021_Human	Purine metabolism	1/129	0.1487694756391342	0.21091631211370437	6.892361111111111	-4.041189892105298	PRUNE1
KEGG_2021_Human	Systemic lupus erythematosus	1/135	0.15517650047822218	0.21091631211370437	6.5787728026534	-3.830244937455702	H2AZ1
