Gene_set	Term	Overlap	P-value	Adjusted P-value	Old P-value	Old Adjusted P-value	Odds Ratio	Combined Score	Genes
KEGG_2021_Human	Primary bile acid biosynthesis	1/17	0.0084693662805775	0.0218961045160865	0	0	138.70833333333334	661.8190142974174	CH25H
KEGG_2021_Human	Terpenoid backbone biosynthesis	1/22	0.0109480522580432	0.0218961045160865	0	0	105.65608465608466	476.9942956890701	ZMPSTE24
KEGG_2021_Human	Antigen processing and presentation	1/78	0.038330883967986	0.039778377237952	0	0	28.734487734487736	93.71751271850756	IFI30
KEGG_2021_Human	B cell receptor signaling pathway	1/81	0.039778377237952	0.039778377237952	0	0	27.65277777777778	89.16449601956255	IFITM1
