Gene_set	Term	Overlap	P-value	Adjusted P-value	Old P-value	Old Adjusted P-value	Odds Ratio	Combined Score	Genes
KEGG_2021_Human	Hepatocellular carcinoma	11/168	1.6582280615006485e-18	1.1607596430504538e-17	0	0	154.31917905166313	6317.947879464866	SMARCC1;PBRM1;SMARCB1;SMARCC2;ACTL6A;ARID1A;BRD7;ARID2;SMARCA2;ARID1B;SMARCA4
KEGG_2021_Human	Thermogenesis	8/232	3.245543200997064e-11	1.1359401203489723e-10	0	0	58.79761904761905	1420.0303107346797	SMARCC1;SMARCB1;SMARCC2;ACTL6A;ARID1A;SMARCA2;ARID1B;SMARCA4
KEGG_2021_Human	Progesterone-mediated oocyte maturation	1/100	0.0954324164624814	0.2125323989159777	0	0	10.569377990430622	24.83103038927071	AURKA
KEGG_2021_Human	Oocyte meiosis	1/129	0.1214470850948444	0.2125323989159777	0	0	8.162828947368421	17.209501461061883	AURKA
KEGG_2021_Human	Huntington disease	1/306	0.2654609411363627	0.3588159125396237	0	0	3.395168248490078	4.5029694239166504	DNAH8
KEGG_2021_Human	Amyotrophic lateral sclerosis	1/364	0.3075564964625346	0.3588159125396237	0	0	2.844280121792083	3.353680680530016	DNAH8
KEGG_2021_Human	Pathways of neurodegeneration	1/475	0.3818115287483296	0.3818115287483296	0	0	2.1658894070619588	2.0853793393518445	DNAH8
