Gene_set	Term	Overlap	P-value	Adjusted P-value	Old P-value	Old Adjusted P-value	Odds Ratio	Combined Score	Genes
KEGG_2021_Human	Signaling pathways regulating pluripotency of stem cells	2/143	0.0022001524831707	0.0132009148990247	0	0	35.19326241134752	215.35561824391385	PCGF2;BMI1
KEGG_2021_Human	MicroRNAs in cancer	2/310	0.0099263857511192	0.0297791572533578	0	0	15.97564935064935	73.68862263509924	BMI1;EZH2
KEGG_2021_Human	Citrate cycle (TCA cycle)	1/30	0.0149023554252653	0.0298047108505307	0	0	76.47892720306514	321.6884165593148	PC
KEGG_2021_Human	Pyruvate metabolism	1/47	0.0232580526351399	0.0348870789527098	0	0	48.17391304347826	181.18709015535833	PC
KEGG_2021_Human	Lysine degradation	1/63	0.0310639188209322	0.0372767025851187	0	0	35.71326164874552	123.9860268803296	EZH2
KEGG_2021_Human	Transcriptional misregulation in cancer	1/192	0.0919767065184695	0.0919767065184695	0	0	11.517742873763815	27.483867524973338	BMI1
