Gene_set	Term	Overlap	P-value	Adjusted P-value	Old P-value	Old Adjusted P-value	Odds Ratio	Combined Score	Genes
KEGG_2021_Human	alpha-Linolenic acid metabolism	1/25	0.00249845703747	0.0109633922172527	0	0	832.25	4986.910180131308	PLA2G1B
KEGG_2021_Human	Linoleic acid metabolism	1/29	0.0028979225647398	0.0109633922172527	0	0	713.2142857142857	4167.853938534805	PLA2G1B
KEGG_2021_Human	Fat digestion and absorption	1/43	0.0042954236465038	0.0109633922172527	0	0	475.1428571428572	2589.626019082068	PLA2G1B
KEGG_2021_Human	Ether lipid metabolism	1/49	0.0048940533065941	0.0109633922172527	0	0	415.625	2211.0146190551272	PLA2G1B
KEGG_2021_Human	Arachidonic acid metabolism	1/61	0.0060907734540293	0.0109633922172527	0	0	332.3	1695.055720918224	PLA2G1B
KEGG_2021_Human	Glycerophospholipid metabolism	1/98	0.0097761328288803	0.0130810376192408	0	0	205.16494845360825	949.4646646433812	PLA2G1B
KEGG_2021_Human	Pancreatic secretion	1/102	0.0101741403705206	0.0130810376192408	0	0	197.0	903.8174890313644	PLA2G1B
KEGG_2021_Human	Vascular smooth muscle contraction	1/133	0.0132559877637871	0.0149129862342605	0	0	150.5	650.6575412501744	PLA2G1B
KEGG_2021_Human	Ras signaling pathway	1/232	0.0230658523735157	0.0230658523735157	0	0	85.57142857142857	322.55311463116965	PLA2G1B
