Gene_set	Term	Overlap	P-value	Adjusted P-value	Old P-value	Old Adjusted P-value	Odds Ratio	Combined Score	Genes
KEGG_2021_Human	Mucin type O-glycan biosynthesis	5/36	1.7723663640200177e-12	1.5951297276180158e-11	0	0	804.8387096774194	21777.8936470522	ST6GALNAC1;ST6GALNAC2;B3GNT6;B3GNT3;B4GALT5
KEGG_2021_Human	Glycosphingolipid biosynthesis	2/45	0.00017642278783867052	0.0007939025452740173	0	0	132.54485049833886	1145.5357354354971	B3GNT3;B3GNT2
KEGG_2021_Human	Glycosaminoglycan biosynthesis	1/53	0.0236032527677602	0.0629320530092052	0	0	47.93028846153846	179.56463060223416	B3GNT2
KEGG_2021_Human	Pertussis	1/76	0.0336911821161097	0.0629320530092052	0	0	33.193333333333335	112.54263179248726	C2
KEGG_2021_Human	Complement and coagulation cascades	1/85	0.0376133448283413	0.0629320530092052	0	0	29.623511904761905	97.17686109400611	C2
KEGG_2021_Human	Staphylococcus aureus infection	1/95	0.0419547020061368	0.0629320530092052	0	0	26.45877659574468	83.90514010213967	C2
KEGG_2021_Human	Systemic lupus erythematosus	1/135	0.0591465804838482	0.0727589168028028	0	0	18.52332089552239	52.37907061883519	C2
KEGG_2021_Human	Cell adhesion molecules	1/148	0.0646745927136025	0.0727589168028028	0	0	16.874149659863946	46.20794950585693	SELL
KEGG_2021_Human	Coronavirus disease	1/232	0.0997034064440166	0.0997034064440166	0	0	10.692640692640692	24.65247587044531	C2
