Gene_set	Term	Overlap	P-value	Adjusted P-value	Old P-value	Old Adjusted P-value	Odds Ratio	Combined Score	Genes
KEGG_2021_Human	Glycosaminoglycan biosynthesis	11/53	6.434423014679236e-26	3.2172115073396177e-25	0	0	1044.5809523809523	60591.492917703305	CHPF;CHSY1;CHST11;CHST12;GLCE;XYLT2;XYLT1;B3GALT6;CHSY3;CHST14;B4GALT7
KEGG_2021_Human	Mannose type O-glycan biosynthesis	1/23	0.0182487894189074	0.0296756485807677	0	0	60.49090909090909	242.18482345145705	B3GAT1
KEGG_2021_Human	Glyoxylate and dicarboxylate metabolism	1/30	0.0237405188646141	0.0296756485807677	0	0	45.87356321839081	171.5933676703201	CS
KEGG_2021_Human	Citrate cycle (TCA cycle)	1/30	0.0237405188646141	0.0296756485807677	0	0	45.87356321839081	171.5933676703201	CS
KEGG_2021_Human	Glycosphingolipid biosynthesis	1/45	0.0354116876094494	0.0354116876094494	0	0	30.21212121212121	100.93003681239615	B3GALT1
