Gene_set	Term	Overlap	P-value	Adjusted P-value	Old P-value	Old Adjusted P-value	Odds Ratio	Combined Score	Genes
KEGG_2021_Human	Hematopoietic cell lineage	2/99	0.00035915145937275825	0.0032323631343548	0	0	102.5618556701031	813.4966772432183	CD34;CD22
KEGG_2021_Human	Cell adhesion molecules	2/148	0.0008001158284462061	0.0036005212280079	0	0	67.97260273972603	484.6959126300919	CD34;CD22
KEGG_2021_Human	Ferroptosis	1/41	0.0122385410272356	0.0257679513978168	0	0	99.77	439.3037926149688	PRNP
KEGG_2021_Human	Other types of O-glycan biosynthesis	1/47	0.0140190390147642	0.0257679513978168	0	0	86.7304347826087	370.1081619438501	OGT
KEGG_2021_Human	Amino sugar and nucleotide sugar metabolism	1/48	0.0143155285543427	0.0257679513978168	0	0	84.88085106382978	360.4389302463305	NANP
KEGG_2021_Human	B cell receptor signaling pathway	1/81	0.0240580974265445	0.0360871461398167	0	0	49.785	185.5628164040185	CD22
KEGG_2021_Human	Insulin resistance	1/108	0.0319694869760854	0.0411036261121098	0	0	37.17196261682243	127.98207714314653	OGT
KEGG_2021_Human	Prion disease	1/273	0.0791647822835003	0.0890603800689378	0	0	14.501470588235296	36.77897407511151	PRNP
KEGG_2021_Human	Pathways of neurodegeneration	1/475	0.1343177099257575	0.1343177099257575	0	0	8.236286919831224	16.534735697650028	PRNP
