Gene_set	Pathway	Overlap	P-value	Adjusted P-value	Odds Ratio	Combined Score	Genes
KEGG_2021_Human	Cell adhesion molecules	2/148	0.0136245920729854	0.0953721445108978	13.565068493150685	-18.413416454449223	CD34;PECAM1
KEGG_2021_Human	Malaria	1/50	0.060233261208856796	0.2108164142309988	18.183673469387756	-10.63265628196324	PECAM1
KEGG_2021_Human	Fluid shear stress and atherosclerosis	1/139	0.15942370386618251	0.21391358807496763	6.384863123993559	-3.698840756963446	PECAM1
KEGG_2021_Human	Hematopoietic cell lineage	1/99	0.11607356788707196	0.21391358807496763	9.036281179138323	-5.434068642481248	CD34
KEGG_2021_Human	Hippo signaling pathway	1/163	0.1845058664849509	0.21391358807496763	5.422496570644719	-3.0356632226338247	AFP
KEGG_2021_Human	Leukocyte transendothelial migration	1/114	0.13256015588280526	0.21391358807496763	7.822025565388397	-4.655477238055189	PECAM1
KEGG_2021_Human	Transcriptional misregulation in cancer	1/192	0.21391358807496763	0.21391358807496763	4.5823152995927865	-2.441961042053517	WT1
