Gene_set	Pathway	Overlap	P-value	Adjusted P-value	Odds Ratio	Combined Score	Genes
KEGG_2021_Human	Tyrosine metabolism	2/36	0.00011521974517298824	0.00034565923551896474	236.47058823529412	-134.9604443441239	HGD;HPD
KEGG_2021_Human	Ubiquinone and other terpenoid-quinone biosynthesis	1/11	0.005436784746951506	0.00815517712042726	268.8	-70.33126291234542	HPD
KEGG_2021_Human	Phenylalanine metabolism	1/17	0.008392943162321505	0.008392943162321505	167.875	-51.727946307882625	HPD
