Gene_set	Pathway	Overlap	P-value	Adjusted P-value	Odds Ratio	Combined Score	Genes
KEGG_2021_Human	Arginine and proline metabolism	2/50	0.0016370061401984127	0.006548024560793651	41.770833333333336	-50.1560330081587	GATM;OAT
KEGG_2021_Human	Vitamin B6 metabolism	1/6	0.007406917473262656	0.014813834946525313	179.17777777777778	-56.547204773591496	PDXP
KEGG_2021_Human	Glycine, serine and threonine metabolism	1/40	0.04845467179601247	0.06460622906134995	22.874643874643876	-12.969307291652413	GATM
KEGG_2021_Human	Retinol metabolism	1/68	0.0811045146521906	0.0811045146521906	13.26865671641791	-7.96724592924887	RPE65
