Gene_set	Pathway	Overlap	P-value	Adjusted P-value	Odds Ratio	Combined Score	Genes
KEGG_2021_Human	Tyrosine metabolism	5/36	3.2656709434508076e-10	2.612536754760646e-09	259.258064516129	-507.8673199164365	FAH;GSTZ1;HGD;HPD;TAT
KEGG_2021_Human	Ubiquinone and other terpenoid-quinone biosynthesis	2/11	7.541696728957924e-05	0.00030166786915831697	223.86111111111111	-161.78418475842457	HPD;TAT
KEGG_2021_Human	Phenylalanine metabolism	2/17	0.0001857478026843347	0.0004953274738248926	134.21666666666667	-117.38504686173405	HPD;TAT
KEGG_2021_Human	Phenylalanine, tyrosine and tryptophan biosynthesis	1/6	0.007406917473262656	0.014813834946525313	179.17777777777778	-56.547204773591496	TAT
KEGG_2021_Human	Cysteine and methionine metabolism	1/50	0.060233261208856796	0.0803110149451424	18.183673469387756	-10.63265628196324	TAT
KEGG_2021_Human	Porphyrin and chlorophyll metabolism	1/43	0.052002121863896134	0.0803110149451424	21.232804232804234	-12.171283962486152	ALAD
KEGG_2021_Human	Lysosome	1/128	0.14769739689308778	0.16879702502067176	6.94750656167979	-4.078087345546839	SLC17A5
KEGG_2021_Human	Hippo signaling pathway	1/163	0.1845058664849509	0.1845058664849509	5.422496570644719	-3.0356632226338247	AFP
