Gene_set	Pathway	Overlap	P-value	Adjusted P-value	Odds Ratio	Combined Score	Genes
KEGG_2021_Human	Lysosome	6/128	2.806581391919395e-09	2.5259232527274558e-08	97.69672131147541	-290.9287426236646	ASAH1;CTSA;GAA;GBA;IDS;MAN2B1
KEGG_2021_Human	Other glycan degradation	2/18	0.00020882825738589695	0.0009397271582365363	125.8125	-112.45913199218819	GBA;MAN2B1
KEGG_2021_Human	Sphingolipid metabolism	2/49	0.0015725648721553246	0.004717694616465974	42.66489361702128	-51.011826705781694	ASAH1;GBA
KEGG_2021_Human	Glycosaminoglycan degradation	1/19	0.023286116400967973	0.0506264701277913	49.69135802469136	-23.981021494289497	IDS
KEGG_2021_Human	Renin-angiotensin system	1/23	0.028125816737661832	0.0506264701277913	40.63636363636363	-20.601670877696893	CTSA
KEGG_2021_Human	Galactose metabolism	1/31	0.03774052193970927	0.05619362727638153	29.77037037037037	-16.126223630092912	GAA
KEGG_2021_Human	Starch and sucrose metabolism	1/36	0.043706154548296745	0.05619362727638153	25.501587301587303	-14.206754592243437	GAA
KEGG_2021_Human	Sphingolipid signaling pathway	1/119	0.13799386385009413	0.1552430968313559	7.4858757062146895	-4.435243302362896	ASAH1
KEGG_2021_Human	Neutrophil extracellular trap formation	1/189	0.21091631211370437	0.21091631211370437	4.657210401891253	-2.4954112144854435	CLCN3
