Gene_set	Pathway	Overlap	P-value	Adjusted P-value	Odds Ratio	Combined Score	Genes
KEGG_2021_Human	Peroxisome	10/82	6.598002741450978e-21	2.6392010965803912e-20	inf	-719.4278599064044	ABCD1;ABCD3;AGPS;GNPAT;PEX1;PEX13;PEX14;PEX2;PEX5;PEX7
KEGG_2021_Human	ABC transporters	2/45	0.0013273471832161057	0.0026546943664322114	46.656976744186046	-54.75457721637333	ABCD1;ABCD3
KEGG_2021_Human	Ether lipid metabolism	1/49	0.05906133610748362	0.07874844814331149	18.564814814814813	-10.829316375605623	AGPS
KEGG_2021_Human	Glycerophospholipid metabolism	1/98	0.11496450084552494	0.11496450084552494	9.130584192439862	-5.49346810373269	GNPAT
