Gene_set	Pathway	Overlap	P-value	Adjusted P-value	Odds Ratio	Combined Score	Genes
KEGG_2021_Human	Hedgehog signaling pathway	6/56	1.7328016739904416e-11	1.5595215065913975e-10	240.54	-517.1373401513681	BOC;CDON;IHH;PTCH1;SHH;SMO
KEGG_2021_Human	Axon guidance	4/182	4.708801155471762e-05	0.0001565451171769911	29.55056179775281	-80.18631081942894	BOC;PTCH1;SHH;SMO
KEGG_2021_Human	Basal cell carcinoma	3/63	5.21817057256637e-05	0.0001565451171769911	57.2	-103.63746645388204	PTCH1;SHH;SMO
KEGG_2021_Human	Proteoglycans in cancer	4/205	7.503044944089289e-05	0.000168818511242009	26.092868988391377	-71.58256188469439	IHH;PTCH1;SHH;SMO
KEGG_2021_Human	Pathways in cancer	3/531	0.02393281759639253	0.036747105889947486	6.12012987012987	-11.164029011261546	PTCH1;SHH;SMO
KEGG_2021_Human	Steroid biosynthesis	1/20	0.02449807059329832	0.036747105889947486	47.07017543859649	-23.030592878842292	DHCR7
KEGG_2021_Human	TGF-beta signaling pathway	1/94	0.11051569770952978	0.142091611340824	9.528076463560334	-5.7422174156532195	TGIF1
KEGG_2021_Human	Gastric cancer	1/149	0.16995776547310146	0.19120248615723914	5.945945945945946	-3.3986573195730956	SHH
KEGG_2021_Human	cAMP signaling pathway	1/216	0.23752539179620868	0.23752539179620868	4.058397932816537	-2.065502377074288	PTCH1
