Gene_set	Pathway	Overlap	P-value	Adjusted P-value	Odds Ratio	Combined Score	Genes
KEGG_2021_Human	Hedgehog signaling pathway	6/56	1.7328016739904416e-11	1.5595215065913975e-10	240.54	-517.1373401513681	GLI1;GLI2;GLI3;PTCH1;SHH;SMO
KEGG_2021_Human	Basal cell carcinoma	6/63	3.615346591682112e-11	1.6269059662569505e-10	210.81578947368422	-483.8921864592378	GLI1;GLI2;GLI3;PTCH1;SHH;SMO
KEGG_2021_Human	Pathways in cancer	7/531	5.145953593955757e-07	1.5437860781867272e-06	33.592875318066156	-117.25791336202394	CCDC6;GLI1;GLI2;GLI3;PTCH1;SHH;SMO
KEGG_2021_Human	Axon guidance	3/182	0.0012012854729783365	0.002702892314201257	18.88826815642458	-39.78078503948119	PTCH1;SHH;SMO
KEGG_2021_Human	Proteoglycans in cancer	3/205	0.0016941022902244062	0.0029533475210879894	16.68882602545969	-35.25303962280841	PTCH1;SHH;SMO
KEGG_2021_Human	cAMP signaling pathway	3/216	0.001968898347391993	0.0029533475210879894	15.804828973843058	-33.39161145354852	GLI1;GLI3;PTCH1
KEGG_2021_Human	Thyroid cancer	1/37	0.04489527895199197	0.057722501509703955	24.790123456790123	-13.876145105511855	CCDC6
KEGG_2021_Human	Gastric cancer	1/149	0.16995776547310146	0.1845058664849509	5.945945945945946	-3.3986573195730956	SHH
KEGG_2021_Human	Hippo signaling pathway	1/163	0.1845058664849509	0.1845058664849509	5.422496570644719	-3.0356632226338247	GLI2
