Gene_set	Pathway	Overlap	P-value	Adjusted P-value	Odds Ratio	Combined Score	Genes
KEGG_2021_Human	Ribosome biogenesis in eukaryotes	4/108	5.9656924897832925e-06	5.369123240804964e-05	51.05128205128205	-128.12895940589095	DKC1;GAR1;NHP2;NOP10
KEGG_2021_Human	Gastric cancer	2/149	0.013800829937106646	0.05201713263190993	13.47108843537415	-18.28530462280935	TERC;TERT
KEGG_2021_Human	Hepatocellular carcinoma	2/168	0.01733904421063664	0.05201713263190993	11.900602409638553	-16.11078229535683	TERC;TERT
KEGG_2021_Human	RNA degradation	1/79	0.09365286357020701	0.2107189430329658	11.381766381766381	-6.869579561667118	PARN
KEGG_2021_Human	Pathways in cancer	2/531	0.13679480156092927	0.24623064280967266	3.5628544423440456	-3.410136075895621	TERC;TERT
KEGG_2021_Human	Ribosome	1/158	0.17933667564674954	0.26900501347012434	5.598726114649682	-3.1584773884334933	RPS19
KEGG_2021_Human	Coronavirus disease	1/232	0.25290994493508406	0.2845236880519696	3.7696007696007694	-1.8563524399324505	RPS19
KEGG_2021_Human	Human T-cell leukemia virus 1 infection	1/219	0.24043153000367978	0.2845236880519696	4.001019367991845	-2.0240281738454993	TERT
KEGG_2021_Human	Human papillomavirus infection	1/331	0.3420488957114324	0.3420488957114324	2.6053872053872054	-1.0106876845884132	TERT
