Gene_set	Pathway	Overlap	P-value	Adjusted P-value	Odds Ratio	Combined Score	Genes
KEGG_2021_Human	Olfactory transduction	1/440	0.4290230576444395	0.4290230576444395	1.9309035687167806	-0.5371969940112262	SLC24A4
