Gene_set	Pathway	Overlap	P-value	Adjusted P-value	Odds Ratio	Combined Score	Genes
KEGG_2021_Human	Arrhythmogenic right ventricular cardiomyopathy	2/77	0.0030918036653708133	0.021642625657595695	30.453333333333333	-37.9684552166002	GJA1;PKP2
KEGG_2021_Human	Adrenergic signaling in cardiomyocytes	1/150	0.15530195606034244	0.2174227384844794	6.644295302013423	-3.83196631219636	SCN5A
KEGG_2021_Human	Breast cancer	1/147	0.1524193944085914	0.2174227384844794	6.783390410958904	-3.9247590404335337	HEY2
KEGG_2021_Human	Gap junction	1/88	0.0939231329372484	0.2174227384844794	11.468390804597702	-6.854103626779064	GJA1
KEGG_2021_Human	Notch signaling pathway	1/59	0.06387675028122655	0.2174227384844794	17.26508620689655	-10.065634464838308	HEY2
KEGG_2021_Human	Human papillomavirus infection	1/331	0.3139044377740435	0.3662218440697174	2.931439393939394	-1.2304293532487647	HEY2
KEGG_2021_Human	Pathways in cancer	1/531	0.4578764985830585	0.4578764985830585	1.778066037735849	-0.4293183605389577	HEY2
