Gene_set	Pathway	Overlap	P-value	Adjusted P-value	Odds Ratio	Combined Score	Genes
KEGG_2021_Human	Cytokine-cytokine receptor interaction	6/295	4.18613825458797e-07	3.7675244291291733e-06	40.37543252595156	-139.58751624866832	CLCF1;CNTF;CNTFR;IL6ST;LIFR;TNFRSF8
KEGG_2021_Human	JAK-STAT signaling pathway	4/162	2.979383554686203e-05	0.00013407225996087913	33.37552742616034	-89.36652156273904	CNTF;CNTFR;IL6ST;LIFR
KEGG_2021_Human	Signaling pathways regulating pluripotency of stem cells	2/143	0.01275865818396982	0.03827597455190946	14.054964539007091	-19.077689748676264	IL6ST;LIFR
KEGG_2021_Human	Th17 cell differentiation	1/107	0.1249011740201087	0.22482211323619564	8.345911949685535	-4.994589105830365	IL6ST
KEGG_2021_Human	Viral protein interaction with cytokine and cytokine receptor	1/100	0.11718138394436346	0.22482211323619564	8.94388327721661	-5.375723879218761	IL6ST
KEGG_2021_Human	Coronavirus disease	1/232	0.25290994493508406	0.2845236880519696	3.7696007696007694	-1.8563524399324505	IL6ST
KEGG_2021_Human	Kaposi sarcoma-associated herpesvirus infection	1/193	0.21491040066934372	0.2845236880519696	4.55787037037037	-2.4244944960200487	IL6ST
KEGG_2021_Human	Viral carcinogenesis	1/203	0.22481613944093093	0.2845236880519696	4.326732673267327	-2.2588473265567357	IL6ST
KEGG_2021_Human	Pathways in cancer	1/531	0.4935522426966286	0.4935522426966286	1.580293501048218	-0.3089273055464	IL6ST
