Gene_set	Pathway	Overlap	P-value	Adjusted P-value	Odds Ratio	Combined Score	Genes
KEGG_2021_Human	Porphyrin and chlorophyll metabolism	4/43	1.4282385338308892e-07	5.712954135323557e-07	137.24786324786325	-270.484873589769	ALAS1;ALAS2;FECH;FXN
KEGG_2021_Human	Glycine, serine and threonine metabolism	2/40	0.0010492500396798417	0.0020985000793596834	52.828947368421055	-60.309801434582354	ALAS1;ALAS2
KEGG_2021_Human	ABC transporters	1/45	0.05436047130022726	0.07248062840030302	20.262626262626263	-11.690056551619103	ABCB7
KEGG_2021_Human	Aminoacyl-tRNA biosynthesis	1/66	0.07880627134542659	0.07880627134542659	13.68034188034188	-8.200693724608003	QRSL1
