Gene_set	Pathway	Overlap	P-value	Adjusted P-value	Odds Ratio	Combined Score	Genes
KEGG_2021_Human	Maturity onset diabetes of the young	1/26	0.02547165550742209	0.09364318975674878	45.97142857142857	-22.328928543662283	PAX6
KEGG_2021_Human	Tyrosine metabolism	1/36	0.03511619615878079	0.09364318975674878	32.795918367346935	-17.150415182928356	TYR
KEGG_2021_Human	cAMP signaling pathway	2/216	0.017918703621050375	0.09364318975674878	12.236760124610592	-15.750284019404734	CNGA3;CNGB3
KEGG_2021_Human	Hippo signaling pathway	1/163	0.15053489642004905	0.1720398816229132	6.973544973544974	-3.9943706552160254	CRB1
KEGG_2021_Human	Melanogenesis	1/101	0.09579506299919593	0.1720398816229132	11.385714285714286	-6.71955969779086	TYR
KEGG_2021_Human	Purine metabolism	1/129	0.12088692289486735	0.1720398816229132	8.863839285714286	-5.200123947640444	PDE6C
KEGG_2021_Human	Signaling pathways regulating pluripotency of stem cells	1/143	0.1332027745912543	0.1720398816229132	7.9758551307847085	-4.641420213748451	PAX6
KEGG_2021_Human	Olfactory transduction	1/440	0.3612665390016602	0.3612665390016602	2.483241132443866	-0.8953825362542783	CNGA3
