Gene_set	Pathway	Overlap	P-value	Adjusted P-value	Odds Ratio	Combined Score	Genes
KEGG_2021_Human	Vitamin digestion and absorption	3/24	2.728085650310553e-06	1.9096599552173873e-05	164.22448979591837	-221.2309929967242	BTD;SLC19A2;SLC19A3
KEGG_2021_Human	Citrate cycle (TCA cycle)	1/30	0.03654338399736008	0.060233261208856796	30.800766283524904	-16.574318247175444	SUCLG1
KEGG_2021_Human	Cysteine and methionine metabolism	1/50	0.060233261208856796	0.060233261208856796	18.183673469387756	-10.63265628196324	CBS
KEGG_2021_Human	Fat digestion and absorption	1/43	0.052002121863896134	0.060233261208856796	21.232804232804234	-12.171283962486152	MTTP
KEGG_2021_Human	Glycine, serine and threonine metabolism	1/40	0.04845467179601247	0.060233261208856796	22.874643874643876	-12.969307291652413	CBS
KEGG_2021_Human	Propanoate metabolism	1/34	0.0413239076062458	0.060233261208856796	27.053872053872055	-14.917083251918774	SUCLG1
KEGG_2021_Human	Thiamine metabolism	1/15	0.01842473636340403	0.060233261208856796	63.92063492063492	-28.808887511832083	TPK1
