Gene_set	Pathway	Overlap	P-value	Adjusted P-value	Odds Ratio	Combined Score	Genes
KEGG_2021_Human	Cell cycle	3/124	0.0003915863175160221	0.0019579315875801104	28.14757969303424	-57.47285652579811	BUB1;BUB1B;BUB3
KEGG_2021_Human	Human T-cell leukemia virus 1 infection	2/219	0.028526440921903908	0.07131610230475977	9.044930875576037	-11.980722307867735	BUB1B;BUB3
KEGG_2021_Human	Nucleotide excision repair	1/47	0.05671353920929476	0.09452256534882461	19.3768115942029	-11.24402387762608	CETN2
KEGG_2021_Human	Progesterone-mediated oocyte maturation	1/100	0.11718138394436346	0.14647672993045432	8.94388327721661	-5.375723879218761	BUB1
KEGG_2021_Human	Oocyte meiosis	1/129	0.1487694756391342	0.1487694756391342	6.892361111111111	-4.041189892105298	BUB1
