Gene_set	Pathway	Overlap	P-value	Adjusted P-value	Odds Ratio	Combined Score	Genes
KEGG_2021_Human	Asthma	1/31	0.01147004062631078	0.02294008125262156	134.08333333333334	-41.246302125191754	RNASE3
KEGG_2021_Human	Neuroactive ligand-receptor interaction	1/341	0.12138394683692294	0.12138394683692294	11.375	-5.288851584996375	TAC1
