Gene_set	Pathway	Overlap	P-value	Adjusted P-value	Odds Ratio	Combined Score	Genes
KEGG_2021_Human	Glycosaminoglycan biosynthesis	5/53	2.46404908941574e-09	9.85619635766296e-09	167.08333333333334	-382.5445924903994	B3GALT6;B4GALT7;CHST14;DSE;UST
KEGG_2021_Human	Progesterone-mediated oocyte maturation	1/100	0.11718138394436346	0.23436276788872693	8.94388327721661	-5.375723879218761	KIF22
KEGG_2021_Human	Ribosome	1/158	0.17933667564674954	0.2391155675289994	5.598726114649682	-3.1584773884334933	RPL13
KEGG_2021_Human	Coronavirus disease	1/232	0.25290994493508406	0.25290994493508406	3.7696007696007694	-1.8563524399324505	RPL13
