Gene_set	Pathway	Overlap	P-value	Adjusted P-value	Odds Ratio	Combined Score	Genes
KEGG_2021_Human	Signaling pathways regulating pluripotency of stem cells	2/143	0.01275865818396982	0.11482792365572839	14.054964539007091	-19.077689748676264	NODAL;ZIC3
KEGG_2021_Human	Arrhythmogenic right ventricular cardiomyopathy	1/77	0.09138288226635771	0.24866031984644202	11.68421052631579	-7.04872976578505	GJA1
KEGG_2021_Human	Gap junction	1/88	0.10380474953181053	0.24866031984644202	10.192848020434228	-6.152535327455873	GJA1
KEGG_2021_Human	TGF-beta signaling pathway	1/94	0.11051569770952978	0.24866031984644202	9.528076463560334	-5.7422174156532195	NODAL
KEGG_2021_Human	Platelet activation	1/124	0.14339691916847833	0.258114454503261	7.177055103884372	-4.231046804704064	STIM1
KEGG_2021_Human	Ribosome	1/158	0.17933667564674954	0.26900501347012434	5.598726114649682	-3.1584773884334933	RPSA
KEGG_2021_Human	Calcium signaling pathway	1/240	0.2604969587424048	0.2930590785852054	3.6397024639702464	-1.7619943041292825	STIM1
KEGG_2021_Human	Coronavirus disease	1/232	0.25290994493508406	0.2930590785852054	3.7696007696007694	-1.8563524399324505	RPSA
KEGG_2021_Human	Cytokine-cytokine receptor interaction	1/295	0.310808292768788	0.310808292768788	2.9380196523053668	-1.2513063817932166	NODAL
