Gene_set	Pathway	Overlap	P-value	Adjusted P-value	Odds Ratio	Combined Score	Genes
KEGG_2021_Human	Parkinson disease	4/249	0.00015985480003693624	0.0007992740001846811	21.287074829931974	-59.07439560833883	LRRK2;MAPT;SNCA;SNCAIP
KEGG_2021_Human	Pathways of neurodegeneration	4/475	0.0018650609703256306	0.0046626524258140765	10.753007784854919	-28.8390927430974	LRRK2;MAPT;SNCA;SNCAIP
KEGG_2021_Human	Ubiquinone and other terpenoid-quinone biosynthesis	1/11	0.013541590343097373	0.02256931723849562	89.53333333333333	-36.40897081279812	COQ2
KEGG_2021_Human	Alzheimer disease	2/369	0.07347088540357372	0.09183860675446714	5.2459128065395095	-6.1057863985118	MAPT;SNCA
KEGG_2021_Human	MAPK signaling pathway	1/294	0.3099217585428667	0.3099217585428667	2.9484262419416005	-1.2588658824557653	MAPT
