Gene_set	Pathway	Overlap	P-value	Adjusted P-value	Odds Ratio	Combined Score	Genes
KEGG_2021_Human	ABC transporters	1/45	0.05436047130022726	0.21744188520090904	20.262626262626263	-11.690056551619103	ABCA4
KEGG_2021_Human	Phototransduction	1/28	0.034145086039632476	0.21744188520090904	33.09053497942387	-17.550803279788266	GUCY2D
KEGG_2021_Human	Cell adhesion molecules	1/148	0.16890973234869874	0.3378194646973975	5.987150415721844	-3.427000500776257	CDH3
KEGG_2021_Human	Purine metabolism	1/129	0.1487694756391342	0.3378194646973975	6.892361111111111	-4.041189892105298	GUCY2D
KEGG_2021_Human	Transcriptional misregulation in cancer	1/192	0.21391358807496763	0.3422617409199482	4.5823152995927865	-2.441961042053517	PROM1
KEGG_2021_Human	Amyotrophic lateral sclerosis	1/364	0.3695602254440061	0.45466905008847364	2.3584328129782675	-0.8341701676241932	PRPH
KEGG_2021_Human	Olfactory transduction	1/440	0.4290230576444395	0.45466905008847364	1.9309035687167806	-0.5371969940112262	GUCY2D
KEGG_2021_Human	Pathways of neurodegeneration	1/475	0.45466905008847364	0.45466905008847364	1.7801218940459447	-0.4367315309409891	PRPH
