Gene_set	Pathway	Overlap	P-value	Adjusted P-value	Odds Ratio	Combined Score	Genes
KEGG_2021_Human	Glycosaminoglycan biosynthesis	4/53	3.3687366935501273e-07	2.694989354840102e-06	109.10204081632654	-229.7969039626861	B3GALT6;CHST14;DSE;UST
KEGG_2021_Human	ECM-receptor interaction	1/88	0.10380474953181053	0.3213262366654453	10.192848020434228	-6.152535327455873	COL2A1
KEGG_2021_Human	Protein digestion and absorption	1/103	0.12049733874954198	0.3213262366654453	8.677559912854031	-5.2067399522157665	COL2A1
KEGG_2021_Human	Coronavirus disease	1/232	0.25290994493508406	0.3372132599134454	3.7696007696007694	-1.8563524399324505	RPL13
KEGG_2021_Human	Focal adhesion	1/201	0.22284403856827387	0.3372132599134454	4.371111111111111	-2.2907190203417165	COL2A1
KEGG_2021_Human	Ribosome	1/158	0.17933667564674954	0.3372132599134454	5.598726114649682	-3.1584773884334933	RPL13
KEGG_2021_Human	Human papillomavirus infection	1/331	0.3420488957114324	0.36133488698431165	2.6053872053872054	-1.0106876845884132	COL2A1
KEGG_2021_Human	PI3K-Akt signaling pathway	1/354	0.36133488698431165	0.36133488698431165	2.4283915643689014	-0.883914601009246	COL2A1
