Gene_set	Pathway	Overlap	P-value	Adjusted P-value	Odds Ratio	Combined Score	Genes
KEGG_2021_Human	Bile secretion	3/90	0.0001516751254259338	0.0013650761288334045	39.31527093596059	-76.57130704398227	ABCB11;ABCB4;NR1H4
KEGG_2021_Human	ABC transporters	2/45	0.0013273471832161057	0.005973062324472476	46.656976744186046	-54.75457721637333	ABCB11;ABCB4
KEGG_2021_Human	Taurine and hypotaurine metabolism	1/11	0.013541590343097373	0.04062477102929212	89.53333333333333	-36.40897081279812	GGT1
KEGG_2021_Human	Arachidonic acid metabolism	1/61	0.073038012879974	0.109557019319961	14.829629629629629	-8.841826114974799	GGT1
KEGG_2021_Human	Cholesterol metabolism	1/50	0.060233261208856796	0.109557019319961	18.183673469387756	-10.63265628196324	ABCB11
KEGG_2021_Human	Glutathione metabolism	1/57	0.06840002327828267	0.109557019319961	15.896825396825397	-9.424000900813787	GGT1
KEGG_2021_Human	Huntington disease	1/306	0.32049274018188956	0.41206209451957226	2.8280510018214935	-1.1715156192121785	DNAH8
KEGG_2021_Human	Amyotrophic lateral sclerosis	1/364	0.3695602254440061	0.4157552536245069	2.3584328129782675	-0.8341701676241932	DNAH8
KEGG_2021_Human	Pathways of neurodegeneration	1/475	0.45466905008847364	0.45466905008847364	1.7801218940459447	-0.4367315309409891	DNAH8
