Gene_set	Pathway	Overlap	P-value	Adjusted P-value	Odds Ratio	Combined Score	Genes
KEGG_2021_Human	Regulation of actin cytoskeleton	3/218	0.002021695627261211	0.0181952606453509	15.653820598006645	-33.071130509937596	DIAPH1;DIAPH2;DIAPH3
KEGG_2021_Human	AGE-RAGE signaling pathway in diabetic complications	1/100	0.11718138394436346	0.21716965587689838	8.94388327721661	-5.375723879218761	DIAPH1
KEGG_2021_Human	Glutamatergic synapse	1/114	0.13256015588280526	0.21716965587689838	7.822025565388397	-4.655477238055189	SLC17A8
KEGG_2021_Human	Nicotine addiction	1/40	0.04845467179601247	0.21716965587689838	22.874643874643876	-12.969307291652413	SLC17A8
KEGG_2021_Human	Retrograde endocannabinoid signaling	1/148	0.16890973234869874	0.21716965587689838	5.987150415721844	-3.427000500776257	SLC17A8
KEGG_2021_Human	Spinocerebellar ataxia	1/143	0.163651680714637	0.21716965587689838	6.2018779342723	-3.57415842622014	OPA1
KEGG_2021_Human	Synaptic vesicle cycle	1/78	0.09251851170984433	0.21716965587689838	11.531024531024531	-6.958150954500108	SLC17A8
KEGG_2021_Human	Focal adhesion	1/201	0.22284403856827387	0.2506995433893081	4.371111111111111	-2.2907190203417165	DIAPH1
KEGG_2021_Human	Shigellosis	1/246	0.26614163456811335	0.26614163456811335	3.547845804988662	-1.6951894904190261	DIAPH1
