Gene_set	Pathway	Overlap	P-value	Adjusted P-value	Odds Ratio	Combined Score	Genes
KEGG_2021_Human	Signaling pathways regulating pluripotency of stem cells	2/143	0.01275865818396982	0.06379329091984909	14.054964539007091	-19.077689748676264	JARID2;KAT6A
KEGG_2021_Human	Alcoholism	1/186	0.20790875456503763	0.28102017430116366	4.734534534534535	-2.5504914662503393	HDAC6
KEGG_2021_Human	Neutrophil extracellular trap formation	1/189	0.21091631211370437	0.28102017430116366	4.657210401891253	-2.4954112144854435	HDAC6
KEGG_2021_Human	Viral carcinogenesis	1/203	0.22481613944093093	0.28102017430116366	4.326732673267327	-2.2588473265567357	HDAC6
KEGG_2021_Human	Amyotrophic lateral sclerosis	1/364	0.3695602254440061	0.3695602254440061	2.3584328129782675	-0.8341701676241932	HDAC6
