Gene_set	Pathway	Overlap	P-value	Adjusted P-value	Odds Ratio	Combined Score	Genes
KEGG_2021_Human	RNA degradation	2/79	0.004039066601554195	0.020195333007770974	25.944805194805195	-33.71012652726606	CNOT2;CNOT3
KEGG_2021_Human	Hepatocellular carcinoma	2/168	0.01733904421063664	0.0433476105265916	11.900602409638553	-16.11078229535683	ARID1B;SMARCA2
KEGG_2021_Human	Thermogenesis	2/232	0.03174764714886429	0.05291274524810716	8.519565217391305	-11.194266119915625	ARID1B;SMARCA2
KEGG_2021_Human	TGF-beta signaling pathway	1/94	0.11051569770952978	0.13814462213691223	9.528076463560334	-5.7422174156532195	SMAD6
KEGG_2021_Human	Transcriptional misregulation in cancer	1/192	0.21391358807496763	0.21391358807496763	4.5823152995927865	-2.441961042053517	BCL11B
