Gene_set	Term	Overlap	P-value	Adjusted P-value	Old P-value	Old Adjusted P-value	Odds Ratio	Combined Score	Genes
KEGG_2021_Human	Hippo signaling pathway	7/163	7.447511352267812e-14	6.702760217041032e-13	0	0	445.0160256410256	13452.082988609818	YAP1;LATS1;MOB1A;RASSF1;WWC1;NF2;SAV1
KEGG_2021_Human	Bladder cancer	1/41	0.0183029177773926	0.0823631299982667	0	0	62.346875	249.43081801374976	RASSF1
KEGG_2021_Human	Non-small cell lung cancer	1/72	0.0319434429318554	0.0958303287955662	0	0	35.070422535211264	120.77511249569656	RASSF1
KEGG_2021_Human	Glycerophospholipid metabolism	1/98	0.0432537102642524	0.0973208480945681	0	0	25.63659793814433	80.51615205757753	TAZ
KEGG_2021_Human	Tight junction	1/169	0.0735434891510485	0.1323782804718874	0	0	14.749255952380953	38.49376391575459	NF2
KEGG_2021_Human	Ras signaling pathway	1/232	0.0997034064440166	0.1324001120944757	0	0	10.692640692640692	24.65247587044531	RASSF1
KEGG_2021_Human	Calcium signaling pathway	1/240	0.10297786496237	0.1324001120944757	0	0	10.330543933054392	23.483818263944816	MST1
KEGG_2021_Human	MicroRNAs in cancer	1/310	0.1311809191989758	0.1475785340988478	0	0	7.961974110032362	16.172185422589365	RASSF1
KEGG_2021_Human	Pathways in cancer	1/531	0.2151227241838793	0.2151227241838793	0	0	4.589858490566038	7.0525314744408165	RASSF1
