Gene_set	Pathway	Overlap	P-value	Adjusted P-value	Odds Ratio	Combined Score	Genes
KEGG_2021_Human	Folate biosynthesis	5/26	5.727715920610542e-11	2.863857960305271e-10	383.1904761904762	-626.4150776934122	GCH1;PAH;PCBD1;PTS;QDPR
KEGG_2021_Human	Phenylalanine, tyrosine and tryptophan biosynthesis	1/6	0.007406917473262656	0.01851729368315664	179.17777777777778	-56.547204773591496	PAH
KEGG_2021_Human	Phenylalanine metabolism	1/17	0.020858141730383632	0.03476356955063939	55.916666666666664	-26.157848827787358	PAH
KEGG_2021_Human	Central carbon metabolism in cancer	1/70	0.08339759626885078	0.10424699533606346	12.880837359098228	-7.74542097629872	SLC7A5
KEGG_2021_Human	mTOR signaling pathway	1/154	0.17518011116339122	0.17518011116339122	5.74800290486565	-3.2620286219941206	SLC7A5
