Gene_set	Pathway	Overlap	P-value	Adjusted P-value	Odds Ratio	Combined Score	Genes
KEGG_2021_Human	Glyoxylate and dicarboxylate metabolism	3/30	5.451005352982072e-06	2.1804021411928288e-05	127.63492063492063	-186.78601675178888	AMT;GCSH;GLDC
KEGG_2021_Human	Glycine, serine and threonine metabolism	3/40	1.3178866798598935e-05	2.635773359719787e-05	93.02316602316603	-149.44490168152666	AMT;GCSH;GLDC
KEGG_2021_Human	Synaptic vesicle cycle	2/78	0.003939415117888246	0.005252553490517661	26.289473684210527	-34.099339569929285	SLC6A5;SLC6A9
KEGG_2021_Human	One carbon pool by folate	1/20	0.02449807059329832	0.02449807059329832	47.07017543859649	-23.030592878842292	AMT
