Gene_set	Pathway	Overlap	P-value	Adjusted P-value	Odds Ratio	Combined Score	Genes
KEGG_2021_Human	Glycosaminoglycan degradation	6/19	1.4710150887147442e-14	1.029710562100321e-13	929.4230769230769	-898.8493383890844	ARSB;GNS;HGSNAT;IDS;NAGLU;SGSH
KEGG_2021_Human	Lysosome	8/128	1.3979667301701514e-13	4.892883555595531e-13	264.93333333333334	-457.4549917212001	ARSB;GNS;HGSNAT;IDS;IGF2R;LAMP1;NAGLU;SGSH
KEGG_2021_Human	Alcoholism	2/186	0.02101420724688098	0.04903315024272229	10.71195652173913	-14.420538364521844	SLC29A1;SLC29A2
KEGG_2021_Human	Autophagy	1/137	0.15730251033809037	0.23550644748013408	6.480392156862745	-3.763669230249352	LAMP1
KEGG_2021_Human	Phagosome	1/152	0.17309473207732412	0.23550644748013408	5.82560706401766	-3.3156870475343334	LAMP1
KEGG_2021_Human	Tuberculosis	1/180	0.20186266926868635	0.23550644748013408	4.896958410924891	-2.6658400097237527	LAMP1
KEGG_2021_Human	Endocytosis	1/252	0.27174750318495006	0.27174750318495006	3.4603806994245243	-1.6315316807371463	IGF2R
