Gene_set	Pathway	Overlap	P-value	Adjusted P-value	Odds Ratio	Combined Score	Genes
KEGG_2021_Human	Porphyrin and chlorophyll metabolism	8/43	1.4449287810098832e-17	5.779715124039533e-17	918.0571428571428	-795.6554688647358	ALAD;ALAS1;CPOX;FECH;HMBS;PPOX;UROD;UROS
KEGG_2021_Human	Glycine, serine and threonine metabolism	1/40	0.04845467179601247	0.09690934359202494	22.874643874643876	-12.969307291652413	ALAS1
KEGG_2021_Human	Cushing syndrome	1/155	0.17622102470306392	0.2349613662707519	5.70995670995671	-3.235678410841787	AIP
KEGG_2021_Human	Chemical carcinogenesis	1/239	0.2595523897792453	0.2595523897792453	3.6554621848739495	-1.7734497985532327	AIP
