Gene_set	Pathway	Overlap	P-value	Adjusted P-value	Odds Ratio	Combined Score	Genes
KEGG_2021_Human	Ribosome biogenesis in eukaryotes	3/108	0.00026049631963660937	0.0018234742374562656	32.50204081632653	-65.16806085544759	DKC1;NHP2;NOP10
KEGG_2021_Human	Gastric cancer	2/149	0.013800829937106646	0.04045776982481883	13.47108843537415	-18.28530462280935	TERC;TERT
KEGG_2021_Human	Hepatocellular carcinoma	2/168	0.01733904421063664	0.04045776982481883	11.900602409638553	-16.11078229535683	TERC;TERT
KEGG_2021_Human	RNA degradation	1/79	0.09365286357020701	0.16389251124786228	11.381766381766381	-6.869579561667118	PARN
KEGG_2021_Human	Pathways in cancer	2/531	0.13679480156092927	0.19151272218530097	3.5628544423440456	-3.410136075895621	TERC;TERT
KEGG_2021_Human	Human T-cell leukemia virus 1 infection	1/219	0.24043153000367978	0.28050345167095975	4.001019367991845	-2.0240281738454993	TERT
KEGG_2021_Human	Human papillomavirus infection	1/331	0.3420488957114324	0.3420488957114324	2.6053872053872054	-1.0106876845884132	TERT
