Gene_set	Pathway	Overlap	P-value	Adjusted P-value	Odds Ratio	Combined Score	Genes
KEGG_2021_Human	Staphylococcus aureus infection	3/95	0.0001781206903514478	0.000890603451757239	37.15527950310559	-73.03297766135067	DSG1;KRT16;KRT9
KEGG_2021_Human	Estrogen signaling pathway	2/137	0.011753397776716717	0.029383494441791794	14.690740740740742	-19.931093924152265	KRT16;KRT9
KEGG_2021_Human	Arrhythmogenic right ventricular cardiomyopathy	1/77	0.09138288226635771	0.13675044611451337	11.68421052631579	-7.04872976578505	DSP
KEGG_2021_Human	Salivary secretion	1/93	0.1094003568916107	0.13675044611451337	9.632850241545894	-5.8073541800756905	AQP5
KEGG_2021_Human	Neuroactive ligand-receptor interaction	1/341	0.3504975915199974	0.3504975915199974	2.5254901960784313	-0.9533164047874388	SLURP1
