Gene_set	Pathway	Overlap	P-value	Adjusted P-value	Odds Ratio	Combined Score	Genes
KEGG_2021_Human	ABC transporters	1/45	0.05436047130022726	0.2446221208510227	20.262626262626263	-11.690056551619103	ABCB4
KEGG_2021_Human	Cytokine-cytokine receptor interaction	2/295	0.04928069612200721	0.2446221208510227	6.6339590443686	-8.300944532041967	GDF3;GDF6
KEGG_2021_Human	Bile secretion	1/90	0.10604677818396174	0.24866031984644202	9.961298377028713	-6.010407578745034	ABCB4
KEGG_2021_Human	TGF-beta signaling pathway	1/94	0.11051569770952978	0.24866031984644202	9.528076463560334	-5.7422174156532195	GDF6
KEGG_2021_Human	Hippo signaling pathway	1/163	0.1845058664849509	0.28138994528038275	5.422496570644719	-3.0356632226338247	GDF6
KEGG_2021_Human	Wnt signaling pathway	1/166	0.1875932968535885	0.28138994528038275	5.321885521885521	-2.9652743858654524	VANGL1
KEGG_2021_Human	Pathogenic Escherichia coli infection	1/197	0.21888628489075546	0.2814252234309713	4.462585034013605	-2.3563138595912863	NCL
KEGG_2021_Human	Ras signaling pathway	1/232	0.25290994493508406	0.2845236880519696	3.7696007696007694	-1.8563524399324505	NF1
KEGG_2021_Human	MAPK signaling pathway	1/294	0.3099217585428667	0.3099217585428667	2.9484262419416005	-1.2588658824557653	NF1
