Gene_set	Pathway	Overlap	P-value	Adjusted P-value	Odds Ratio	Combined Score	Genes
KEGG_2021_Human	Biosynthesis of unsaturated fatty acids	1/27	0.03294392335593595	0.11530373174577582	34.36752136752137	-18.084430415617646	ELOVL4
KEGG_2021_Human	Fatty acid elongation	1/27	0.03294392335593595	0.11530373174577582	34.36752136752137	-18.084430415617646	ELOVL4
KEGG_2021_Human	ABC transporters	1/45	0.05436047130022726	0.12684109970053029	20.262626262626263	-11.690056551619103	ABCA4
KEGG_2021_Human	Axon guidance	1/182	0.2038826300760579	0.21391358807496763	4.841620626151013	-2.6265948500338347	PLXNA2
KEGG_2021_Human	Cell adhesion molecules	1/148	0.16890973234869874	0.21391358807496763	5.987150415721844	-3.427000500776257	CDH3
KEGG_2021_Human	Hippo signaling pathway	1/163	0.1845058664849509	0.21391358807496763	5.422496570644719	-3.0356632226338247	CRB1
KEGG_2021_Human	Transcriptional misregulation in cancer	1/192	0.21391358807496763	0.21391358807496763	4.5823152995927865	-2.441961042053517	PROM1
