Gene_set	Pathway	Overlap	P-value	Adjusted P-value	Odds Ratio	Combined Score	Genes
KEGG_2021_Human	Aldosterone-regulated sodium reabsorption	1/37	0.04489527895199197	0.11972074387197858	24.790123456790123	-13.876145105511855	NR3C2
KEGG_2021_Human	Endocytosis	2/252	0.036977605273484586	0.11972074387197858	7.818	-10.130623353400585	EHD1;GRK5
KEGG_2021_Human	Nitrogen metabolism	1/17	0.020858141730383632	0.11972074387197858	55.916666666666664	-26.157848827787358	CA8
KEGG_2021_Human	Morphine addiction	1/91	0.10716589839154317	0.21433179678308634	9.849382716049382	-5.941411487992241	GRK5
KEGG_2021_Human	Spinocerebellar ataxia	1/143	0.163651680714637	0.26184268914341924	6.2018779342723	-3.57415842622014	VLDLR
KEGG_2021_Human	Chemokine signaling pathway	1/192	0.21391358807496763	0.27034795156625707	4.5823152995927865	-2.441961042053517	GRK5
KEGG_2021_Human	Lipid and atherosclerosis	1/215	0.23655445762047492	0.27034795156625707	4.077881619937695	-2.079575623138921	VLDLR
KEGG_2021_Human	Neuroactive ligand-receptor interaction	1/341	0.3504975915199974	0.3504975915199974	2.5254901960784313	-0.9533164047874388	NR3C1
