Gene_set	Pathway	Overlap	P-value	Adjusted P-value	Odds Ratio	Combined Score	Genes
KEGG_2021_Human	Porphyrin and chlorophyll metabolism	7/43	8.603991572313302e-15	6.022794100619311e-14	520.5925925925926	-695.5297339278019	ALAD;ALAS1;ALAS2;FECH;HMBS;UROD;UROS
KEGG_2021_Human	Glycine, serine and threonine metabolism	2/40	0.0010492500396798417	0.003672375138879446	52.828947368421055	-60.309801434582354	ALAS1;ALAS2
KEGG_2021_Human	Aminoacyl-tRNA biosynthesis	1/66	0.07880627134542659	0.18388129980599538	13.68034188034188	-8.200693724608003	QRSL1
KEGG_2021_Human	Cellular senescence	1/156	0.17726075583432344	0.19067020323006928	5.672401433691756	-3.209640069203435	GATA4
KEGG_2021_Human	Thyroid hormone signaling pathway	1/121	0.14015875566728583	0.19067020323006928	7.359259259259259	-4.351741094826131	GATA4
KEGG_2021_Human	Tight junction	1/169	0.19067020323006928	0.19067020323006928	5.224867724867725	-2.8972129419331236	GATA4
KEGG_2021_Human	cGMP-PKG signaling pathway	1/167	0.1886201000678787	0.19067020323006928	5.289156626506024	-2.942334294710352	GATA4
