Gene_set	Pathway	Overlap	P-value	Adjusted P-value	Odds Ratio	Combined Score	Genes
KEGG_2021_Human	Lysosome	5/128	4.98056568015527e-08	4.4825091121397437e-07	107.6829268292683	-232.0730065841338	CLN3;CLN5;CTSD;PPT1;TPP1
KEGG_2021_Human	Fatty acid elongation	1/27	0.02643989032559654	0.11897950646518443	44.1978021978022	-21.668095730953382	PPT1
KEGG_2021_Human	Apoptosis	1/142	0.1323281053426077	0.18429170254927854	8.033434650455927	-4.678053096257015	CTSD
KEGG_2021_Human	Autophagy	1/137	0.1279431645772546	0.18429170254927854	8.334033613445378	-4.86837563420875	CTSD
KEGG_2021_Human	Diabetic cardiomyopathy	1/203	0.18429170254927854	0.18429170254927854	5.564356435643564	-3.0535357659228826	CTSD
KEGG_2021_Human	Estrogen signaling pathway	1/137	0.1279431645772546	0.18429170254927854	8.334033613445378	-4.86837563420875	CTSD
KEGG_2021_Human	Protein processing in endoplasmic reticulum	1/171	0.15738236543166312	0.18429170254927854	6.638655462184874	-3.774130121064324	DNAJC5
KEGG_2021_Human	Sphingolipid signaling pathway	1/119	0.11199640207227962	0.18429170254927854	9.627118644067796	-5.670082365155808	CTSD
KEGG_2021_Human	Tuberculosis	1/180	0.16502799405945182	0.18429170254927854	6.297685554668795	-3.547756177610418	CTSD
