Gene_set	Pathway	Overlap	P-value	Adjusted P-value	Odds Ratio	Combined Score	Genes
KEGG_2021_Human	Lysosome	2/128	0.010315791052910547	0.061894746317463285	15.757936507936508	-21.342408086189614	LAPTM4B;NPC1
KEGG_2021_Human	Arginine and proline metabolism	1/50	0.060233261208856796	0.0903498918132852	18.183673469387756	-10.63265628196324	PYCR1
KEGG_2021_Human	Cholesterol metabolism	1/50	0.060233261208856796	0.0903498918132852	18.183673469387756	-10.63265628196324	NPC1
KEGG_2021_Human	Circadian rhythm	1/31	0.03774052193970927	0.0903498918132852	29.77037037037037	-16.126223630092912	NPAS2
KEGG_2021_Human	Pancreatic secretion	1/102	0.11939326812281527	0.14327192174737832	8.764576457645765	-5.262086311101535	RAB27B
KEGG_2021_Human	MicroRNAs in cancer	1/310	0.3239838755949599	0.3239838755949599	2.7900035958288387	-1.143955577607994	MIR625
