Gene_set	Pathway	Overlap	P-value	Adjusted P-value	Odds Ratio	Combined Score	Genes
KEGG_2021_Human	Lysine degradation	3/63	5.21817057256637e-05	0.00036527194007964593	57.2	-103.63746645388204	AASS;DLST;GCDH
KEGG_2021_Human	Citrate cycle (TCA cycle)	2/30	0.0005890383323778795	0.0020616341633225782	71.78571428571429	-75.93290601172647	DLST;OGDH
KEGG_2021_Human	Fatty acid degradation	2/43	0.0012123028259538784	0.002121529945419287	48.94512195121951	-56.84526782917664	ACADM;GCDH
KEGG_2021_Human	Tryptophan metabolism	2/42	0.0011566808072543669	0.002121529945419287	50.175	-57.95352918467438	DLST;GCDH
KEGG_2021_Human	Arginine and proline metabolism	1/50	0.060233261208856796	0.0702721380769996	18.183673469387756	-10.63265628196324	AZIN2
KEGG_2021_Human	Valine, leucine and isoleucine degradation	1/48	0.05788809587819119	0.0702721380769996	18.962174940898347	-11.032973182262484	ACADM
KEGG_2021_Human	PPAR signaling pathway	1/74	0.0879683156429337	0.0879683156429337	12.168949771689498	-7.333238410134627	ACADM
