Gene_set	Pathway	Overlap	P-value	Adjusted P-value	Odds Ratio	Combined Score	Genes
KEGG_2021_Human	Lysosome	7/128	2.454494125452052e-11	1.9635953003616416e-10	153.2479338842975	-395.3369894381918	CLN3;CTSA;GAA;GM2A;IDS;NEU1;SLC17A5
KEGG_2021_Human	Glycosaminoglycan degradation	1/19	0.023286116400967973	0.056251633475323665	49.69135802469136	-23.981021494289497	IDS
KEGG_2021_Human	Other glycan degradation	1/18	0.022072807228795267	0.056251633475323665	52.62091503267974	-25.018935329511017	NEU1
KEGG_2021_Human	Renin-angiotensin system	1/23	0.028125816737661832	0.056251633475323665	40.63636363636363	-20.601670877696893	CTSA
KEGG_2021_Human	Galactose metabolism	1/31	0.03774052193970927	0.05827487273106233	29.77037037037037	-16.126223630092912	GAA
KEGG_2021_Human	Starch and sucrose metabolism	1/36	0.043706154548296745	0.05827487273106233	25.501587301587303	-14.206754592243437	GAA
KEGG_2021_Human	Amino sugar and nucleotide sugar metabolism	1/48	0.05788809587819119	0.05906133610748362	18.962174940898347	-11.032973182262484	GNE
KEGG_2021_Human	Sphingolipid metabolism	1/49	0.05906133610748362	0.05906133610748362	18.564814814814813	-10.829316375605623	NEU1
