Gene_set	Pathway	Overlap	P-value	Adjusted P-value	Odds Ratio	Combined Score	Genes
KEGG_2021_Human	Tyrosine metabolism	3/36	9.548855121519214e-06	8.593969609367293e-05	104.35064935064935	-162.27709575529894	FAH;HPD;TAT
KEGG_2021_Human	Ubiquinone and other terpenoid-quinone biosynthesis	2/11	7.541696728957924e-05	0.0003393763528031066	223.86111111111111	-161.78418475842457	HPD;TAT
KEGG_2021_Human	Phenylalanine metabolism	2/17	0.0001857478026843347	0.0005572434080530042	134.21666666666667	-117.38504686173405	HPD;TAT
KEGG_2021_Human	Phenylalanine, tyrosine and tryptophan biosynthesis	1/6	0.007406917473262656	0.016665564314840977	179.17777777777778	-56.547204773591496	TAT
KEGG_2021_Human	Cysteine and methionine metabolism	1/50	0.060233261208856796	0.10841987017594223	18.183673469387756	-10.63265628196324	TAT
KEGG_2021_Human	Inflammatory mediator regulation of TRP channels	1/98	0.11496450084552494	0.17244675126828743	9.130584192439862	-5.49346810373269	TRPV3
KEGG_2021_Human	Hippo signaling pathway	1/163	0.1845058664849509	0.20756909979556978	5.422496570644719	-3.0356632226338247	AFP
KEGG_2021_Human	Spliceosome	1/150	0.1710046090025842	0.20756909979556978	5.905294556301268	-3.370661515310376	RNU1-4
KEGG_2021_Human	RNA transport	1/186	0.20790875456503763	0.20790875456503763	4.734534534534535	-2.5504914662503393	RNU1-4
