Gene_set	Pathway	Overlap	P-value	Adjusted P-value	Odds Ratio	Combined Score	Genes
KEGG_2021_Human	Cholinergic synapse	1/113	0.1314697223892576	0.164337152986572	7.892857142857143	-4.701617375992292	CHAT
KEGG_2021_Human	ECM-receptor interaction	1/88	0.10380474953181053	0.164337152986572	10.192848020434228	-6.152535327455873	AGRN
KEGG_2021_Human	Glycerophospholipid metabolism	1/98	0.11496450084552494	0.164337152986572	9.130584192439862	-5.49346810373269	CHAT
KEGG_2021_Human	N-Glycan biosynthesis	1/50	0.060233261208856796	0.164337152986572	18.183673469387756	-10.63265628196324	DPAGT1
KEGG_2021_Human	Neuroactive ligand-receptor interaction	1/341	0.3504975915199974	0.3504975915199974	2.5254901960784313	-0.9533164047874388	CHRNE
