Gene_set	Pathway	Overlap	P-value	Adjusted P-value	Odds Ratio	Combined Score	Genes
KEGG_2021_Human	Adrenergic signaling in cardiomyocytes	1/150	0.1710046090025842	0.19238018512790725	5.905294556301268	-3.370661515310376	SCN1B
KEGG_2021_Human	Aminoacyl-tRNA biosynthesis	1/66	0.07880627134542659	0.19238018512790725	13.68034188034188	-8.200693724608003	WARS1
KEGG_2021_Human	Dopaminergic synapse	1/132	0.1519784338028618	0.19238018512790725	6.73197625106022	-3.9335418472006	SCN1A
KEGG_2021_Human	GABAergic synapse	1/89	0.10492639565254669	0.19238018512790725	10.075757575757576	-6.080768259179883	GABRG2
KEGG_2021_Human	Morphine addiction	1/91	0.10716589839154317	0.19238018512790725	9.849382716049382	-5.941411487992241	GABRG2
KEGG_2021_Human	Nicotine addiction	1/40	0.04845467179601247	0.19238018512790725	22.874643874643876	-12.969307291652413	GABRG2
KEGG_2021_Human	Retrograde endocannabinoid signaling	1/148	0.16890973234869874	0.19238018512790725	5.987150415721844	-3.427000500776257	GABRG2
KEGG_2021_Human	Taste transduction	1/86	0.10155766145487406	0.19238018512790725	10.435294117647059	-6.300464747037211	SCN2A
KEGG_2021_Human	Neuroactive ligand-receptor interaction	1/341	0.3504975915199974	0.3504975915199974	2.5254901960784313	-0.9533164047874388	GABRG2
