Gene_set	Pathway	Overlap	P-value	Adjusted P-value	Odds Ratio	Combined Score	Genes
KEGG_2021_Human	Aminoacyl-tRNA biosynthesis	1/66	0.07880627134542659	0.23641881403627976	13.68034188034188	-8.200693724608003	TRNL1
KEGG_2021_Human	Spinocerebellar ataxia	1/143	0.163651680714637	0.24547752107195553	6.2018779342723	-3.57415842622014	OPA1
KEGG_2021_Human	Cytokine-cytokine receptor interaction	1/295	0.310808292768788	0.310808292768788	2.9380196523053668	-1.2513063817932166	GDF15
