Gene_set	Pathway	Overlap	P-value	Adjusted P-value	Odds Ratio	Combined Score	Genes
KEGG_2021_Human	Porphyrin and chlorophyll metabolism	4/43	1.4282385338308892e-07	7.141192669154446e-07	137.24786324786325	-270.484873589769	ALAS1;ALAS2;FECH;FXN
KEGG_2021_Human	Glycine, serine and threonine metabolism	2/40	0.0010492500396798417	0.0026231250991996043	52.828947368421055	-60.309801434582354	ALAS1;ALAS2
KEGG_2021_Human	Aminoacyl-tRNA biosynthesis	2/66	0.0028362774791241756	0.004727129131873626	31.265625	-39.54638063343362	QRSL1;YARS2
KEGG_2021_Human	ABC transporters	1/45	0.05436047130022726	0.06795058912528407	20.262626262626263	-11.690056551619103	ABCB7
KEGG_2021_Human	TGF-beta signaling pathway	1/94	0.11051569770952978	0.11051569770952978	9.528076463560334	-5.7422174156532195	HAMP
