Gene_set	Pathway	Overlap	P-value	Adjusted P-value	Odds Ratio	Combined Score	Genes
KEGG_2021_Human	Cell adhesion molecules	2/148	0.0136245920729854	0.0408737762189562	13.565068493150685	-18.413416454449223	L1CAM;NFASC
KEGG_2021_Human	Endocytosis	2/252	0.036977605273484586	0.05546640791022688	7.818	-10.130623353400585	WASHC5;ZFYVE27
KEGG_2021_Human	Axon guidance	1/182	0.2038826300760579	0.2038826300760579	4.841620626151013	-2.6265948500338347	L1CAM
