Gene_set	Pathway	Overlap	P-value	Adjusted P-value	Odds Ratio	Combined Score	Genes
KEGG_2021_Human	Vitamin digestion and absorption	2/24	0.00037521932607430453	0.0030017546085944363	91.43181818181819	-90.3506896182343	BTD;SLC5A6
KEGG_2021_Human	Vitamin B6 metabolism	1/6	0.007406917473262656	0.029627669893050625	179.17777777777778	-56.547204773591496	PNPO
KEGG_2021_Human	Citrate cycle (TCA cycle)	1/30	0.03654338399736008	0.09074166273487162	30.800766283524904	-16.574318247175444	PC
KEGG_2021_Human	Pyruvate metabolism	1/47	0.05671353920929476	0.09074166273487162	19.3768115942029	-11.24402387762608	PC
KEGG_2021_Human	Vasopressin-regulated water reabsorption	1/44	0.053181957430960346	0.09074166273487162	20.73643410852713	-11.926003967456698	AQP4
KEGG_2021_Human	Bile secretion	1/90	0.10604677818396174	0.1211963179245277	9.961298377028713	-6.010407578745034	AQP4
KEGG_2021_Human	Peroxisome	1/82	0.09704826642438931	0.1211963179245277	10.956104252400548	-6.615247747466243	HACL1
KEGG_2021_Human	Endocytosis	1/252	0.27174750318495006	0.27174750318495006	3.4603806994245243	-1.6315316807371463	FOLR1
