Gene_set	Pathway	Overlap	P-value	Adjusted P-value	Odds Ratio	Combined Score	Genes
KEGG_2021_Human	Cysteine and methionine metabolism	4/50	2.654180841966383e-07	1.59250850517983e-06	116.26086956521739	-240.55570695978312	CBS;CTH;MAT1A;MTR
KEGG_2021_Human	One carbon pool by folate	2/20	0.00025898674669125955	0.0005179734933825191	111.80555555555556	-103.86062594433501	MTHFR;MTR
KEGG_2021_Human	Selenocompound metabolism	2/17	0.0001857478026843347	0.0005179734933825191	134.21666666666667	-117.38504686173405	CTH;MTR
KEGG_2021_Human	Glycine, serine and threonine metabolism	2/40	0.0010492500396798417	0.0015738750595197626	52.828947368421055	-60.309801434582354	CBS;CTH
KEGG_2021_Human	Complement and coagulation cascades	2/85	0.004661598778005346	0.005593918533606415	24.051204819277107	-31.541623523071053	F5;SERPINC1
KEGG_2021_Human	TGF-beta signaling pathway	1/94	0.11051569770952978	0.11051569770952978	9.528076463560334	-5.7422174156532195	FBN1
