Gene_set	Pathway	Overlap	P-value	Adjusted P-value	Odds Ratio	Combined Score	Genes
KEGG_2021_Human	Inositol phosphate metabolism	1/73	0.0868275630671275	0.26034658236848485	12.339506172839506	-7.43259286356604	PLCZ1
KEGG_2021_Human	Oocyte meiosis	1/129	0.1487694756391342	0.26034658236848485	6.892361111111111	-4.041189892105298	PLCZ1
KEGG_2021_Human	Phosphatidylinositol signaling system	1/97	0.11385418156418702	0.26034658236848485	9.226851851851851	-5.553951626329874	PLCZ1
KEGG_2021_Human	Thyroid hormone signaling pathway	1/121	0.14015875566728583	0.26034658236848485	7.359259259259259	-4.351741094826131	PLCZ1
KEGG_2021_Human	Calcium signaling pathway	1/240	0.2604969587424048	0.27174750318495006	3.6397024639702464	-1.7619943041292825	PLCZ1
KEGG_2021_Human	Endocytosis	1/252	0.27174750318495006	0.27174750318495006	3.4603806994245243	-1.6315316807371463	SMAP2
KEGG_2021_Human	Shigellosis	1/246	0.26614163456811335	0.27174750318495006	3.547845804988662	-1.6951894904190261	PLCZ1
