Gene_set	Pathway	Overlap	P-value	Adjusted P-value	Odds Ratio	Combined Score	Genes
KEGG_2021_Human	Glycosylphosphatidylinositol (GPI)-anchor biosynthesis	2/26	0.000441250845209179	0.001323752535627537	83.79166666666667	-84.92592714199958	PIGL;PIGN
KEGG_2021_Human	Sphingolipid metabolism	1/49	0.05906133610748362	0.08859200416122544	18.564814814814813	-10.829316375605623	ARSA
KEGG_2021_Human	Lysosome	1/128	0.14769739689308778	0.14769739689308778	6.94750656167979	-4.078087345546839	ARSA
