Gene_set	Pathway	Overlap	P-value	Adjusted P-value	Odds Ratio	Combined Score	Genes
KEGG_2021_Human	Glycosylphosphatidylinositol (GPI)-anchor biosynthesis	4/26	1.7478028327377716e-08	1.22346198291644e-07	243.8181818181818	-395.7836374649932	PIGA;PIGN;PIGQ;PIGT
KEGG_2021_Human	Aminoacyl-tRNA biosynthesis	3/66	6.001271077166998e-05	0.00021004448770084496	54.45578231292517	-99.71069860148691	DARS2;FARS2;FARSA
KEGG_2021_Human	Notch signaling pathway	1/59	0.07072162222736704	0.1650171185305231	15.344827586206897	-9.124402207995153	DLL1
KEGG_2021_Human	Th1 and Th2 cell differentiation	1/92	0.10828375753966943	0.18949657569442152	9.739926739926739	-5.8737398650795125	DLL1
KEGG_2021_Human	Breast cancer	1/147	0.16786050842791683	0.23500471179908355	6.0289193302891935	-3.455697502915966	DLL1
KEGG_2021_Human	Chemical carcinogenesis	1/239	0.2595523897792453	0.3028111214091195	3.6554621848739495	-1.7734497985532327	DLL1
KEGG_2021_Human	Pathways in cancer	1/531	0.4935522426966286	0.4935522426966286	1.580293501048218	-0.3089273055464	DLL1
