Gene_set	Term	Overlap	P-value	Adjusted P-value	Old P-value	Old Adjusted P-value	Odds Ratio	Combined Score	Genes
KEGG_2021_Human	Base excision repair	3/33	1.6349528612553213e-08	8.174764306276608e-08	0	0	1996.6	35797.17471508896	PARP1;XRCC1;LIG3
KEGG_2021_Human	NF-kappa B signaling pathway	1/104	0.020639704165072	0.0392811624788146	0	0	64.37864077669903	249.82380515639144	PARP1
KEGG_2021_Human	Apoptosis	1/142	0.0281008746910155	0.0392811624788146	0	0	46.938534278959814	167.66231227714363	PARP1
KEGG_2021_Human	Necroptosis	1/159	0.0314249299830517	0.0392811624788146	0	0	41.85232067510549	144.81546443787522	PARP1
KEGG_2021_Human	Diabetic cardiomyopathy	1/203	0.0399887781016266	0.0399887781016266	0	0	32.663366336633665	105.14848516989916	PARP1
