Gene_set	Term	Overlap	P-value	Adjusted P-value	Old P-value	Old Adjusted P-value	Odds Ratio	Combined Score	Genes
KEGG_2021_Human	Adherens junction	1/71	0.0349457600054768	0.0673806054536277	0	0	31.61904761904762	106.04896194083372	NECTIN4
KEGG_2021_Human	Measles	1/139	0.0673806054536277	0.0673806054536277	0	0	15.98389694041868	43.114932524579174	SLAMF1
