Gene_set	Term	Overlap	P-value	Adjusted P-value	Old P-value	Old Adjusted P-value	Odds Ratio	Combined Score	Genes
KEGG_2021_Human	Ether lipid metabolism	2/49	0.0001225173273092752	0.0009801386184742015	0	0	169.7531914893617	1529.0108074408631	ENPP2;ENPP6
KEGG_2021_Human	Purine metabolism	2/129	0.0008487235488554866	0.0033948941954219	0	0	62.57007874015748	442.4816465010194	ENPP1;ENPP4
KEGG_2021_Human	Riboflavin metabolism	1/8	0.002797015027105	0.0074587067389468	0	0	475.8571428571428	2797.6605002155425	ENPP1
KEGG_2021_Human	Pantothenate and CoA biosynthesis	1/21	0.0073278982772855	0.014655796554571	0	0	166.44166666666666	818.2383072102982	ENPP1
KEGG_2021_Human	Nicotinate and nicotinamide metabolism	1/35	0.0121875780684806	0.0167118888232919	0	0	97.83823529411764	431.20617589056735	ENPP1
KEGG_2021_Human	Starch and sucrose metabolism	1/36	0.0125339166174689	0.0167118888232919	0	0	95.03809523809524	416.20194419543344	ENPP1
KEGG_2021_Human	Sphingolipid metabolism	1/49	0.0170268574512903	0.0194388685228235	0	0	69.25347222222223	282.06685294018627	ENPP7
KEGG_2021_Human	Pyrimidine metabolism	1/56	0.0194388685228235	0.0194388685228235	0	0	60.41818181818182	238.07667848957996	ENPP1
