Gene_set	Term	Overlap	P-value	Adjusted P-value	Old P-value	Old Adjusted P-value	Odds Ratio	Combined Score	Genes
KEGG_2021_Human	Caffeine metabolism	2/6	7.499412474107348e-08	5.999529979285879e-07	0	0	39988.0	656037.3722578118	NAT2;CYP1A2
KEGG_2021_Human	Drug metabolism	2/108	2.888993960746976e-05	0.00011555975842987904	0	0	39784.0	415823.04965581663	NAT2;CYP1A2
KEGG_2021_Human	Chemical carcinogenesis	2/239	0.0001422067896369813	0.0003792181056986168	0	0	39522.0	350094.8986607416	NAT2;CYP1A2
KEGG_2021_Human	Linoleic acid metabolism	1/29	0.0028979225647398	0.0057958451294796	0	0	713.2142857142857	4167.853938534805	CYP1A2
KEGG_2021_Human	Tryptophan metabolism	1/42	0.0041956345681223	0.0067130153089958	0	0	486.7560975609756	2664.362051124875	CYP1A2
KEGG_2021_Human	Steroid hormone biosynthesis	1/61	0.0060907734540293	0.0075856623441589	0	0	332.3	1695.055720918224	CYP1A2
KEGG_2021_Human	Retinol metabolism	1/68	0.0067885281240292	0.0075856623441589	0	0	297.4776119402985	1485.1632639205873	CYP1A2
KEGG_2021_Human	Metabolism of xenobiotics by cytochrome P450	1/76	0.0075856623441589	0.0075856623441589	0	0	265.64	1296.720424003381	CYP1A2
