Gene_set	Term	Overlap	P-value	Adjusted P-value	Old P-value	Old Adjusted P-value	Odds Ratio	Combined Score	Genes
KEGG_2021_Human	Bile secretion	5/90	9.133848952313936e-11	8.220464057082543e-10	0	0	390.3333333333333	9023.120532564368	ABCB1;SLC10A1;SLC10A2;NR1H4;ABCB11
KEGG_2021_Human	ABC transporters	3/45	5.913318660633498e-07	2.660993397285074e-06	0	0	285.0	4087.153206551091	ABCC1;ABCB1;ABCB11
KEGG_2021_Human	MicroRNAs in cancer	2/310	0.0063041434540528	0.0189124303621585	0	0	21.303030303030305	107.93282921110205	ABCC1;ABCB1
KEGG_2021_Human	Vitamin digestion and absorption	1/24	0.0095613427178271	0.0215130211151111	0	0	124.03105590062113	576.7477724354015	ABCC1
KEGG_2021_Human	Cholesterol metabolism	1/50	0.0198291614511851	0.0356924906121332	0	0	58.142857142857146	227.9549801512961	ABCB11
KEGG_2021_Human	PPAR signaling pathway	1/74	0.0292243678788926	0.0438365518183389	0	0	38.980430528375734	137.70820955371116	FABP6
KEGG_2021_Human	Sphingolipid signaling pathway	1/119	0.0466281998938997	0.0599505427207283	0	0	24.06053268765133	73.75876051746786	ABCC1
KEGG_2021_Human	Gastric cancer	1/149	0.0580785181093375	0.063002833601897	0	0	19.154440154440156	54.51275945819848	ABCB1
KEGG_2021_Human	Hepatitis B	1/162	0.063002833601897	0.063002833601897	0	0	17.596273291925467	48.646227367856696	SLC10A1
