Gene_set	Term	Overlap	P-value	Adjusted P-value	Old P-value	Old Adjusted P-value	Odds Ratio	Combined Score	Genes
KEGG_2021_Human	Glycosaminoglycan biosynthesis	2/53	0.00010265010224113116	0.0005132505112056559	0	0	195.5196078431373	1795.6881358608405	B3GNT7;B3GNT2
KEGG_2021_Human	Mannose type O-glycan biosynthesis	1/23	0.0068809683244201	0.0167822962832022	0	0	181.56363636363636	904.0045996114618	B4GAT1
KEGG_2021_Human	Mucin type O-glycan biosynthesis	1/36	0.010752747305294	0.0167822962832022	0	0	114.05142857142856	516.9488201244333	B4GALT5
KEGG_2021_Human	Glycosphingolipid biosynthesis	1/45	0.0134258370265617	0.0167822962832022	0	0	90.6818181818182	390.89071422300736	B3GNT2
KEGG_2021_Human	Cell adhesion molecules	1/148	0.0435917858398318	0.0435917858398318	0	0	27.002721088435376	84.59646156406902	SELL
