Gene_set	Term	Overlap	P-value	Adjusted P-value	Old P-value	Old Adjusted P-value	Odds Ratio	Combined Score	Genes
KEGG_2021_Human	Glycerophospholipid metabolism	5/98	1.522382564754633e-11	4.5671476942638994e-11	0	0	1069.9462365591398	26650.391450809835	PLA2G15;PTDSS2;PTDSS1;LCAT;PEMT
KEGG_2021_Human	Cholesterol metabolism	1/50	0.0149082847993736	0.0223624271990604	0	0	81.40816326530613	342.3895623444841	LCAT
KEGG_2021_Human	Lysosome	1/128	0.0377952588177754	0.0377952588177754	0	0	31.286614173228347	102.48154523157724	PLA2G15
