Gene_set	Pathway	Overlap	P-value	Adjusted P-value	Odds Ratio	Combined Score	Genes
KEGG_2021_Human	Cysteine and methionine metabolism	2/50	0.0003710577489241283	0.001484230995696513	111.45833333333333	-88.71056797169882	CBS;CTH
KEGG_2021_Human	Glycine, serine and threonine metabolism	2/40	0.00023685278992125624	0.001484230995696513	140.96491228070175	-105.08210044997433	CBS;CTH
KEGG_2021_Human	Selenocompound metabolism	1/17	0.010480795523758277	0.027948788063355406	125.890625	-44.02586013311197	CTH
KEGG_2021_Human	Vasopressin-regulated water reabsorption	1/44	0.02694598878123971	0.05389197756247942	46.68604651162791	-21.365889088566103	AVP
KEGG_2021_Human	Thyroid hormone synthesis	1/75	0.045579409703615015	0.07292705552578402	27.02364864864865	-13.735510025203618	ALB
KEGG_2021_Human	Phospholipase D signaling pathway	1/148	0.08833211827167624	0.10095099231048713	13.479591836734693	-7.352587958255725	AVP
KEGG_2021_Human	Vascular smooth muscle contraction	1/133	0.07967491361400778	0.10095099231048713	15.039772727272727	-8.160749860280044	AVP
KEGG_2021_Human	Neuroactive ligand-receptor interaction	1/341	0.19402784888270616	0.19402784888270616	5.686029411764705	-2.8779389767853636	AVP
