Gene_set	Pathway	Overlap	P-value	Adjusted P-value	Odds Ratio	Combined Score	Genes
KEGG_2021_Human	Glycosaminoglycan degradation	9/19	2.2964046038204223e-24	1.6074832226742956e-23	7252.2	-1350.0513605643603	ARSB;GALNS;GLB1;GNS;HGSNAT;IDS;IDUA;NAGLU;SGSH
KEGG_2021_Human	Lysosome	10/128	6.99642579788484e-19	2.448749029259694e-18	inf	-574.1645366638336	ARSB;GALNS;GLB1;GNS;HGSNAT;IDS;IDUA;MCOLN1;NAGLU;SGSH
KEGG_2021_Human	Other glycan degradation	1/18	0.022072807228795267	0.05150321686718896	52.62091503267974	-25.018935329511017	GLB1
KEGG_2021_Human	Galactose metabolism	1/31	0.03774052193970927	0.06604591339449123	29.77037037037037	-16.126223630092912	GLB1
KEGG_2021_Human	Glycosphingolipid biosynthesis	1/45	0.05436047130022726	0.06890489212539756	20.262626262626263	-11.690056551619103	GLB1
KEGG_2021_Human	Sphingolipid metabolism	1/49	0.05906133610748362	0.06890489212539756	18.564814814814813	-10.829316375605623	GLB1
KEGG_2021_Human	Calcium signaling pathway	1/240	0.2604969587424048	0.2604969587424048	3.6397024639702464	-1.7619943041292825	MCOLN1
