Gene_set	Pathway	Overlap	P-value	Adjusted P-value	Odds Ratio	Combined Score	Genes
KEGG_2021_Human	ABC transporters	1/45	0.05436047130022726	0.188998540905925	20.262626262626263	-11.690056551619103	ABCA12
KEGG_2021_Human	Acute myeloid leukemia	1/67	0.07995603885498047	0.188998540905925	13.47138047138047	-8.082458738692866	RARA
KEGG_2021_Human	Fat digestion and absorption	1/43	0.052002121863896134	0.188998540905925	21.232804232804234	-12.171283962486152	SLC27A4
KEGG_2021_Human	Insulin resistance	1/108	0.12599902727061665	0.188998540905925	8.2668743509865	-4.943743954376122	SLC27A4
KEGG_2021_Human	PPAR signaling pathway	1/74	0.0879683156429337	0.188998540905925	12.168949771689498	-7.333238410134627	SLC27A4
KEGG_2021_Human	Th17 cell differentiation	1/107	0.1249011740201087	0.188998540905925	8.345911949685535	-4.994589105830365	RARA
KEGG_2021_Human	Estrogen signaling pathway	1/137	0.15730251033809037	0.2022460847204019	6.480392156862745	-3.763669230249352	RARA
KEGG_2021_Human	Transcriptional misregulation in cancer	1/192	0.21391358807496763	0.24065278658433858	4.5823152995927865	-2.441961042053517	RARA
KEGG_2021_Human	Pathways in cancer	1/531	0.4935522426966286	0.4935522426966286	1.580293501048218	-0.3089273055464	RARA
