Gene_set	Pathway	Overlap	P-value	Adjusted P-value	Odds Ratio	Combined Score	Genes
KEGG_2021_Human	Arginine biosynthesis	6/22	4.040131799636956e-14	3.6361186196732605e-13	754.875	-834.9460470915683	ARG1;ASL;ASS1;CPS1;NAGS;OTC
KEGG_2021_Human	Alanine, aspartate and glutamate metabolism	3/37	1.0384632752750053e-05	4.673084738737524e-05	101.26890756302521	-158.85054794063166	ASL;ASS1;CPS1
KEGG_2021_Human	Valine, leucine and isoleucine degradation	2/48	0.0015093757711636376	0.004528127313490913	43.59782608695652	-51.89779709972968	MCCC1;MCCC2
KEGG_2021_Human	Glycosaminoglycan degradation	1/19	0.023286116400967973	0.04191500952174235	49.69135802469136	-23.981021494289497	NAGLU
KEGG_2021_Human	Nitrogen metabolism	1/17	0.020858141730383632	0.04191500952174235	55.916666666666664	-26.157848827787358	CPS1
KEGG_2021_Human	Arginine and proline metabolism	1/50	0.060233261208856796	0.0903498918132852	18.183673469387756	-10.63265628196324	ARG1
KEGG_2021_Human	Amoebiasis	1/102	0.11939326812281527	0.15350563044361962	8.764576457645765	-5.262086311101535	ARG1
KEGG_2021_Human	Fluid shear stress and atherosclerosis	1/139	0.15942370386618251	0.15942370386618251	6.384863123993559	-3.698840756963446	ASS1
KEGG_2021_Human	Lysosome	1/128	0.14769739689308778	0.15942370386618251	6.94750656167979	-4.078087345546839	NAGLU
