Gene_set	Pathway	Overlap	P-value	Adjusted P-value	Odds Ratio	Combined Score	Genes
KEGG_2021_Human	Mineral absorption	3/60	3.1705697839280646e-05	0.00022193988487496452	70.28070175438596	-118.01628950178184	ATP7A;ATP7B;SLC31A1
KEGG_2021_Human	Thiamine metabolism	1/15	0.016596622512578485	0.0580881787940247	71.91964285714286	-31.218742961789744	ALPP
KEGG_2021_Human	Ferroptosis	1/41	0.04478486523040867	0.06569239594414267	25.090625	-13.910362149851244	CP
KEGG_2021_Human	Folate biosynthesis	1/26	0.028611399863903736	0.06569239594414267	40.22	-20.319090999065626	ALPP
KEGG_2021_Human	Porphyrin and chlorophyll metabolism	1/43	0.0469231399601019	0.06569239594414267	23.889880952380953	-13.349461166347218	CP
KEGG_2021_Human	Protein digestion and absorption	1/103	0.1091254112942574	0.1273129798433003	9.763480392156863	-5.829092719313437	ELN
KEGG_2021_Human	Lysosome	1/128	0.13395923630907	0.13395923630907	7.816929133858268	-4.602898503035463	SLC17A5
