Gene_set	Pathway	Overlap	P-value	Adjusted P-value	Odds Ratio	Combined Score	Genes
KEGG_2021_Human	Mineral absorption	3/60	4.505443332381932e-05	0.00022527216661909658	60.233082706766915	-107.89522342261756	MT1X;SLC30A1;SLC39A4
KEGG_2021_Human	Bladder cancer	1/41	0.04963848036556211	0.08273080060927018	22.3	-12.692261742471414	DAPK3
KEGG_2021_Human	Ferroptosis	1/41	0.04963848036556211	0.08273080060927018	22.3	-12.692261742471414	SLC39A8
KEGG_2021_Human	Autophagy	1/137	0.15730251033809037	0.19662813792261294	6.480392156862745	-3.763669230249352	DAPK3
KEGG_2021_Human	Pathways in cancer	1/531	0.4935522426966286	0.4935522426966286	1.580293501048218	-0.3089273055464	DAPK3
