Gene_set	Pathway	Overlap	P-value	Adjusted P-value	Odds Ratio	Combined Score	Genes
KEGG_2021_Human	Porphyrin and chlorophyll metabolism	6/43	3.271701460517638e-12	1.3086805842070553e-11	325.5810810810811	-594.5767303402498	ALAS1;ALAS2;FECH;HMBS;UROD;UROS
KEGG_2021_Human	Glycine, serine and threonine metabolism	2/40	0.0010492500396798417	0.0020985000793596834	52.828947368421055	-60.309801434582354	ALAS1;ALAS2
KEGG_2021_Human	ErbB signaling pathway	1/85	0.10043221696214563	0.13390962261619418	10.56084656084656	-6.37671991533167	NRG1
KEGG_2021_Human	Amyotrophic lateral sclerosis	1/364	0.3695602254440061	0.3695602254440061	2.3584328129782675	-0.8341701676241932	NRG1
