Gene_set	Pathway	Overlap	P-value	Adjusted P-value	Odds Ratio	Combined Score	Genes
KEGG_2021_Human	Peroxisome	7/82	1.0022168668160688e-12	2.0044337336321377e-12	248.67111111111112	-501.169008958289	ABCD3;PEX1;PEX13;PEX14;PEX26;PEX5;PEX6
KEGG_2021_Human	ABC transporters	1/45	0.05436047130022726	0.05436047130022726	20.262626262626263	-11.690056551619103	ABCD3
