Gene_set	Pathway	Overlap	P-value	Adjusted P-value	Odds Ratio	Combined Score	Genes
KEGG_2021_Human	Drug metabolism	1/108	0.0395799196670715	0.07672621197039267	37.23364485981308	-15.584907709576727	CMPK1
KEGG_2021_Human	Pyrimidine metabolism	1/56	0.02065592481405897	0.07672621197039267	72.9090909090909	-26.43859525393253	CMPK1
KEGG_2021_Human	Ribosome	1/158	0.057544658977794504	0.07672621197039267	25.21656050955414	-11.206751389722083	RPLP2
KEGG_2021_Human	Coronavirus disease	1/232	0.08371918229647504	0.08371918229647504	16.97835497835498	-7.836118734633811	RPLP2
