Gene_set	Pathway	Overlap	P-value	Adjusted P-value	Odds Ratio	Combined Score	Genes
KEGG_2021_Human	Glycosaminoglycan degradation	8/19	7.571350593934605e-21	5.299945415754224e-20	2929.818181818182	-1199.6526004843067	ARSB;GALNS;GNS;GUSB;HGSNAT;IDS;NAGLU;SGSH
KEGG_2021_Human	Lysosome	9/128	4.681079206737758e-16	1.6383777223582153e-15	601.1848739495798	-515.8235372741857	ARSB;ARSG;GALNS;GNS;GUSB;HGSNAT;IDS;NAGLU;SGSH
KEGG_2021_Human	Ascorbate and aldarate metabolism	1/30	0.03654338399736008	0.07231683831093015	30.800766283524904	-16.574318247175444	GUSB
KEGG_2021_Human	Pentose and glucuronate interconversions	1/34	0.0413239076062458	0.07231683831093015	27.053872053872055	-14.917083251918774	GUSB
KEGG_2021_Human	Porphyrin and chlorophyll metabolism	1/43	0.052002121863896134	0.07280297060945458	21.232804232804234	-12.171283962486152	GUSB
KEGG_2021_Human	Mitophagy	1/68	0.0811045146521906	0.09462193376088904	13.26865671641791	-7.96724592924887	TFEB
KEGG_2021_Human	Drug metabolism	1/108	0.12599902727061665	0.12599902727061665	8.2668743509865	-4.943743954376122	GUSB
