Gene_set	Pathway	Overlap	P-value	Adjusted P-value	Odds Ratio	Combined Score	Genes
KEGG_2021_Human	Aminoacyl-tRNA biosynthesis	1/66	0.07880627134542659	0.07880627134542659	13.68034188034188	-8.200693724608003	RARS1
KEGG_2021_Human	Arginine and proline metabolism	1/50	0.060233261208856796	0.07880627134542659	18.183673469387756	-10.63265628196324	PYCR2
KEGG_2021_Human	Cytosolic DNA-sensing pathway	1/63	0.0753492056247738	0.07880627134542659	14.347670250896057	-8.574814690072902	POLR3B
KEGG_2021_Human	RNA polymerase	1/31	0.03774052193970927	0.07880627134542659	29.77037037037037	-16.126223630092912	POLR3B
