Gene_set	Pathway	Overlap	P-value	Adjusted P-value	Odds Ratio	Combined Score	Genes
KEGG_2021_Human	Steroid biosynthesis	6/20	2.1005563821160185e-14	1.6804451056928148e-13	862.9285714285714	-875.9604511129195	CYP51A1;DHCR24;DHCR7;EBP;LSS;MSMO1
KEGG_2021_Human	Primary bile acid biosynthesis	1/17	0.020858141730383632	0.06725464600678781	55.916666666666664	-26.157848827787358	CYP46A1
KEGG_2021_Human	Proteoglycans in cancer	2/205	0.025220492252545426	0.06725464600678781	9.685960591133005	-12.928804077098514	SHH;TWIST1
KEGG_2021_Human	Basal cell carcinoma	1/63	0.0753492056247738	0.12055872899963808	14.347670250896057	-8.574814690072902	SHH
KEGG_2021_Human	Hedgehog signaling pathway	1/56	0.06723726744113623	0.12055872899963808	16.187878787878788	-9.580691348846925	SHH
KEGG_2021_Human	Gastric cancer	1/149	0.16995776547310146	0.22661035396413529	5.945945945945946	-3.3986573195730956	SHH
KEGG_2021_Human	Axon guidance	1/182	0.2038826300760579	0.2330087200869233	4.841620626151013	-2.6265948500338347	SHH
KEGG_2021_Human	Pathways in cancer	1/531	0.4935522426966286	0.4935522426966286	1.580293501048218	-0.3089273055464	SHH
