Gene_set	Pathway	Overlap	P-value	Adjusted P-value	Odds Ratio	Combined Score	Genes
KEGG_2021_Human	ABC transporters	1/45	0.05436047130022726	0.20973668045078717	20.262626262626263	-11.690056551619103	ABCA12
KEGG_2021_Human	Arachidonic acid metabolism	1/61	0.073038012879974	0.20973668045078717	14.829629629629629	-8.841826114974799	ALOX12B
KEGG_2021_Human	Estrogen signaling pathway	1/137	0.15730251033809037	0.20973668045078717	6.480392156862745	-3.763669230249352	KRT10
KEGG_2021_Human	Serotonergic synapse	1/113	0.1314697223892576	0.20973668045078717	7.892857142857143	-4.701617375992292	ALOX12B
KEGG_2021_Human	Staphylococcus aureus infection	1/95	0.11162978125448282	0.20973668045078717	9.425531914893616	-5.678293992521663	KRT10
KEGG_2021_Human	Viral protein interaction with cytokine and cytokine receptor	1/100	0.11718138394436346	0.20973668045078717	8.94388327721661	-5.375723879218761	CCL27
KEGG_2021_Human	Chemokine signaling pathway	1/192	0.21391358807496763	0.2444726720856773	4.5823152995927865	-2.441961042053517	CCL27
KEGG_2021_Human	Cytokine-cytokine receptor interaction	1/295	0.310808292768788	0.310808292768788	2.9380196523053668	-1.2513063817932166	CCL27
