Gene_set	Pathway	Overlap	P-value	Adjusted P-value	Odds Ratio	Combined Score	Genes
KEGG_2021_Human	Lysine degradation	5/63	6.0040781737773775e-09	1.8012234521332134e-08	138.10344827586206	-334.8550924357338	EZH1;EZH2;NSD1;PRDM9;SETD2
KEGG_2021_Human	Cysteine and methionine metabolism	2/50	0.0016370061401984127	0.002455509210297619	41.770833333333336	-50.1560330081587	DNMT3A;DNMT3B
KEGG_2021_Human	MicroRNAs in cancer	3/310	0.00549365549569105	0.00549365549569105	10.83434155421126	-22.425343286065555	DNMT3A;DNMT3B;EZH2
