Gene_set	Pathway	Overlap	P-value	Adjusted P-value	Odds Ratio	Combined Score	Genes
KEGG_2021_Human	Apoptosis	1/142	0.16259648475288416	0.19706135440681521	6.2466509062253746	-3.6047270952512624	LMNB1
KEGG_2021_Human	Bile secretion	1/90	0.10604677818396174	0.19706135440681521	9.961298377028713	-6.010407578745034	SLC22A1
KEGG_2021_Human	Cell adhesion molecules	1/148	0.16890973234869874	0.19706135440681521	5.987150415721844	-3.427000500776257	NCAM1
KEGG_2021_Human	Choline metabolism in cancer	1/98	0.11496450084552494	0.19706135440681521	9.130584192439862	-5.49346810373269	SLC22A1
KEGG_2021_Human	Ether lipid metabolism	1/49	0.05906133610748362	0.19706135440681521	18.564814814814813	-10.829316375605623	PAFAH1B1
KEGG_2021_Human	Porphyrin and chlorophyll metabolism	1/43	0.052002121863896134	0.19706135440681521	21.232804232804234	-12.171283962486152	HMBS
KEGG_2021_Human	Prion disease	1/273	0.2910658516731848	0.2910658516731848	3.184640522875817	-1.4307154955453085	NCAM1
