Gene_set	Pathway	Overlap	P-value	Adjusted P-value	Odds Ratio	Combined Score	Genes
KEGG_2021_Human	Asthma	1/31	0.007660913374529009	0.007660913374529009	268.2	-55.28986317599436	RNASE3
