Gene_set	Pathway	Overlap	P-value	Adjusted P-value	Odds Ratio	Combined Score	Genes
KEGG_2021_Human	Aminoacyl-tRNA biosynthesis	1/66	0.07880627134542659	0.07880627134542659	13.68034188034188	-8.200693724608003	TRNG
KEGG_2021_Human	VEGF signaling pathway	1/59	0.07072162222736704	0.07880627134542659	15.344827586206897	-9.124402207995153	SH2D2A
