Gene_set	Pathway	Overlap	P-value	Adjusted P-value	Odds Ratio	Combined Score	Genes
KEGG_2021_Human	Glycosaminoglycan biosynthesis	5/53	2.46404908941574e-09	1.23202454470787e-08	167.08333333333334	-382.5445924903994	B3GALT6;B4GALT7;CHST14;DSE;UST
KEGG_2021_Human	Coronavirus disease	1/232	0.25290994493508406	0.25290994493508406	3.7696007696007694	-1.8563524399324505	RPL13
KEGG_2021_Human	Proteoglycans in cancer	1/205	0.22678373523038298	0.25290994493508406	4.283224400871459	-2.2275706216550177	DCN
KEGG_2021_Human	Ribosome	1/158	0.17933667564674954	0.25290994493508406	5.598726114649682	-3.1584773884334933	RPL13
KEGG_2021_Human	TGF-beta signaling pathway	1/94	0.11051569770952978	0.25290994493508406	9.528076463560334	-5.7422174156532195	DCN
