Gene_set	Pathway	Overlap	P-value	Adjusted P-value	Odds Ratio	Combined Score	Genes
KEGG_2021_Human	Glycosphingolipid biosynthesis	1/45	0.05436047130022726	0.10872094260045452	20.262626262626263	-11.690056551619103	SLC33A1
KEGG_2021_Human	Endocytosis	1/252	0.27174750318495006	0.27174750318495006	3.4603806994245243	-1.6315316807371463	SPART
