Gene_set	Pathway	Overlap	P-value	Adjusted P-value	Odds Ratio	Combined Score	Genes
KEGG_2021_Human	Lysosome	3/128	3.797469130970616e-05	0.00034177222178735547	95.376	-106.49350592649145	CTSD;CTSF;PPT1
KEGG_2021_Human	Apoptosis	2/142	0.0029636673503862284	0.013336503076738029	37.77619047619048	-37.88921826992237	CTSD;CTSF
KEGG_2021_Human	Fatty acid elongation	1/27	0.01660479721593301	0.04981439164779903	77.375	-31.230506488538616	PPT1
KEGG_2021_Human	Autophagy	1/137	0.08198990455627979	0.11951957699521891	14.590073529411764	-7.930247015969623	CTSD
KEGG_2021_Human	Diabetic cardiomyopathy	1/203	0.11951957699521891	0.11951957699521891	9.741336633663366	-5.308223823144477	CTSD
KEGG_2021_Human	Estrogen signaling pathway	1/137	0.08198990455627979	0.11951957699521891	14.590073529411764	-7.930247015969623	CTSD
KEGG_2021_Human	Protein processing in endoplasmic reticulum	1/171	0.10147985499067498	0.11951957699521891	11.62205882352941	-6.357294598639254	DNAJC5
KEGG_2021_Human	Sphingolipid signaling pathway	1/119	0.07153563922837476	0.11951957699521891	16.853813559322035	-9.07189136557263	CTSD
KEGG_2021_Human	Tuberculosis	1/180	0.10658313697658886	0.11951957699521891	11.025139664804469	-6.029097559455865	CTSD
