Gene_set	Pathway	Overlap	P-value	Adjusted P-value	Odds Ratio	Combined Score	Genes
KEGG_2021_Human	Vitamin B6 metabolism	1/6	0.007406917473262656	0.0518484223128386	179.17777777777778	-56.547204773591496	PDXP
KEGG_2021_Human	Phototransduction	1/28	0.034145086039632476	0.11950780113871368	33.09053497942387	-17.550803279788266	GUCY2D
KEGG_2021_Human	Arginine and proline metabolism	1/50	0.060233261208856796	0.1405442761539992	18.183673469387756	-10.63265628196324	OAT
KEGG_2021_Human	Retinol metabolism	1/68	0.0811045146521906	0.14193290064133354	13.26865671641791	-7.96724592924887	RPE65
KEGG_2021_Human	Purine metabolism	1/129	0.1487694756391342	0.20827726589478787	6.892361111111111	-4.041189892105298	GUCY2D
KEGG_2021_Human	Axon guidance	1/182	0.2038826300760579	0.23786306842206756	4.841620626151013	-2.6265948500338347	PLXNA2
KEGG_2021_Human	Olfactory transduction	1/440	0.4290230576444395	0.4290230576444395	1.9309035687167806	-0.5371969940112262	GUCY2D
