Gene_set	Pathway	Overlap	P-value	Adjusted P-value	Odds Ratio	Combined Score	Genes
KEGG_2021_Human	Lysosome	6/128	2.806581391919395e-09	2.5259232527274558e-08	97.69672131147541	-290.9287426236646	GAA;GBA;IDS;NPC1;NPC2;SLC17A5
KEGG_2021_Human	Cholesterol metabolism	2/50	0.0016370061401984127	0.007366527630892857	41.770833333333336	-50.1560330081587	NPC1;NPC2
KEGG_2021_Human	Glycosaminoglycan degradation	1/19	0.023286116400967973	0.05239376190217794	49.69135802469136	-23.981021494289497	IDS
KEGG_2021_Human	Other glycan degradation	1/18	0.022072807228795267	0.05239376190217794	52.62091503267974	-25.018935329511017	GBA
KEGG_2021_Human	Amino sugar and nucleotide sugar metabolism	1/48	0.05788809587819119	0.05906133610748362	18.962174940898347	-11.032973182262484	GNE
KEGG_2021_Human	Galactose metabolism	1/31	0.03774052193970927	0.05906133610748362	29.77037037037037	-16.126223630092912	GAA
KEGG_2021_Human	Glycosphingolipid biosynthesis	1/45	0.05436047130022726	0.05906133610748362	20.262626262626263	-11.690056551619103	A4GALT
KEGG_2021_Human	Sphingolipid metabolism	1/49	0.05906133610748362	0.05906133610748362	18.564814814814813	-10.829316375605623	GBA
KEGG_2021_Human	Starch and sucrose metabolism	1/36	0.043706154548296745	0.05906133610748362	25.501587301587303	-14.206754592243437	GAA
