Gene_set	Pathway	Overlap	P-value	Adjusted P-value	Odds Ratio	Combined Score	Genes
KEGG_2021_Human	Aldosterone-regulated sodium reabsorption	3/37	1.0384632752750053e-05	4.1538531011000214e-05	101.26890756302521	-158.85054794063166	NR3C2;SCNN1A;SCNN1G
KEGG_2021_Human	Taste transduction	2/86	0.00476943508022695	0.0095388701604539	23.761904761904763	-31.205674037146366	SCNN1A;SCNN1G
KEGG_2021_Human	Hedgehog signaling pathway	1/56	0.06723726744113623	0.08964968992151497	16.187878787878788	-9.580691348846925	CUL3
KEGG_2021_Human	Ubiquitin mediated proteolysis	1/140	0.16048249753809815	0.16048249753809815	6.338129496402877	-3.6670604531534	CUL3
