Gene_set	Pathway	Overlap	P-value	Adjusted P-value	Odds Ratio	Combined Score	Genes
KEGG_2021_Human	Lysosome	7/128	2.454494125452052e-11	1.7181458878164366e-10	153.2479338842975	-395.3369894381918	ARSA;ARSB;ASAH1;GAA;GBA;IDS;SUMF1
KEGG_2021_Human	Sphingolipid metabolism	3/49	2.4431897858988954e-05	8.551164250646134e-05	74.73913043478261	-127.19676357023239	ARSA;ASAH1;GBA
KEGG_2021_Human	Glycosaminoglycan degradation	2/19	0.00023324212968647823	0.0005442316359351159	118.3970588235294	-107.9705781761554	ARSB;IDS
KEGG_2021_Human	Other glycan degradation	1/18	0.022072807228795267	0.03862741265039172	52.62091503267974	-25.018935329511017	GBA
KEGG_2021_Human	Galactose metabolism	1/31	0.03774052193970927	0.05099051363967954	29.77037037037037	-16.126223630092912	GAA
KEGG_2021_Human	Starch and sucrose metabolism	1/36	0.043706154548296745	0.05099051363967954	25.501587301587303	-14.206754592243437	GAA
KEGG_2021_Human	Sphingolipid signaling pathway	1/119	0.13799386385009413	0.13799386385009413	7.4858757062146895	-4.435243302362896	ASAH1
