Gene_set	Pathway	Overlap	P-value	Adjusted P-value	Odds Ratio	Combined Score	Genes
KEGG_2021_Human	TGF-beta signaling pathway	5/94	4.613881700165173e-08	4.1524935301486564e-07	89.65168539325843	-243.34942399375765	BMP6;HAMP;HJV;RGMA;RGMB
KEGG_2021_Human	Ferroptosis	2/41	0.001102329014027565	0.004960480563124042	51.467948717948715	-59.107363137308084	SLC40A1;TF
KEGG_2021_Human	Mineral absorption	2/60	0.0023497251222600107	0.007049175366780032	34.525862068965516	-42.95708800176444	SLC40A1;TF
KEGG_2021_Human	Ovarian steroidogenesis	1/51	0.0614038724928517	0.13815871310891634	17.817777777777778	-10.44262436810124	BMP6
KEGG_2021_Human	HIF-1 signaling pathway	1/109	0.1270956407872156	0.2287721534169881	8.189300411522634	-4.893732148578802	TF
KEGG_2021_Human	Axon guidance	1/182	0.2038826300760579	0.2621348100977887	4.841620626151013	-2.6265948500338347	RGMA
KEGG_2021_Human	Hippo signaling pathway	1/163	0.1845058664849509	0.2621348100977887	5.422496570644719	-3.0356632226338247	BMP6
KEGG_2021_Human	cAMP signaling pathway	1/216	0.23752539179620868	0.2672160657707348	4.058397932816537	-2.065502377074288	SUCNR1
KEGG_2021_Human	Cytokine-cytokine receptor interaction	1/295	0.310808292768788	0.310808292768788	2.9380196523053668	-1.2513063817932166	BMP6
