Gene_set	Pathway	Overlap	P-value	Adjusted P-value	Odds Ratio	Combined Score	Genes
KEGG_2021_Human	Fanconi anemia pathway	8/54	1.0342454816421376e-16	7.239718371494964e-16	697.5652173913044	-709.2756292025884	BRCA2;BRIP1;FANCA;FANCC;FANCD2;FANCG;FANCI;REV1
KEGG_2021_Human	Homologous recombination	2/41	0.001102329014027565	0.0038581515490964773	51.467948717948715	-59.107363137308084	BRCA2;BRIP1
KEGG_2021_Human	Pancreatic cancer	1/76	0.09024597396088518	0.21057393924206544	11.841481481481482	-7.141387005986298	BRCA2
KEGG_2021_Human	Breast cancer	1/147	0.16786050842791683	0.29375588974885447	6.0289193302891935	-3.455697502915966	BRCA2
KEGG_2021_Human	MAPK signaling pathway	1/294	0.3099217585428667	0.3779811881941199	2.9484262419416005	-1.2588658824557653	STMN1
KEGG_2021_Human	MicroRNAs in cancer	1/310	0.3239838755949599	0.3779811881941199	2.7900035958288387	-1.143955577607994	STMN1
KEGG_2021_Human	Pathways in cancer	1/531	0.4935522426966286	0.4935522426966286	1.580293501048218	-0.3089273055464	BRCA2
