Gene_set	Pathway	Overlap	P-value	Adjusted P-value	Odds Ratio	Combined Score	Genes
KEGG_2021_Human	Phototransduction	2/28	0.0005125308961300685	0.002050123584520274	77.32692307692308	-80.15945568848299	GUCA1A;GUCY2D
KEGG_2021_Human	ABC transporters	1/45	0.05436047130022726	0.10872094260045452	20.262626262626263	-11.690056551619103	ABCA4
KEGG_2021_Human	Purine metabolism	1/129	0.1487694756391342	0.19835930085217893	6.892361111111111	-4.041189892105298	GUCY2D
KEGG_2021_Human	Olfactory transduction	1/440	0.4290230576444395	0.4290230576444395	1.9309035687167806	-0.5371969940112262	GUCY2D
