Gene_set	Pathway	Overlap	P-value	Adjusted P-value	Odds Ratio	Combined Score	Genes
KEGG_2021_Human	N-Glycan biosynthesis	3/50	2.5974439121209737e-05	0.00023376995209088765	73.13981762917933	-125.1475077148889	ALG8;ALG9;GANAB
KEGG_2021_Human	Protein processing in endoplasmic reticulum	3/171	0.001002517650275218	0.004511329426238482	20.153061224489797	-42.32164227015314	GANAB;PRKCSH;SEC63
KEGG_2021_Human	Protein export	1/23	0.028125816737661832	0.0843774502129855	40.63636363636363	-20.601670877696893	SEC63
KEGG_2021_Human	Various types of N-glycan biosynthesis	1/39	0.04726953625210418	0.10635645656723441	23.47953216374269	-13.258394033479371	ALG9
KEGG_2021_Human	Gastric acid secretion	1/76	0.09024597396088518	0.16244275312959333	11.841481481481482	-7.141387005986298	SST
KEGG_2021_Human	Growth hormone synthesis, secretion and action	1/119	0.13799386385009413	0.2069907957751412	7.4858757062146895	-4.435243302362896	SST
KEGG_2021_Human	cAMP signaling pathway	1/216	0.23752539179620868	0.3053897894522683	4.058397932816537	-2.065502377074288	SST
KEGG_2021_Human	MicroRNAs in cancer	1/310	0.3239838755949599	0.3504975915199974	2.7900035958288387	-1.143955577607994	MIR345
KEGG_2021_Human	Neuroactive ligand-receptor interaction	1/341	0.3504975915199974	0.3504975915199974	2.5254901960784313	-0.9533164047874388	SST
