Gene_set	Pathway	Overlap	P-value	Adjusted P-value	Odds Ratio	Combined Score	Genes
KEGG_2021_Human	Staphylococcus aureus infection	2/95	0.005791844483948442	0.034751066903690654	21.438172043010752	-28.45964210186145	DSG1;KRT9
KEGG_2021_Human	Apoptosis	1/142	0.16259648475288416	0.16259648475288416	6.2466509062253746	-3.6047270952512624	CTSC
KEGG_2021_Human	Arrhythmogenic right ventricular cardiomyopathy	1/77	0.09138288226635771	0.16259648475288416	11.68421052631579	-7.04872976578505	DSP
KEGG_2021_Human	Estrogen signaling pathway	1/137	0.15730251033809037	0.16259648475288416	6.480392156862745	-3.763669230249352	KRT9
KEGG_2021_Human	Lysosome	1/128	0.14769739689308778	0.16259648475288416	6.94750656167979	-4.078087345546839	CTSC
KEGG_2021_Human	Salivary secretion	1/93	0.1094003568916107	0.16259648475288416	9.632850241545894	-5.8073541800756905	AQP5
