Gene_set	Pathway	Overlap	P-value	Adjusted P-value	Odds Ratio	Combined Score	Genes
KEGG_2021_Human	Gastric cancer	2/149	0.013800829937106646	0.07802569894786489	13.47108843537415	-18.28530462280935	TERC;TERT
KEGG_2021_Human	Hepatocellular carcinoma	2/168	0.01733904421063664	0.07802569894786489	11.900602409638553	-16.11078229535683	TERC;TERT
KEGG_2021_Human	Lysosome	1/128	0.14769739689308778	0.22154609533963168	6.94750656167979	-4.078087345546839	TPP1
KEGG_2021_Human	Pathways in cancer	2/531	0.13679480156092927	0.22154609533963168	3.5628544423440456	-3.410136075895621	TERC;TERT
KEGG_2021_Human	RNA degradation	1/79	0.09365286357020701	0.22154609533963168	11.381766381766381	-6.869579561667118	PARN
KEGG_2021_Human	Ribosome biogenesis in eukaryotes	1/108	0.12599902727061665	0.22154609533963168	8.2668743509865	-4.943743954376122	DKC1
KEGG_2021_Human	Necroptosis	1/159	0.18037286671285227	0.23190797148795292	5.562587904360056	-3.1333425612983894	PPIA
KEGG_2021_Human	Human T-cell leukemia virus 1 infection	1/219	0.24043153000367978	0.2704854712541398	4.001019367991845	-2.0240281738454993	TERT
KEGG_2021_Human	Human papillomavirus infection	1/331	0.3420488957114324	0.3420488957114324	2.6053872053872054	-1.0106876845884132	TERT
