Gene_set	Pathway	Overlap	P-value	Adjusted P-value	Odds Ratio	Combined Score	Genes
KEGG_2021_Human	ABC transporters	1/45	0.05436047130022726	0.15730251033809037	20.262626262626263	-11.690056551619103	ABCA12
KEGG_2021_Human	Arachidonic acid metabolism	1/61	0.073038012879974	0.15730251033809037	14.829629629629629	-8.841826114974799	ALOX12B
KEGG_2021_Human	Arrhythmogenic right ventricular cardiomyopathy	1/77	0.09138288226635771	0.15730251033809037	11.68421052631579	-7.04872976578505	DSP
KEGG_2021_Human	Estrogen signaling pathway	1/137	0.15730251033809037	0.15730251033809037	6.480392156862745	-3.763669230249352	KRT10
KEGG_2021_Human	Serotonergic synapse	1/113	0.1314697223892576	0.15730251033809037	7.892857142857143	-4.701617375992292	ALOX12B
KEGG_2021_Human	Staphylococcus aureus infection	1/95	0.11162978125448282	0.15730251033809037	9.425531914893616	-5.678293992521663	KRT10
