Gene_set	Pathway	Overlap	P-value	Adjusted P-value	Odds Ratio	Combined Score	Genes
KEGG_2021_Human	Retinol metabolism	2/68	0.0030081604419031007	0.024065283535224805	30.310606060606062	-38.524679686703344	RDH8;RPE65
KEGG_2021_Human	Biosynthesis of unsaturated fatty acids	1/27	0.03294392335593595	0.08785046228249586	34.36752136752137	-18.084430415617646	ELOVL4
KEGG_2021_Human	Fatty acid elongation	1/27	0.03294392335593595	0.08785046228249586	34.36752136752137	-18.084430415617646	ELOVL4
KEGG_2021_Human	ABC transporters	1/45	0.05436047130022726	0.10872094260045452	20.262626262626263	-11.690056551619103	ABCA4
KEGG_2021_Human	Thyroid hormone signaling pathway	1/121	0.14015875566728583	0.22425400906765733	7.359259259259259	-4.351741094826131	THRB
KEGG_2021_Human	Axon guidance	1/182	0.2038826300760579	0.2444726720856773	4.841620626151013	-2.6265948500338347	PLXNA2
KEGG_2021_Human	Transcriptional misregulation in cancer	1/192	0.21391358807496763	0.2444726720856773	4.5823152995927865	-2.441961042053517	PROM1
KEGG_2021_Human	Neuroactive ligand-receptor interaction	1/341	0.3504975915199974	0.3504975915199974	2.5254901960784313	-0.9533164047874388	THRB
