Gene_set	Pathway	Overlap	P-value	Adjusted P-value	Odds Ratio	Combined Score	Genes
KEGG_2021_Human	RNA degradation	2/79	0.004039066601554195	0.024234399609325174	25.944805194805195	-33.71012652726606	EXOSC3;EXOSC8
KEGG_2021_Human	Aminoacyl-tRNA biosynthesis	1/66	0.07880627134542659	0.13024134460069126	13.68034188034188	-8.200693724608003	RARS2
KEGG_2021_Human	Glycolysis / Gluconeogenesis	1/67	0.07995603885498047	0.13024134460069126	13.47138047138047	-8.082458738692866	MINPP1
KEGG_2021_Human	Inositol phosphate metabolism	1/73	0.0868275630671275	0.13024134460069126	12.339506172839506	-7.43259286356604	MINPP1
KEGG_2021_Human	Necroptosis	1/159	0.18037286671285227	0.2164474400554227	5.562587904360056	-3.1333425612983894	CHMP1A
KEGG_2021_Human	Endocytosis	1/252	0.27174750318495006	0.27174750318495006	3.4603806994245243	-1.6315316807371463	CHMP1A
