Gene_set	Pathway	Overlap	P-value	Adjusted P-value	Odds Ratio	Combined Score	Genes
KEGG_2021_Human	AGE-RAGE signaling pathway in diabetic complications	1/100	0.11718138394436346	0.17002225787329622	8.94388327721661	-5.375723879218761	COL3A1
KEGG_2021_Human	Amoebiasis	1/102	0.11939326812281527	0.17002225787329622	8.764576457645765	-5.262086311101535	COL3A1
KEGG_2021_Human	Glycosaminoglycan biosynthesis	1/53	0.06374115884515756	0.17002225787329622	17.128205128205128	-10.081098986019231	CHST14
KEGG_2021_Human	Lysine degradation	1/63	0.0753492056247738	0.17002225787329622	14.347670250896057	-8.574814690072902	PLOD1
KEGG_2021_Human	Platelet activation	1/124	0.14339691916847833	0.17002225787329622	7.177055103884372	-4.231046804704064	COL3A1
KEGG_2021_Human	Protein digestion and absorption	1/103	0.12049733874954198	0.17002225787329622	8.677559912854031	-5.2067399522157665	COL3A1
KEGG_2021_Human	Relaxin signaling pathway	1/129	0.1487694756391342	0.17002225787329622	6.892361111111111	-4.041189892105298	COL3A1
KEGG_2021_Human	Diabetic cardiomyopathy	1/203	0.22481613944093093	0.22481613944093093	4.326732673267327	-2.2588473265567357	COL3A1
