Gene_set	Pathway	Overlap	P-value	Adjusted P-value	Odds Ratio	Combined Score	Genes
KEGG_2021_Human	Fanconi anemia pathway	2/54	0.0019072416100091318	0.01716517449008219	38.53846153846154	-47.00449188035578	ATR;ATRIP
KEGG_2021_Human	DNA replication	1/36	0.043706154548296745	0.19667769546733538	25.501587301587303	-14.206754592243437	DNA2
KEGG_2021_Human	p53 signaling pathway	1/73	0.0868275630671275	0.2604826892013825	12.339506172839506	-7.43259286356604	ATR
KEGG_2021_Human	Cell cycle	1/124	0.14339691916847833	0.26589113375148515	7.177055103884372	-4.231046804704064	ATR
KEGG_2021_Human	Cellular senescence	1/156	0.17726075583432344	0.26589113375148515	5.672401433691756	-3.209640069203435	ATR
KEGG_2021_Human	FoxO signaling pathway	1/131	0.1509099928727911	0.26589113375148515	6.7846153846153845	-3.968927686510734	PLK4
KEGG_2021_Human	Human T-cell leukemia virus 1 infection	1/219	0.24043153000367978	0.2704854712541398	4.001019367991845	-2.0240281738454993	ATR
KEGG_2021_Human	Human immunodeficiency virus 1 infection	1/212	0.23363497492364255	0.2704854712541398	4.137440758293839	-2.12256354972075	ATR
KEGG_2021_Human	Human papillomavirus infection	1/331	0.3420488957114324	0.3420488957114324	2.6053872053872054	-1.0106876845884132	ATR
