Gene_set	Pathway	Overlap	P-value	Adjusted P-value	Odds Ratio	Combined Score	Genes
KEGG_2021_Human	Mucin type O-glycan biosynthesis	2/36	0.0008497143189163187	0.007647428870246869	59.0735294117647	-65.67692864894883	C1GALT1C1;GCNT1
KEGG_2021_Human	Ferroptosis	1/41	0.04963848036556211	0.07170880370080226	22.3	-12.692261742471414	SLC39A8
KEGG_2021_Human	Glycosaminoglycan biosynthesis	1/53	0.06374115884515756	0.07170880370080226	17.128205128205128	-10.081098986019231	FUT8
KEGG_2021_Human	Glycosphingolipid biosynthesis	1/45	0.05436047130022726	0.07170880370080226	20.262626262626263	-11.690056551619103	B3GNT5
KEGG_2021_Human	Maturity onset diabetes of the young	1/26	0.03174141642153645	0.07170880370080226	35.74666666666667	-18.6524135039421	HNF1A
KEGG_2021_Human	N-Glycan biosynthesis	1/50	0.060233261208856796	0.07170880370080226	18.183673469387756	-10.63265628196324	FUT8
KEGG_2021_Human	Other types of O-glycan biosynthesis	1/47	0.05671353920929476	0.07170880370080226	19.3768115942029	-11.24402387762608	C1GALT1C1
KEGG_2021_Human	Various types of N-glycan biosynthesis	1/39	0.04726953625210418	0.07170880370080226	23.47953216374269	-13.258394033479371	FUT8
KEGG_2021_Human	Transcriptional misregulation in cancer	1/192	0.21391358807496763	0.21391358807496763	4.5823152995927865	-2.441961042053517	FUT8
