Gene_set	Pathway	Overlap	P-value	Adjusted P-value	Odds Ratio	Combined Score	Genes
KEGG_2021_Human	Nitrogen metabolism	1/17	0.020858141730383632	0.16686513384306906	55.916666666666664	-26.157848827787358	CA8
KEGG_2021_Human	Aldosterone-regulated sodium reabsorption	1/37	0.04489527895199197	0.17958111580796787	24.790123456790123	-13.876145105511855	NR3C2
KEGG_2021_Human	Amyotrophic lateral sclerosis	1/364	0.3695602254440061	0.4223545433645784	2.3584328129782675	-0.8341701676241932	DNAH8
KEGG_2021_Human	Endocytosis	1/252	0.27174750318495006	0.4223545433645784	3.4603806994245243	-1.6315316807371463	EHD1
KEGG_2021_Human	Huntington disease	1/306	0.32049274018188956	0.4223545433645784	2.8280510018214935	-1.1715156192121785	DNAH8
KEGG_2021_Human	Lipid and atherosclerosis	1/215	0.23655445762047492	0.4223545433645784	4.077881619937695	-2.079575623138921	VLDLR
KEGG_2021_Human	Spinocerebellar ataxia	1/143	0.163651680714637	0.4223545433645784	6.2018779342723	-3.57415842622014	VLDLR
KEGG_2021_Human	Pathways of neurodegeneration	1/475	0.45466905008847364	0.45466905008847364	1.7801218940459447	-0.4367315309409891	DNAH8
