Gene_set	Pathway	Overlap	P-value	Adjusted P-value	Odds Ratio	Combined Score	Genes
KEGG_2021_Human	Peroxisome	9/82	7.233670594610224e-18	2.8934682378440895e-17	985.6849315068494	-646.7472894382047	ABCD3;PEX1;PEX11B;PEX13;PEX14;PEX16;PEX26;PEX3;PEX6
KEGG_2021_Human	Primary bile acid biosynthesis	1/17	0.020858141730383632	0.041716283460767264	55.916666666666664	-26.157848827787358	AKR1D1
KEGG_2021_Human	ABC transporters	1/45	0.05436047130022726	0.07248062840030302	20.262626262626263	-11.690056551619103	ABCD3
KEGG_2021_Human	Steroid hormone biosynthesis	1/61	0.073038012879974	0.073038012879974	14.829629629629629	-8.841826114974799	AKR1D1
