Gene_set	Pathway	Overlap	P-value	Adjusted P-value	Odds Ratio	Combined Score	Genes
KEGG_2021_Human	Dilated cardiomyopathy	3/96	0.00018374636871156005	0.0003674927374231201	36.75115207373272	-72.3633636571175	EMD;LMNA;TTN
KEGG_2021_Human	Hypertrophic cardiomyopathy	3/90	0.0001516751254259338	0.0003674927374231201	39.31527093596059	-76.57130704398227	EMD;LMNA;TTN
KEGG_2021_Human	Arrhythmogenic right ventricular cardiomyopathy	2/77	0.0038409427449733026	0.005121256993297737	26.643333333333334	-34.49723066158141	EMD;LMNA
KEGG_2021_Human	Apoptosis	1/142	0.16259648475288416	0.16259648475288416	6.2466509062253746	-3.6047270952512624	LMNA
