Gene_set	Pathway	Overlap	P-value	Adjusted P-value	Odds Ratio	Combined Score	Genes
KEGG_2021_Human	Basal cell carcinoma	3/63	3.6731550642052176e-05	0.0001469262025682087	66.74166666666666	-113.42804687196868	GLI1;GLI3;SHH
KEGG_2021_Human	Hedgehog signaling pathway	3/56	2.5740806936042184e-05	0.0001469262025682087	75.62264150943396	-124.77445123209242	GLI1;GLI3;SHH
KEGG_2021_Human	Pathways in cancer	3/531	0.017598176798807392	0.0452733350792728	7.141098484848484	-13.09386292851968	GLI1;GLI3;SHH
KEGG_2021_Human	cAMP signaling pathway	2/216	0.0226366675396364	0.0452733350792728	10.48731642189586	-13.778020410660137	GLI1;GLI3
KEGG_2021_Human	Axon guidance	1/182	0.18551146723516065	0.23614561249439928	5.447513812154696	-3.018194858017132	SHH
KEGG_2021_Human	Gastric cancer	1/149	0.154342071919502	0.23614561249439928	6.690033783783784	-3.8625199374245844	SHH
KEGG_2021_Human	Proteoglycans in cancer	1/205	0.20662741093259937	0.23614561249439928	4.8192401960784315	-2.580067641436469	SHH
KEGG_2021_Human	Herpes simplex virus 1 infection	1/498	0.436153406268731	0.436153406268731	1.904426559356137	-0.5121739504679084	ZNF141
