Gene_set	Pathway	Overlap	P-value	Adjusted P-value	Odds Ratio	Combined Score	Genes
KEGG_2021_Human	Glutamatergic synapse	2/114	0.008250737618367619	0.06600590094694095	17.758928571428573	-23.921532741216183	SHANK2;SHANK3
KEGG_2021_Human	Pentose phosphate pathway	1/30	0.03654338399736008	0.14617353598944033	30.800766283524904	-16.574318247175444	TKT
KEGG_2021_Human	Neuroactive ligand-receptor interaction	2/341	0.06390297287134222	0.1704079276569126	5.699852507374631	-6.82883638517627	OXT;SCT
KEGG_2021_Human	Bile secretion	1/90	0.10604677818396174	0.19102922899650443	9.961298377028713	-6.010407578745034	SCT
KEGG_2021_Human	Pancreatic secretion	1/102	0.11939326812281527	0.19102922899650443	8.764576457645765	-5.262086311101535	SCT
KEGG_2021_Human	Oxytocin signaling pathway	1/154	0.17518011116339122	0.2335734815511883	5.74800290486565	-3.2620286219941206	OXT
KEGG_2021_Human	RNA transport	1/186	0.20790875456503763	0.23752539179620868	4.734534534534535	-2.5504914662503393	FMR1
KEGG_2021_Human	cAMP signaling pathway	1/216	0.23752539179620868	0.23752539179620868	4.058397932816537	-2.065502377074288	OXT
