Gene_set	Term	Overlap	P-value	Adjusted P-value	Old P-value	Old Adjusted P-value	Odds Ratio	Combined Score	Genes
KEGG_2021_Human	Cysteine and methionine metabolism	2/50	6.124885469014406e-06	3.0624427345072026e-05	0	0	39900.0	478925.7049757249	MPST;CTH
KEGG_2021_Human	Sulfur relay system	1/8	0.0007998405838081707	0.0016662536962464	0	0	2855.8571428571427	20365.397503539734	MPST
KEGG_2021_Human	Sulfur metabolism	1/10	0.0009997522177478495	0.0016662536962464	0	0	2221.0	15342.674867192924	MPST
KEGG_2021_Human	Selenocompound metabolism	1/17	0.0016992869527882	0.0021241086909852	0	0	1248.875	7964.758454432207	CTH
KEGG_2021_Human	Glycine, serine and threonine metabolism	1/40	0.003996041440723	0.003996041440723	0	0	511.7692307692308	2826.220524641283	CTH
