Gene_set	Pathway	Overlap	P-value	Adjusted P-value	Odds Ratio	Combined Score	Genes
KEGG_2021_Human	Mineral absorption	3/60	4.505443332381932e-05	0.0004054898999143739	60.233082706766915	-107.89522342261756	ATOX1;ATP7A;ATP7B
KEGG_2021_Human	Ferroptosis	2/41	0.001102329014027565	0.004960480563124042	51.467948717948715	-59.107363137308084	CP;PRNP
KEGG_2021_Human	ABC transporters	1/45	0.05436047130022726	0.09784884834040906	20.262626262626263	-11.690056551619103	ABCC2
KEGG_2021_Human	Base excision repair	1/33	0.040130782413471976	0.09784884834040906	27.90277777777778	-15.299431750604054	MBD4
KEGG_2021_Human	Porphyrin and chlorophyll metabolism	1/43	0.052002121863896134	0.09784884834040906	21.232804232804234	-12.171283962486152	CP
KEGG_2021_Human	Bile secretion	1/90	0.10604677818396174	0.15907016727594261	9.961298377028713	-6.010407578745034	ABCC2
KEGG_2021_Human	Lysosome	1/128	0.14769739689308778	0.1898966531482557	6.94750656167979	-4.078087345546839	SLC17A5
KEGG_2021_Human	Prion disease	1/273	0.2910658516731848	0.3274490831323329	3.184640522875817	-1.4307154955453085	PRNP
KEGG_2021_Human	Pathways of neurodegeneration	1/475	0.45466905008847364	0.45466905008847364	1.7801218940459447	-0.4367315309409891	PRNP
