Gene_set	Pathway	Overlap	P-value	Adjusted P-value	Odds Ratio	Combined Score	Genes
KEGG_2021_Human	ABC transporters	1/45	0.01111102494151136	0.04423719054925753	182.54545454545453	-42.2765653189156	CFTR
KEGG_2021_Human	AMPK signaling pathway	1/120	0.029491460366171687	0.04423719054925753	66.8655462184874	-19.98563169880216	CFTR
KEGG_2021_Human	Bile secretion	1/90	0.022159977117986347	0.04423719054925753	89.74157303370787	-25.093023977808194	CFTR
KEGG_2021_Human	Gastric acid secretion	1/76	0.018729177077904197	0.04423719054925753	106.68	-28.58833949386049	CFTR
KEGG_2021_Human	Pancreatic secretion	1/102	0.025095880964729086	0.04423719054925753	78.96039603960396	-22.748785076180656	CFTR
KEGG_2021_Human	Vibrio cholerae infection	1/50	0.012341751616183217	0.04423719054925753	163.81632653061226	-39.133899232795265	CFTR
KEGG_2021_Human	Tight junction	1/169	0.041406887036119874	0.05276681610212277	47.07142857142857	-15.075224371117494	CFTR
KEGG_2021_Human	Transcriptional misregulation in cancer	1/192	0.04697446154788385	0.05276681610212277	41.282722513089006	-13.522096244351848	MYCN
KEGG_2021_Human	cAMP signaling pathway	1/216	0.05276681610212277	0.05276681610212277	36.562790697674416	-12.206092950435757	CFTR
