Gene_set	Pathway	Overlap	P-value	Adjusted P-value	Odds Ratio	Combined Score	Genes
KEGG_2021_Human	Cell cycle	3/124	0.0003915863175160221	0.0031326905401281766	28.14757969303424	-57.47285652579811	RAD21;SMC1A;SMC3
KEGG_2021_Human	Oocyte meiosis	2/129	0.010471317399144716	0.041885269596578865	15.631889763779528	-21.1770620526928	SMC1A;SMC3
KEGG_2021_Human	Lysine degradation	1/63	0.0753492056247738	0.2009312149993968	14.347670250896057	-8.574814690072902	KMT2A
KEGG_2021_Human	Alcoholism	1/186	0.20790875456503763	0.22481613944093093	4.734534534534535	-2.5504914662503393	HDAC8
KEGG_2021_Human	Cushing syndrome	1/155	0.17622102470306392	0.22481613944093093	5.70995670995671	-3.235678410841787	KMT2A
KEGG_2021_Human	Neutrophil extracellular trap formation	1/189	0.21091631211370437	0.22481613944093093	4.657210401891253	-2.4954112144854435	HDAC8
KEGG_2021_Human	Transcriptional misregulation in cancer	1/192	0.21391358807496763	0.22481613944093093	4.5823152995927865	-2.441961042053517	KMT2A
KEGG_2021_Human	Viral carcinogenesis	1/203	0.22481613944093093	0.22481613944093093	4.326732673267327	-2.2588473265567357	HDAC8
