Gene_set	Pathway	Overlap	P-value	Adjusted P-value	Odds Ratio	Combined Score	Genes
KEGG_2021_Human	Alanine, aspartate and glutamate metabolism	1/37	0.04489527895199197	0.1405442761539992	24.790123456790123	-13.876145105511855	GFPT1
KEGG_2021_Human	Amino sugar and nucleotide sugar metabolism	1/48	0.05788809587819119	0.1405442761539992	18.962174940898347	-11.032973182262484	GFPT1
KEGG_2021_Human	N-Glycan biosynthesis	1/50	0.060233261208856796	0.1405442761539992	18.183673469387756	-10.63265628196324	DPAGT1
KEGG_2021_Human	ECM-receptor interaction	1/88	0.10380474953181053	0.1763986381788633	10.192848020434228	-6.152535327455873	AGRN
KEGG_2021_Human	Insulin resistance	1/108	0.12599902727061665	0.1763986381788633	8.2668743509865	-4.943743954376122	GFPT1
KEGG_2021_Human	Diabetic cardiomyopathy	1/203	0.22481613944093093	0.2622854960144194	4.326732673267327	-2.2588473265567357	GFPT1
KEGG_2021_Human	Neuroactive ligand-receptor interaction	1/341	0.3504975915199974	0.3504975915199974	2.5254901960784313	-0.9533164047874388	CHRNE
