Gene_set	Pathway	Overlap	P-value	Adjusted P-value	Odds Ratio	Combined Score	Genes
KEGG_2021_Human	RNA degradation	3/79	7.249365865405297e-05	0.00014498731730810594	52.58552631578947	-94.06752917877961	EXOSC2;EXOSC3;EXOSC8
KEGG_2021_Human	Aminoacyl-tRNA biosynthesis	1/66	0.07120927195879632	0.07120927195879632	15.392307692307693	-9.068591113517606	RARS2
