Gene_set	Pathway	Overlap	P-value	Adjusted P-value	Odds Ratio	Combined Score	Genes
KEGG_2021_Human	Non-homologous end-joining	1/13	0.01598588950543118	0.12788711604344943	74.5925925925926	-32.122678574322244	LIG4
KEGG_2021_Human	Cell cycle	1/124	0.14339691916847833	0.2714575906242385	7.177055103884372	-4.231046804704064	ORC6
KEGG_2021_Human	Hippo signaling pathway	1/163	0.1845058664849509	0.2714575906242385	5.422496570644719	-3.0356632226338247	AMH
KEGG_2021_Human	RNA transport	1/186	0.20790875456503763	0.2714575906242385	4.734534534534535	-2.5504914662503393	FMR1
KEGG_2021_Human	TGF-beta signaling pathway	1/94	0.11051569770952978	0.2714575906242385	9.528076463560334	-5.7422174156532195	AMH
KEGG_2021_Human	Ubiquitin mediated proteolysis	1/140	0.16048249753809815	0.2714575906242385	6.338129496402877	-3.6670604531534	CUL7
KEGG_2021_Human	cAMP signaling pathway	1/216	0.23752539179620868	0.2714575906242385	4.058397932816537	-2.065502377074288	AMH
KEGG_2021_Human	Cytokine-cytokine receptor interaction	1/295	0.310808292768788	0.310808292768788	2.9380196523053668	-1.2513063817932166	AMH
