Gene_set	Term	Overlap	P-value	Adjusted P-value	Old P-value	Old Adjusted P-value	Odds Ratio	Combined Score	Genes
KEGG_2021_Human	Vitamin digestion and absorption	4/24	3.3313943061605175e-10	2.998254875544465e-09	0	0	665.6666666666666	14526.48420867977	LMBRD1;CBLIF;SLC52A3;SLC19A2
KEGG_2021_Human	Selenocompound metabolism	1/17	0.0084693662805775	0.0278166924194153	0	0	138.70833333333334	661.8190142974174	MTR
KEGG_2021_Human	One carbon pool by folate	1/20	0.0099572476243861	0.0278166924194153	0	0	116.78947368421052	538.3357753631753	MTR
KEGG_2021_Human	Glyoxylate and dicarboxylate metabolism	1/30	0.0149023554252653	0.0278166924194153	0	0	76.47892720306514	321.6884165593148	MMUT
KEGG_2021_Human	Propanoate metabolism	1/34	0.0168741674533513	0.0278166924194153	0	0	67.1952861952862	274.2892350890436	MMUT
KEGG_2021_Human	ABC transporters	1/45	0.0222783509374741	0.0278166924194153	0	0	50.36868686868687	191.6095305229555	ABCD4
KEGG_2021_Human	Valine, leucine and isoleucine degradation	1/48	0.0237475721230066	0.0278166924194153	0	0	47.146572104018915	176.3411440394006	MMUT
KEGG_2021_Human	Cysteine and methionine metabolism	1/50	0.024725948817258	0.0278166924194153	0	0	45.21768707482993	167.3010120823387	MTR
KEGG_2021_Human	Peroxisome	1/82	0.0402604390785998	0.0402604390785998	0	0	27.310013717421125	87.73030443537515	ABCD4
