Gene_set	Term	Overlap	P-value	Adjusted P-value	Old P-value	Old Adjusted P-value	Odds Ratio	Combined Score	Genes
KEGG_2021_Human	Tyrosine metabolism	3/36	5.354877093659382e-09	1.0709754187318764e-08	0	0	59892.0	1140658.5972272805	DCT;TYRP1;TYR
KEGG_2021_Human	Melanogenesis	3/101	1.2499119131733982e-07	1.2499119131733982e-07	0	0	59697.0	948885.1624561176	DCT;TYRP1;TYR
