Gene_set	Term	Overlap	P-value	Adjusted P-value	Old P-value	Old Adjusted P-value	Odds Ratio	Combined Score	Genes
KEGG_2021_Human	Thyroid hormone synthesis	8/75	1.1893210909800651e-18	1.0703889818820585e-17	0	0	1189.4328358208954	49091.63870751689	DUOX1;TPO;TG;DUOXA2;SLC26A4;DUOX2;TSHR;SLC5A5
KEGG_2021_Human	Autoimmune thyroid disease	3/53	2.0809675677100942e-06	9.364354054695423e-06	0	0	170.9142857142857	2236.0164964871383	TPO;TG;TSHR
KEGG_2021_Human	Tyrosine metabolism	1/36	0.0178587410119325	0.0535762230357975	0	0	63.34920634920635	254.99716559529233	TPO
KEGG_2021_Human	Regulation of lipolysis in adipocytes	1/55	0.0271680313352525	0.0611280705043182	0	0	41.02057613168724	147.90847858667095	TSHR
KEGG_2021_Human	AGE-RAGE signaling pathway in diabetic complications	1/100	0.0489003911418304	0.0880207040552948	0	0	22.32435465768799	67.37423003045056	NOX4
KEGG_2021_Human	cAMP signaling pathway	1/216	0.1029212666737852	0.1543819000106778	0	0	10.219638242894057	23.237321299310643	TSHR
KEGG_2021_Human	Neuroactive ligand-receptor interaction	1/341	0.1580282660331969	0.1911897679119649	0	0	6.421568627450981	11.847674438945711	TSHR
KEGG_2021_Human	Alzheimer disease	1/369	0.169946460366191	0.1911897679119649	0	0	5.924516908212561	10.499854426089636	NOX4
KEGG_2021_Human	Pathways of neurodegeneration	1/475	0.213702443105364	0.213702443105364	0	0	4.574777308954524	7.0596622304501	NOX4
