Gene_set	Pathway	Overlap	P-value	Adjusted P-value	Odds Ratio	Combined Score	Genes
KEGG_2021_Human	Glycosaminoglycan degradation	8/19	7.571350593934605e-21	5.299945415754224e-20	2929.818181818182	-1199.6526004843067	ARSB;GALNS;GUSB;HGSNAT;IDS;IDUA;NAGLU;SGSH
KEGG_2021_Human	Lysosome	8/128	1.3979667301701514e-13	4.892883555595531e-13	264.93333333333334	-457.4549917212001	ARSB;GALNS;GUSB;HGSNAT;IDS;IDUA;NAGLU;SGSH
KEGG_2021_Human	Ascorbate and aldarate metabolism	1/30	0.03654338399736008	0.05785347064874411	30.800766283524904	-16.574318247175444	GUSB
KEGG_2021_Human	Pentose and glucuronate interconversions	1/34	0.0413239076062458	0.05785347064874411	27.053872053872055	-14.917083251918774	GUSB
KEGG_2021_Human	Salmonella infection	2/249	0.03617242514905692	0.05785347064874411	7.915991902834008	-10.280113155611538	VPS16;VPS33A
KEGG_2021_Human	Porphyrin and chlorophyll metabolism	1/43	0.052002121863896134	0.06066914217454549	21.232804232804234	-12.171283962486152	GUSB
KEGG_2021_Human	Drug metabolism	1/108	0.12599902727061665	0.12599902727061665	8.2668743509865	-4.943743954376122	GUSB
