Gene_set	Pathway	Overlap	P-value	Adjusted P-value	Odds Ratio	Combined Score	Genes
KEGG_2021_Human	Ferroptosis	2/41	0.001102329014027565	0.00220465802805513	51.467948717948715	-59.107363137308084	SLC39A14;SLC39A8
KEGG_2021_Human	Mineral absorption	2/60	0.0023497251222600107	0.0023497251222600107	34.525862068965516	-42.95708800176444	SLC30A1;SLC39A4
