Gene_set	Pathway	Overlap	P-value	Adjusted P-value	Odds Ratio	Combined Score	Genes
KEGG_2021_Human	Fanconi anemia pathway	4/54	3.6360643690551565e-07	2.54524505833861e-06	106.90666666666667	-226.43586700911175	BLM;RAD51;RMI1;RPA1
KEGG_2021_Human	Homologous recombination	3/41	1.4210039899252074e-05	4.9735139647382265e-05	90.56390977443608	-146.56914663391532	BLM;RAD51;RPA1
KEGG_2021_Human	Mismatch repair	1/23	0.028125816737661832	0.06562690572121095	40.63636363636363	-20.601670877696893	RPA1
KEGG_2021_Human	DNA replication	1/36	0.043706154548296745	0.0764857704595193	25.501587301587303	-14.206754592243437	RPA1
KEGG_2021_Human	Nucleotide excision repair	1/47	0.05671353920929476	0.07939895489301267	19.3768115942029	-11.24402387762608	RPA1
KEGG_2021_Human	Pancreatic cancer	1/76	0.09024597396088518	0.10528696962103272	11.841481481481482	-7.141387005986298	RAD51
KEGG_2021_Human	Pathways in cancer	1/531	0.4935522426966286	0.4935522426966286	1.580293501048218	-0.3089273055464	RAD51
