Gene_set	Pathway	Overlap	P-value	Adjusted P-value	Odds Ratio	Combined Score	Genes
KEGG_2021_Human	Hedgehog signaling pathway	8/56	1.4113766041114152e-16	1.2702389437002739e-15	668.3333333333334	-696.3642511414844	GLI1;GLI3;GPR161;PTCH1;PTCH2;SHH;SMO;SUFU
KEGG_2021_Human	Basal cell carcinoma	7/63	1.4676335618450119e-13	6.604351028302554e-13	333.8333333333333	-573.250156065627	GLI1;GLI3;PTCH1;PTCH2;SHH;SMO;SUFU
KEGG_2021_Human	Pathways in cancer	7/531	5.145953593955757e-07	1.5437860781867272e-06	33.592875318066156	-117.25791336202394	GLI1;GLI3;PTCH1;PTCH2;SHH;SMO;SUFU
KEGG_2021_Human	Axon guidance	3/182	0.0012012854729783365	0.002702892314201257	18.88826815642458	-39.78078503948119	PTCH1;SHH;SMO
KEGG_2021_Human	Proteoglycans in cancer	3/205	0.0016941022902244062	0.0029533475210879894	16.68882602545969	-35.25303962280841	PTCH1;SHH;SMO
KEGG_2021_Human	cAMP signaling pathway	3/216	0.001968898347391993	0.0029533475210879894	15.804828973843058	-33.39161145354852	GLI1;GLI3;PTCH1
KEGG_2021_Human	Fanconi anemia pathway	1/54	0.06490783652883964	0.0730213160949446	16.80293501048218	-9.908989834571736	FANCC
KEGG_2021_Human	Vibrio cholerae infection	1/50	0.060233261208856796	0.0730213160949446	18.183673469387756	-10.63265628196324	KDELR2
KEGG_2021_Human	Gastric cancer	1/149	0.16995776547310146	0.16995776547310146	5.945945945945946	-3.3986573195730956	SHH
