Gene_set	Pathway	Overlap	P-value	Adjusted P-value	Odds Ratio	Combined Score	Genes
KEGG_2021_Human	Basal cell carcinoma	4/63	6.811887802918996e-07	2.7247551211675985e-06	90.49717514124293	-200.30830604753126	GLI3;KIF7;SHH;SUFU
KEGG_2021_Human	Hedgehog signaling pathway	4/56	4.217840759799817e-07	2.7247551211675985e-06	102.76923076923077	-220.01918960829536	GLI3;KIF7;SHH;SUFU
KEGG_2021_Human	Pathways in cancer	4/531	0.0028173482711087343	0.007512928722956625	9.539531941808981	-25.060320343159585	GLI3;KIF7;SHH;SUFU
KEGG_2021_Human	Axon guidance	1/182	0.2038826300760579	0.23752539179620868	4.841620626151013	-2.6265948500338347	SHH
KEGG_2021_Human	Gastric cancer	1/149	0.16995776547310146	0.23752539179620868	5.945945945945946	-3.3986573195730956	SHH
KEGG_2021_Human	Proteoglycans in cancer	1/205	0.22678373523038298	0.23752539179620868	4.283224400871459	-2.2275706216550177	SHH
KEGG_2021_Human	Signaling pathways regulating pluripotency of stem cells	1/143	0.163651680714637	0.23752539179620868	6.2018779342723	-3.57415842622014	TBX3
KEGG_2021_Human	cAMP signaling pathway	1/216	0.23752539179620868	0.23752539179620868	4.058397932816537	-2.065502377074288	GLI3
