Gene_set	Pathway	Overlap	P-value	Adjusted P-value	Odds Ratio	Combined Score	Genes
KEGG_2021_Human	Biosynthesis of unsaturated fatty acids	1/27	0.03294392335593595	0.06829017207926495	34.36752136752137	-18.084430415617646	ELOVL4
KEGG_2021_Human	Fatty acid elongation	1/27	0.03294392335593595	0.06829017207926495	34.36752136752137	-18.084430415617646	ELOVL4
KEGG_2021_Human	Phototransduction	1/28	0.034145086039632476	0.06829017207926495	33.09053497942387	-17.550803279788266	GUCA1A
KEGG_2021_Human	ABC transporters	1/45	0.05436047130022726	0.0815407069503409	20.262626262626263	-11.690056551619103	ABCA4
KEGG_2021_Human	Cell adhesion molecules	1/148	0.16890973234869874	0.20269167881843847	5.987150415721844	-3.427000500776257	CDH3
KEGG_2021_Human	Transcriptional misregulation in cancer	1/192	0.21391358807496763	0.21391358807496763	4.5823152995927865	-2.441961042053517	PROM1
