Gene_set	Pathway	Overlap	P-value	Adjusted P-value	Odds Ratio	Combined Score	Genes
KEGG_2021_Human	Lysosome	6/128	2.806581391919395e-09	8.419744175758187e-09	97.69672131147541	-290.9287426236646	CLN3;CLN5;MFSD8;PPT1;PSAP;TPP1
KEGG_2021_Human	Fatty acid elongation	1/27	0.03294392335593595	0.04941588503390392	34.36752136752137	-18.084430415617646	PPT1
KEGG_2021_Human	Sphingolipid metabolism	1/49	0.05906133610748362	0.05906133610748362	18.564814814814813	-10.829316375605623	PSAP
