Gene_set	Pathway	Overlap	P-value	Adjusted P-value	Odds Ratio	Combined Score	Genes
KEGG_2021_Human	Insulin resistance	1/108	0.12599902727061665	0.23359792611214306	8.2668743509865	-4.943743954376122	OGT
KEGG_2021_Human	Other types of O-glycan biosynthesis	1/47	0.05671353920929476	0.23359792611214306	19.3768115942029	-11.24402387762608	OGT
KEGG_2021_Human	Thyroid hormone signaling pathway	1/121	0.14015875566728583	0.23359792611214306	7.359259259259259	-4.351741094826131	MED13L
KEGG_2021_Human	Hepatocellular carcinoma	1/168	0.18964573513289215	0.23705716891611517	5.256819693945443	-2.919648521708157	SMARCA2
KEGG_2021_Human	Thermogenesis	1/232	0.25290994493508406	0.25290994493508406	3.7696007696007694	-1.8563524399324505	SMARCA2
