Gene_set	Term	Overlap	P-value	Adjusted P-value	Old P-value	Old Adjusted P-value	Odds Ratio	Combined Score	Genes
KEGG_2021_Human	Non-homologous end-joining	4/13	5.360136650850165e-13	1.6080409952550497e-12	0	0	8882.666666666666	250976.3422923159	RAD50;MRE11;LIG4;NHEJ1
KEGG_2021_Human	Homologous recombination	3/41	7.972406919171286e-08	1.195861037875693e-07	0	0	787.7763157894736	12875.963057851615	RAD50;MRE11;NBN
KEGG_2021_Human	Cellular senescence	3/156	4.601749577079666e-06	4.601749577079666e-06	0	0	194.52941176470588	2390.5863332283757	RAD50;MRE11;NBN
