Gene_set	Term	Overlap	P-value	Adjusted P-value	Old P-value	Old Adjusted P-value	Odds Ratio	Combined Score	Genes
KEGG_2021_Human	Synaptic vesicle cycle	4/78	1.0667542577074086e-09	2.133508515414817e-09	0	0	1076.8108108108108	22245.45249084253	UNC13B;RIMS1;SYT1;STXBP1
KEGG_2021_Human	Retrograde endocannabinoid signaling	1/148	0.0364598252430718	0.0364598252430718	0	0	33.755102040816325	111.78151585561793	RIMS1
