Gene_set	Pathway	Overlap	P-value	Adjusted P-value	Odds Ratio	Combined Score	Genes
KEGG_2021_Human	Neuroactive ligand-receptor interaction	4/341	0.0005351618124547931	0.004816456312093139	15.293768545994066	-42.41027454304954	BRS3;GRP;GRPR;NMB
KEGG_2021_Human	Cell adhesion molecules	2/148	0.0136245920729854	0.0613106643284343	13.565068493150685	-18.413416454449223	CD276;CD8A
KEGG_2021_Human	Primary immunodeficiency	1/38	0.046083072411820386	0.13824921723546116	24.117117117117118	-13.560364723090352	CD8A
KEGG_2021_Human	Antigen processing and presentation	1/78	0.09251851170984433	0.18240024510472141	11.531024531024531	-6.958150954500108	CD8A
KEGG_2021_Human	Hematopoietic cell lineage	1/99	0.11607356788707196	0.18240024510472141	9.036281179138323	-5.434068642481248	CD8A
KEGG_2021_Human	T cell receptor signaling pathway	1/104	0.12160016340314761	0.18240024510472141	8.592233009708737	-5.152341092635986	CD8A
KEGG_2021_Human	Yersinia infection	1/137	0.15730251033809037	0.2022460847204019	6.480392156862745	-3.763669230249352	CD8A
KEGG_2021_Human	Calcium signaling pathway	1/240	0.2604969587424048	0.2930590785852054	3.6397024639702464	-1.7619943041292825	GRPR
KEGG_2021_Human	Cytokine-cytokine receptor interaction	1/295	0.310808292768788	0.310808292768788	2.9380196523053668	-1.2513063817932166	CD70
