Gene_set	Pathway	Overlap	P-value	Adjusted P-value	Odds Ratio	Combined Score	Genes
KEGG_2021_Human	Cholesterol metabolism	3/50	2.5974439121209737e-05	0.00023376995209088765	73.13981762917933	-125.1475077148889	ANGPTL3;APOB;PCSK9
KEGG_2021_Human	Fat digestion and absorption	2/43	0.0012123028259538784	0.005455362716792453	48.94512195121951	-56.84526782917664	APOB;MTTP
KEGG_2021_Human	Pantothenate and CoA biosynthesis	1/21	0.025708671151013277	0.06599782001522055	44.71111111111111	-22.156501202137786	PANK2
KEGG_2021_Human	Vitamin digestion and absorption	1/24	0.02933236445120913	0.06599782001522055	38.86473429951691	-19.906523902743018	APOB
KEGG_2021_Human	Legionellosis	1/57	0.06840002327828267	0.102600034917424	15.896825396825397	-9.424000900813787	SAR1B
KEGG_2021_Human	Pyrimidine metabolism	1/56	0.06723726744113623	0.102600034917424	16.187878787878788	-9.580691348846925	CMPK1
KEGG_2021_Human	Drug metabolism	1/108	0.12599902727061665	0.1619987493479357	8.2668743509865	-4.943743954376122	CMPK1
KEGG_2021_Human	Protein processing in endoplasmic reticulum	1/171	0.19271564324144907	0.21680509864663022	5.162091503267974	-2.8530763101358976	SAR1B
KEGG_2021_Human	Lipid and atherosclerosis	1/215	0.23655445762047492	0.23655445762047492	4.077881619937695	-2.079575623138921	APOB
