Gene_set	Pathway	Overlap	P-value	Adjusted P-value	Odds Ratio	Combined Score	Genes
KEGG_2021_Human	Arginine and proline metabolism	2/50	0.0016370061401984127	0.006548024560793651	41.770833333333336	-50.1560330081587	GATM;OAT
KEGG_2021_Human	Glycine, serine and threonine metabolism	1/40	0.04845467179601247	0.09690934359202494	22.874643874643876	-12.969307291652413	GATM
KEGG_2021_Human	Lysosome	1/128	0.14769739689308778	0.1710046090025842	6.94750656167979	-4.078087345546839	CLN3
KEGG_2021_Human	Spliceosome	1/150	0.1710046090025842	0.1710046090025842	5.905294556301268	-3.370661515310376	RP9
