Gene_set	Pathway	Overlap	P-value	Adjusted P-value	Odds Ratio	Combined Score	Genes
KEGG_2021_Human	Arginine biosynthesis	2/22	0.00019630966143312052	0.0013741676300318437	134.16666666666666	-114.60249384112915	ASL;OTC
KEGG_2021_Human	Pyrimidine metabolism	2/56	0.0012868469517375355	0.004503964331081374	49.48148148148148	-55.171329143890226	DHODH;UMPS
KEGG_2021_Human	Drug metabolism	2/108	0.004705097324302053	0.010978560423371458	25.044025157232703	-31.24345874590391	HPRT1;UMPS
KEGG_2021_Human	Alanine, aspartate and glutamate metabolism	1/37	0.036076040778369164	0.06313307136214605	31.88095238095238	-16.76466023562787	ASL
KEGG_2021_Human	Arginine and proline metabolism	1/50	0.04847820949065673	0.06428133605224635	23.38483965014577	-12.973692386574943	ODC1
KEGG_2021_Human	Glutathione metabolism	1/57	0.05509828804478259	0.06428133605224635	20.443877551020407	-11.557244877555068	ODC1
KEGG_2021_Human	Purine metabolism	1/129	0.12088692289486735	0.12088692289486735	8.863839285714286	-5.200123947640444	HPRT1
