Gene_set	Pathway	Overlap	P-value	Adjusted P-value	Odds Ratio	Combined Score	Genes
KEGG_2021_Human	Peroxisome	2/82	0.004345071040390256	0.008690142080780512	24.9625	-32.59170128251897	PEX1;PEX26
KEGG_2021_Human	Lysosome	1/128	0.14769739689308778	0.14769739689308778	6.94750656167979	-4.078087345546839	SLC17A5
