Gene_set	Pathway	Overlap	P-value	Adjusted P-value	Odds Ratio	Combined Score	Genes
KEGG_2021_Human	Lysosome	4/128	1.1733860979334071e-05	9.387088783467257e-05	42.70967741935484	-110.50319683107625	CLN3;CTNS;NPC1;NPC2
KEGG_2021_Human	Cholesterol metabolism	2/50	0.0016370061401984127	0.006548024560793651	41.770833333333336	-50.1560330081587	NPC1;NPC2
KEGG_2021_Human	Adrenergic signaling in cardiomyocytes	1/150	0.1710046090025842	0.2935590061411325	5.905294556301268	-3.370661515310376	SCN7A
KEGG_2021_Human	Growth hormone synthesis, secretion and action	1/119	0.13799386385009413	0.2935590061411325	7.4858757062146895	-4.435243302362896	GH1
KEGG_2021_Human	JAK-STAT signaling pathway	1/162	0.18347437883820783	0.2935590061411325	5.456866804692892	-3.0596637281364782	GH1
KEGG_2021_Human	Cytokine-cytokine receptor interaction	1/295	0.310808292768788	0.36133488698431165	2.9380196523053668	-1.2513063817932166	GH1
KEGG_2021_Human	Neuroactive ligand-receptor interaction	1/341	0.3504975915199974	0.36133488698431165	2.5254901960784313	-0.9533164047874388	GH1
KEGG_2021_Human	PI3K-Akt signaling pathway	1/354	0.36133488698431165	0.36133488698431165	2.4283915643689014	-0.883914601009246	GH1
