Gene_set	Pathway	Overlap	P-value	Adjusted P-value	Odds Ratio	Combined Score	Genes
KEGG_2021_Human	Dilated cardiomyopathy	3/96	8.724501314933798e-05	0.00026173503944801395	51.464516129032255	-88.62439997331676	EMD;LMNA;TTN
KEGG_2021_Human	Hypertrophic cardiomyopathy	3/90	7.193676193277559e-05	0.00026173503944801395	55.0551724137931	-93.57615986052133	EMD;LMNA;TTN
KEGG_2021_Human	Arrhythmogenic right ventricular cardiomyopathy	2/77	0.002419654749982885	0.00483930949996577	35.53333333333333	-42.186273066424384	EMD;LMNA
KEGG_2021_Human	Lysine degradation	1/63	0.060740528862492635	0.09111079329373896	18.451612903225808	-10.560439573647718	EZH1
KEGG_2021_Human	Apoptosis	1/142	0.1323281053426077	0.14967554881905762	8.033434650455927	-4.678053096257015	LMNA
KEGG_2021_Human	JAK-STAT signaling pathway	1/162	0.14967554881905762	0.14967554881905762	7.017746228926353	-4.023285767096423	FHL1
