Gene_set	Pathway	Overlap	P-value	Adjusted P-value	Odds Ratio	Combined Score	Genes
KEGG_2021_Human	Cell cycle	3/124	0.0003915863175160221	0.0010996701676030207	28.14757969303424	-57.47285652579811	RAD21;SMC1A;SMC3
KEGG_2021_Human	Oocyte meiosis	3/129	0.00043986806704120836	0.0010996701676030207	27.01360544217687	-55.40965280021221	SGO1;SMC1A;SMC3
KEGG_2021_Human	Alcoholism	1/186	0.20790875456503763	0.22481613944093093	4.734534534534535	-2.5504914662503393	HDAC8
KEGG_2021_Human	Neutrophil extracellular trap formation	1/189	0.21091631211370437	0.22481613944093093	4.657210401891253	-2.4954112144854435	HDAC8
KEGG_2021_Human	Viral carcinogenesis	1/203	0.22481613944093093	0.22481613944093093	4.326732673267327	-2.2588473265567357	HDAC8
