Gene_set	Pathway	Overlap	P-value	Adjusted P-value	Odds Ratio	Combined Score	Genes
KEGG_2021_Human	AMPK signaling pathway	1/120	0.014855162168853676	0.023909737205107345	inf	-34.27933203199715	STK11
KEGG_2021_Human	Adipocytokine signaling pathway	1/69	0.008541718247090862	0.023909737205107345	inf	-51.312871107684245	STK11
KEGG_2021_Human	Autophagy	1/137	0.016959643476107945	0.023909737205107345	inf	-31.0391172657211	STK11
KEGG_2021_Human	FoxO signaling pathway	1/131	0.01621688536766526	0.023909737205107345	inf	-32.10277506241174	STK11
KEGG_2021_Human	Longevity regulating pathway	1/102	0.012626887843525624	0.023909737205107345	inf	-38.660313028445806	STK11
KEGG_2021_Human	Tight junction	1/169	0.020921020054468928	0.023909737205107345	inf	-26.454021730921337	STK11
KEGG_2021_Human	mTOR signaling pathway	1/154	0.019064124783362217	0.023909737205107345	inf	-28.405421962779567	STK11
KEGG_2021_Human	PI3K-Akt signaling pathway	1/354	0.04382272839811834	0.04382272839811834	inf	-14.609356207381175	STK11
