Gene_set	Pathway	Overlap	P-value	Adjusted P-value	Odds Ratio	Combined Score	Genes
KEGG_2021_Human	ABC transporters	2/45	0.0008317859313024925	0.004158929656512462	62.224806201550386	-65.903735501931	ABCA12;ABCA3
KEGG_2021_Human	Arachidonic acid metabolism	1/61	0.058863066454133285	0.1279431645772546	19.071428571428573	-10.874028557835109	ALOX12B
KEGG_2021_Human	Estrogen signaling pathway	1/137	0.1279431645772546	0.1279431645772546	8.334033613445378	-4.86837563420875	KRT10
KEGG_2021_Human	Serotonergic synapse	1/113	0.10662441282666835	0.1279431645772546	10.150510204081632	-5.987127932192077	ALOX12B
KEGG_2021_Human	Staphylococcus aureus infection	1/95	0.09033744448274046	0.1279431645772546	12.121580547112462	-7.1459832811962585	KRT10
