Gene_set	Pathway	Overlap	P-value	Adjusted P-value	Odds Ratio	Combined Score	Genes
KEGG_2021_Human	Nitrogen metabolism	1/17	0.020858141730383632	0.06829017207926495	55.916666666666664	-26.157848827787358	CA4
KEGG_2021_Human	Phototransduction	1/28	0.034145086039632476	0.06829017207926495	33.09053497942387	-17.550803279788266	RHO
KEGG_2021_Human	Proximal tubule bicarbonate reclamation	1/23	0.028125816737661832	0.06829017207926495	40.63636363636363	-20.601670877696893	CA4
KEGG_2021_Human	ABC transporters	1/45	0.05436047130022726	0.0815407069503409	20.262626262626263	-11.690056551619103	ABCA4
KEGG_2021_Human	Retinol metabolism	1/68	0.0811045146521906	0.0973254175826287	13.26865671641791	-7.96724592924887	RPE65
KEGG_2021_Human	Hippo signaling pathway	1/163	0.1845058664849509	0.1845058664849509	5.422496570644719	-3.0356632226338247	CRB1
