Gene_set	Pathway	Overlap	P-value	Adjusted P-value	Odds Ratio	Combined Score	Genes
KEGG_2021_Human	Nicotine addiction	1/40	0.009879531936406956	0.039518127745627823	206.07692307692307	-46.05496499147321	CHRNA4
KEGG_2021_Human	Cholinergic synapse	1/113	0.027783248525587907	0.05556649705117581	71.10714285714286	-20.972292415416582	CHRNA4
KEGG_2021_Human	Chemical carcinogenesis	1/239	0.058301254485983375	0.07773500598131117	32.9327731092437	-11.159388352344518	CHRNA4
KEGG_2021_Human	Neuroactive ligand-receptor interaction	1/341	0.08264987131932641	0.08264987131932641	22.75294117647059	-8.027721914696798	CHRNA4
