Gene_set	Pathway	Overlap	P-value	Adjusted P-value	Odds Ratio	Combined Score	Genes
KEGG_2021_Human	Amoebiasis	3/102	1.919330379306466e-05	5.7217685105303195e-05	120.81818181818181	-127.78662201980119	LAMA3;LAMB3;LAMC2
KEGG_2021_Human	ECM-receptor interaction	3/88	1.2298924431252985e-05	5.7217685105303195e-05	140.96470588235294	-143.51057849714073	LAMA3;LAMB3;LAMC2
KEGG_2021_Human	Small cell lung cancer	3/92	1.4064144626115692e-05	5.7217685105303195e-05	134.56179775280899	-138.60928259973818	LAMA3;LAMB3;LAMC2
KEGG_2021_Human	Toxoplasmosis	3/112	2.543008226902364e-05	5.7217685105303195e-05	109.59633027522936	-118.6132530273653	LAMA3;LAMB3;LAMC2
KEGG_2021_Human	Focal adhesion	3/201	0.00014629049663071985	0.0002633228939352957	59.65909090909091	-72.9173999452222	LAMA3;LAMB3;LAMC2
KEGG_2021_Human	Human papillomavirus infection	3/331	0.0006411244813622993	0.0009616867220434489	35.41920731707317	-46.37339902231815	LAMA3;LAMB3;LAMC2
KEGG_2021_Human	PI3K-Akt signaling pathway	3/354	0.0007812921201543874	0.001004518440198498	33.0	-43.47803421437258	LAMA3;LAMB3;LAMC2
KEGG_2021_Human	Pathways in cancer	3/531	0.00255549422324169	0.0028749310011469014	21.43465909090909	-28.784460735920476	LAMA3;LAMB3;LAMC2
KEGG_2021_Human	Protein digestion and absorption	1/103	0.0621632040555918	0.0621632040555918	19.53676470588235	-10.369640497850611	COL17A1
