Gene_set	Pathway	Overlap	P-value	Adjusted P-value	Odds Ratio	Combined Score	Genes
KEGG_2021_Human	mTOR signaling pathway	3/154	0.0007390260491982426	0.0029561041967929706	22.47019867549669	-46.86692877135684	DEPDC5;NPRL2;NPRL3
KEGG_2021_Human	Cholinergic synapse	2/113	0.008111349626545349	0.016222699253090698	17.92117117117117	-24.127023560492017	KCNQ2;KCNQ3
KEGG_2021_Human	Synaptic vesicle cycle	1/78	0.09251851170984433	0.10155766145487406	11.531024531024531	-6.958150954500108	STXBP1
KEGG_2021_Human	Taste transduction	1/86	0.10155766145487406	0.10155766145487406	10.435294117647059	-6.300464747037211	SCN2A
