Gene_set	Pathway	Overlap	P-value	Adjusted P-value	Odds Ratio	Combined Score	Genes
KEGG_2021_Human	Protein digestion and absorption	5/103	7.323905717171894e-08	3.661952858585947e-07	81.3265306122449	-225.73686192269847	ACE2;SLC15A1;SLC36A1;SLC36A2;SLC6A19
KEGG_2021_Human	Renin-angiotensin system	1/23	0.028125816737661832	0.07031454184415457	40.63636363636363	-20.601670877696893	ACE2
KEGG_2021_Human	Arginine and proline metabolism	1/50	0.060233261208856796	0.08985058492626613	18.183673469387756	-10.63265628196324	OAT
KEGG_2021_Human	Mineral absorption	1/60	0.07188046794101291	0.08985058492626613	15.08286252354049	-8.981081638876871	SLC6A19
KEGG_2021_Human	Coronavirus disease	1/232	0.25290994493508406	0.25290994493508406	3.7696007696007694	-1.8563524399324505	ACE2
