Gene_set	Pathway	Overlap	P-value	Adjusted P-value	Odds Ratio	Combined Score	Genes
KEGG_2021_Human	Growth hormone synthesis, secretion and action	1/119	0.043551576653585986	0.10569660569326185	33.71610169491525	-14.356102248222461	GH1
KEGG_2021_Human	JAK-STAT signaling pathway	1/162	0.058972080698012026	0.10569660569326185	24.577639751552795	-10.958003521502954	GH1
KEGG_2021_Human	Porphyrin and chlorophyll metabolism	1/43	0.0158864002901242	0.10569660569326185	95.63095238095238	-32.34589499296869	HCCS
KEGG_2021_Human	Wnt signaling pathway	1/166	0.06039806039614962	0.10569660569326185	23.96969696969697	-10.719545536099389	PORCN
KEGG_2021_Human	Cytokine-cytokine receptor interaction	1/295	0.10561721729925809	0.12580593186712963	13.232993197278912	-6.161723671531071	GH1
KEGG_2021_Human	Neuroactive ligand-receptor interaction	1/341	0.12138394683692294	0.12580593186712963	11.375	-5.288851584996375	GH1
KEGG_2021_Human	PI3K-Akt signaling pathway	1/354	0.12580593186712963	0.12580593186712963	10.937677053824363	-5.078814657111871	GH1
