Gene_set	Pathway	Overlap	P-value	Adjusted P-value	Odds Ratio	Combined Score	Genes
KEGG_2021_Human	DNA replication	2/36	0.0008497143189163187	0.004248571594581594	59.0735294117647	-65.67692864894883	DNA2;RPA1
KEGG_2021_Human	Fanconi anemia pathway	1/54	0.06490783652883964	0.06490783652883964	16.80293501048218	-9.908989834571736	RPA1
KEGG_2021_Human	Homologous recombination	1/41	0.04963848036556211	0.06490783652883964	22.3	-12.692261742471414	RPA1
KEGG_2021_Human	Mismatch repair	1/23	0.028125816737661832	0.06490783652883964	40.63636363636363	-20.601670877696893	RPA1
KEGG_2021_Human	Nucleotide excision repair	1/47	0.05671353920929476	0.06490783652883964	19.3768115942029	-11.24402387762608	RPA1
