Gene_set	Pathway	Overlap	P-value	Adjusted P-value	Odds Ratio	Combined Score	Genes
KEGG_2021_Human	Hippo signaling pathway	1/163	0.05932871078364947	0.05932871078364947	24.42283950617284	-10.897450771519102	CRB1
