Gene_set	Pathway	Overlap	P-value	Adjusted P-value	Odds Ratio	Combined Score	Genes
KEGG_2021_Human	Vitamin digestion and absorption	2/24	0.00037521932607430453	0.002626535282520132	91.43181818181819	-90.3506896182343	BTD;SLC19A3
KEGG_2021_Human	Cysteine and methionine metabolism	1/50	0.060233261208856796	0.0702721380769996	18.183673469387756	-10.63265628196324	CBS
KEGG_2021_Human	Fat digestion and absorption	1/43	0.052002121863896134	0.0702721380769996	21.232804232804234	-12.171283962486152	MTTP
KEGG_2021_Human	Glycine, serine and threonine metabolism	1/40	0.04845467179601247	0.0702721380769996	22.874643874643876	-12.969307291652413	CBS
KEGG_2021_Human	Propanoate metabolism	1/34	0.0413239076062458	0.0702721380769996	27.053872053872055	-14.917083251918774	BCKDHA
KEGG_2021_Human	Valine, leucine and isoleucine degradation	1/48	0.05788809587819119	0.0702721380769996	18.962174940898347	-11.032973182262484	BCKDHA
KEGG_2021_Human	Endocytosis	1/252	0.27174750318495006	0.27174750318495006	3.4603806994245243	-1.6315316807371463	FOLR1
