Gene_set	Pathway	Overlap	P-value	Adjusted P-value	Odds Ratio	Combined Score	Genes
KEGG_2021_Human	Vitamin digestion and absorption	2/24	0.0002343193698253875	0.0021088743284284877	121.93939393939394	-107.35414199890552	CBLIF;TCN2
KEGG_2021_Human	One carbon pool by folate	1/20	0.01964453279797585	0.058933598393927554	60.53383458646616	-27.416869137614754	MTR
KEGG_2021_Human	Selenocompound metabolism	1/17	0.01671955567670962	0.058933598393927554	71.91071428571429	-31.04576962808312	MTR
KEGG_2021_Human	Glyoxylate and dicarboxylate metabolism	1/30	0.029339546257096408	0.059749195820997546	39.610837438423644	-19.910093874206755	MMUT
KEGG_2021_Human	Propanoate metabolism	1/34	0.03319399767833197	0.059749195820997546	34.79220779220779	-17.97888319810936	MMUT
KEGG_2021_Human	Cysteine and methionine metabolism	1/50	0.04847820949065673	0.062329126487987226	23.38483965014577	-12.973692386574943	MTR
KEGG_2021_Human	Valine, leucine and isoleucine degradation	1/48	0.046579320195790544	0.062329126487987226	24.386018237082066	-13.442313051728181	MMUT
KEGG_2021_Human	Ubiquitin mediated proteolysis	1/140	0.13057644969475715	0.1468985059066018	8.151079136690647	-4.7527227694423155	CBLC
KEGG_2021_Human	Endocytosis	1/252	0.2240397855062668	0.2240397855062668	4.450199203187251	-2.2840245362819642	CBLC
