Gene_set	Pathway	Overlap	P-value	Adjusted P-value	Odds Ratio	Combined Score	Genes
KEGG_2021_Human	Cell adhesion molecules	3/148	0.0006580280370873506	0.0038237144351234344	23.417733990147784	-48.687210890592894	CD22;MAG;SIGLEC1
KEGG_2021_Human	Mucin type O-glycan biosynthesis	2/36	0.0008497143189163187	0.0038237144351234344	59.0735294117647	-65.67692864894883	C1GALT1;C1GALT1C1
KEGG_2021_Human	Other types of O-glycan biosynthesis	2/47	0.001447441406797746	0.004342324220393238	44.57222222222222	-52.81565568615274	C1GALT1;C1GALT1C1
KEGG_2021_Human	Hematopoietic cell lineage	2/99	0.006275930773922806	0.014120844241326314	20.54381443298969	-27.37901341152302	CD22;GYPA
KEGG_2021_Human	Malaria	1/50	0.060233261208856796	0.10841987017594223	18.183673469387756	-10.63265628196324	GYPA
KEGG_2021_Human	B cell receptor signaling pathway	1/81	0.09591773965141367	0.12912713609418724	11.094444444444445	-6.698191160265787	CD22
KEGG_2021_Human	Complement and coagulation cascades	1/85	0.10043221696214563	0.12912713609418724	10.56084656084656	-6.37671991533167	F3
KEGG_2021_Human	AGE-RAGE signaling pathway in diabetic complications	1/100	0.11718138394436346	0.1318290569374089	8.94388327721661	-5.375723879218761	F3
KEGG_2021_Human	Salmonella infection	1/249	0.2689494049142217	0.2689494049142217	3.503584229390681	-1.6629804039719844	PODXL
