Gene_set	Pathway	Overlap	P-value	Adjusted P-value	Odds Ratio	Combined Score	Genes
KEGG_2021_Human	Apoptosis	2/142	0.012588538285001706	0.10070830628001365	14.157142857142857	-19.21549786230027	LMNA;LMNB1
KEGG_2021_Human	Arrhythmogenic right ventricular cardiomyopathy	1/77	0.09138288226635771	0.15032347838189344	11.68421052631579	-7.04872976578505	LMNA
KEGG_2021_Human	Dilated cardiomyopathy	1/96	0.11274260878642009	0.15032347838189344	9.32514619883041	-5.615549699272252	LMNA
KEGG_2021_Human	Ether lipid metabolism	1/49	0.05906133610748362	0.15032347838189344	18.564814814814813	-10.829316375605623	PAFAH1B1
KEGG_2021_Human	Hypertrophic cardiomyopathy	1/90	0.10604677818396174	0.15032347838189344	9.961298377028713	-6.010407578745034	LMNA
KEGG_2021_Human	Porphyrin and chlorophyll metabolism	1/43	0.052002121863896134	0.15032347838189344	21.232804232804234	-12.171283962486152	HMBS
KEGG_2021_Human	Cell adhesion molecules	1/148	0.16890973234869874	0.19303969411279856	5.987150415721844	-3.427000500776257	NCAM1
KEGG_2021_Human	Prion disease	1/273	0.2910658516731848	0.2910658516731848	3.184640522875817	-1.4307154955453085	NCAM1
