Gene_set	Pathway	Overlap	P-value	Adjusted P-value	Odds Ratio	Combined Score	Genes
KEGG_2021_Human	Drug metabolism	1/108	0.026562177614366154	0.026562177614366154	74.4766355140187	-21.742181867533994	FMO3
