Gene_set	Pathway	Overlap	P-value	Adjusted P-value	Odds Ratio	Combined Score	Genes
KEGG_2021_Human	Central carbon metabolism in cancer	1/70	0.08339759626885078	0.13899599378141797	12.880837359098228	-7.74542097629872	SCO2
KEGG_2021_Human	N-Glycan biosynthesis	1/50	0.060233261208856796	0.13899599378141797	18.183673469387756	-10.63265628196324	ALG12
KEGG_2021_Human	Various types of N-glycan biosynthesis	1/39	0.04726953625210418	0.13899599378141797	23.47953216374269	-13.258394033479371	ALG12
KEGG_2021_Human	Glutamatergic synapse	1/114	0.13256015588280526	0.16570019485350657	7.822025565388397	-4.655477238055189	SHANK3
KEGG_2021_Human	Focal adhesion	1/201	0.22284403856827387	0.22284403856827387	4.371111111111111	-2.2907190203417165	PARVB
