Gene_set	Pathway	Overlap	P-value	Adjusted P-value	Odds Ratio	Combined Score	Genes
KEGG_2021_Human	One carbon pool by folate	4/20	5.684560189326897e-09	3.979192132528828e-08	335.5	-480.0694241308732	ATIC;DHFR;MTHFR;TYMS
KEGG_2021_Human	Folate biosynthesis	2/26	0.000441250845209179	0.0010295853054880844	83.79166666666667	-84.92592714199958	DHFR;FPGS
KEGG_2021_Human	Vitamin digestion and absorption	2/24	0.00037521932607430453	0.0010295853054880844	91.43181818181819	-90.3506896182343	SLC19A1;SLC46A1
KEGG_2021_Human	Endocytosis	2/252	0.036977605273484586	0.06471080922859802	7.818	-10.130623353400585	FOLR1;FOLR2
KEGG_2021_Human	Mineral absorption	1/60	0.07188046794101291	0.08386054593118174	15.08286252354049	-8.981081638876871	SLC46A1
KEGG_2021_Human	Pyrimidine metabolism	1/56	0.06723726744113623	0.08386054593118174	16.187878787878788	-9.580691348846925	TYMS
KEGG_2021_Human	Purine metabolism	1/129	0.1487694756391342	0.1487694756391342	6.892361111111111	-4.041189892105298	ATIC
