Gene_set	Pathway	Overlap	P-value	Adjusted P-value	Odds Ratio	Combined Score	Genes
KEGG_2021_Human	Aminoacyl-tRNA biosynthesis	2/66	0.0028362774791241756	0.014181387395620876	31.265625	-39.54638063343362	IARS2;TRNG
KEGG_2021_Human	Glycerolipid metabolism	1/61	0.073038012879974	0.14370562605690618	14.829629629629629	-8.841826114974799	AGK
KEGG_2021_Human	Glycerophospholipid metabolism	1/98	0.11496450084552494	0.14370562605690618	9.130584192439862	-5.49346810373269	PISD
KEGG_2021_Human	RNA degradation	1/79	0.09365286357020701	0.14370562605690618	11.381766381766381	-6.869579561667118	HSPA9
KEGG_2021_Human	Tuberculosis	1/180	0.20186266926868635	0.20186266926868635	4.896958410924891	-2.6658400097237527	HSPA9
