Gene_set	Pathway	Overlap	P-value	Adjusted P-value	Odds Ratio	Combined Score	Genes
KEGG_2021_Human	Peroxisome	3/82	0.00011493649889455613	0.000919491991156449	43.33996383363472	-82.99191344612582	PEX1;PEX26;PEX6
KEGG_2021_Human	Mitophagy	2/68	0.0030081604419031007	0.012032641767612403	30.310606060606062	-38.524679686703344	PRKN;TFEB
KEGG_2021_Human	Lysosome	1/128	0.14769739689308778	0.3083450291863185	6.94750656167979	-4.078087345546839	SLC17A5
KEGG_2021_Human	Protein processing in endoplasmic reticulum	1/171	0.19271564324144907	0.3083450291863185	5.162091503267974	-2.8530763101358976	PRKN
KEGG_2021_Human	Ubiquitin mediated proteolysis	1/140	0.16048249753809815	0.3083450291863185	6.338129496402877	-3.6670604531534	PRKN
KEGG_2021_Human	Parkinson disease	1/249	0.2689494049142217	0.3585992065522956	3.503584229390681	-1.6629804039719844	PRKN
KEGG_2021_Human	Amyotrophic lateral sclerosis	1/364	0.3695602254440061	0.4223545433645784	2.3584328129782675	-0.8341701676241932	PRKN
KEGG_2021_Human	Pathways of neurodegeneration	1/475	0.45466905008847364	0.45466905008847364	1.7801218940459447	-0.4367315309409891	PRKN
