Gene_set	Pathway	Overlap	P-value	Adjusted P-value	Odds Ratio	Combined Score	Genes
KEGG_2021_Human	Glycosylphosphatidylinositol (GPI)-anchor biosynthesis	3/26	3.4998970071872226e-06	1.0499691021561668e-05	149.90683229813664	-208.270952945238	PIGA;PIGO;PIGT
KEGG_2021_Human	Thiamine metabolism	1/15	0.01842473636340403	0.027637104545106046	63.92063492063492	-28.808887511832083	ALPP
KEGG_2021_Human	Folate biosynthesis	1/26	0.03174141642153645	0.03174141642153645	35.74666666666667	-18.6524135039421	ALPP
