Gene_set	Pathway	Overlap	P-value	Adjusted P-value	Odds Ratio	Combined Score	Genes
KEGG_2021_Human	Vitamin digestion and absorption	3/24	2.728085650310553e-06	2.1824685202484426e-05	164.22448979591837	-221.2309929967242	BTD;SLC19A2;SLC19A3
KEGG_2021_Human	Thiamine metabolism	1/15	0.01842473636340403	0.07369894545361612	63.92063492063492	-28.808887511832083	TPK1
KEGG_2021_Human	Pentose phosphate pathway	1/30	0.03654338399736008	0.09744902399296022	30.800766283524904	-16.574318247175444	TKT
KEGG_2021_Human	Peroxisome	1/82	0.09704826642438931	0.1552772262790229	10.956104252400548	-6.615247747466243	HACL1
KEGG_2021_Human	Synaptic vesicle cycle	1/78	0.09251851170984433	0.1552772262790229	11.531024531024531	-6.958150954500108	SLC1A2
KEGG_2021_Human	Glutamatergic synapse	1/114	0.13256015588280526	0.17674687451040702	7.822025565388397	-4.655477238055189	SLC1A2
KEGG_2021_Human	Huntington disease	1/306	0.32049274018188956	0.36627741735073094	2.8280510018214935	-1.1715156192121785	SLC1A2
KEGG_2021_Human	Amyotrophic lateral sclerosis	1/364	0.3695602254440061	0.3695602254440061	2.3584328129782675	-0.8341701676241932	SLC1A2
