Gene_set	Pathway	Overlap	P-value	Adjusted P-value	Odds Ratio	Combined Score	Genes
KEGG_2021_Human	Spliceosome	5/150	4.829507301919332e-07	2.8977043811515993e-06	54.641379310344824	-164.10087569329903	EFTUD2;EIF4A3;SF3B4;SNRPB;TXNL4A
KEGG_2021_Human	Dopaminergic synapse	1/132	0.1519784338028618	0.1862118005738666	6.73197625106022	-3.9335418472006	SCN1A
KEGG_2021_Human	Systemic lupus erythematosus	1/135	0.15517650047822218	0.1862118005738666	6.5787728026534	-3.830244937455702	SNRPB
KEGG_2021_Human	Taste transduction	1/86	0.10155766145487406	0.1862118005738666	10.435294117647059	-6.300464747037211	SCN2A
KEGG_2021_Human	mRNA surveillance pathway	1/98	0.11496450084552494	0.1862118005738666	9.130584192439862	-5.49346810373269	EIF4A3
KEGG_2021_Human	RNA transport	1/186	0.20790875456503763	0.20790875456503763	4.734534534534535	-2.5504914662503393	EIF4A3
