Gene_set	Pathway	Overlap	P-value	Adjusted P-value	Odds Ratio	Combined Score	Genes
KEGG_2021_Human	Hedgehog signaling pathway	5/56	3.2747784552509658e-09	2.6198227642007726e-08	157.19607843137254	-366.78040300997856	EFCAB7;GLI1;GLI3;IQCE;SHH
KEGG_2021_Human	Basal cell carcinoma	3/63	5.21817057256637e-05	0.0002087268229026548	57.2	-103.63746645388204	GLI1;GLI3;SHH
KEGG_2021_Human	Pathways in cancer	3/531	0.02393281759639253	0.05560721967539505	6.12012987012987	-11.164029011261546	GLI1;GLI3;SHH
KEGG_2021_Human	cAMP signaling pathway	2/216	0.027803609837697526	0.05560721967539505	9.175233644859814	-12.174459052502558	GLI1;GLI3
KEGG_2021_Human	Axon guidance	1/182	0.2038826300760579	0.25918141169186626	4.841620626151013	-2.6265948500338347	SHH
KEGG_2021_Human	Gastric cancer	1/149	0.16995776547310146	0.25918141169186626	5.945945945945946	-3.3986573195730956	SHH
KEGG_2021_Human	Proteoglycans in cancer	1/205	0.22678373523038298	0.25918141169186626	4.283224400871459	-2.2275706216550177	SHH
KEGG_2021_Human	Herpes simplex virus 1 infection	1/498	0.4709527127104428	0.4709527127104428	1.6926000447127207	-0.379898711570649	ZNF141
