Gene_set	Pathway	Overlap	P-value	Adjusted P-value	Odds Ratio	Combined Score	Genes
KEGG_2021_Human	Aminoacyl-tRNA biosynthesis	2/66	0.0028362774791241756	0.014181387395620876	31.265625	-39.54638063343362	HARS2;LARS2
KEGG_2021_Human	Primary bile acid biosynthesis	1/17	0.020858141730383632	0.05214535432595908	55.916666666666664	-26.157848827787358	HSD17B4
KEGG_2021_Human	Biosynthesis of unsaturated fatty acids	1/27	0.03294392335593595	0.05490653892655992	34.36752136752137	-18.084430415617646	HSD17B4
KEGG_2021_Human	Peroxisome	1/82	0.09704826642438931	0.12131033303048663	10.956104252400548	-6.615247747466243	HSD17B4
KEGG_2021_Human	Spinocerebellar ataxia	1/143	0.163651680714637	0.163651680714637	6.2018779342723	-3.57415842622014	TWNK
