Gene_set	Pathway	Overlap	P-value	Adjusted P-value	Odds Ratio	Combined Score	Genes
KEGG_2021_Human	Cholinergic synapse	1/113	0.027783248525587907	0.03995180946401531	71.10714285714286	-20.972292415416582	ACHE
KEGG_2021_Human	Glycerophospholipid metabolism	1/98	0.024117736800625	0.03995180946401531	82.25773195876289	-23.476734923449342	ACHE
KEGG_2021_Human	Hippo signaling pathway	1/163	0.03995180946401531	0.03995180946401531	48.851851851851855	-15.540794910442244	AFP
