Gene_set	Pathway	Overlap	P-value	Adjusted P-value	Odds Ratio	Combined Score	Genes
KEGG_2021_Human	Base excision repair	6/33	5.969220495933697e-13	4.178454347153588e-12	446.72222222222223	-680.47718299737	APEX1;FEN1;NEIL1;OGG1;POLB;XRCC1
KEGG_2021_Human	Nucleotide excision repair	4/47	2.059319274559883e-07	7.207617460959591e-07	124.4186046511628	-252.4614118745433	ERCC3;ERCC5;ERCC6;XPC
KEGG_2021_Human	Non-homologous end-joining	1/13	0.01598588950543118	0.037300408846006085	74.5925925925926	-32.122678574322244	FEN1
KEGG_2021_Human	Basal transcription factors	1/45	0.05436047130022726	0.07610465982031817	20.262626262626263	-11.690056551619103	ERCC3
KEGG_2021_Human	DNA replication	1/36	0.043706154548296745	0.07610465982031817	25.501587301587303	-14.206754592243437	FEN1
KEGG_2021_Human	Human T-cell leukemia virus 1 infection	1/219	0.24043153000367978	0.24043153000367978	4.001019367991845	-2.0240281738454993	POLB
KEGG_2021_Human	Viral carcinogenesis	1/203	0.22481613944093093	0.24043153000367978	4.326732673267327	-2.2588473265567357	POLB
