Gene_set	Pathway	Overlap	P-value	Adjusted P-value	Odds Ratio	Combined Score	Genes
KEGG_2021_Human	One carbon pool by folate	1/20	0.02449807059329832	0.06532818824879552	47.07017543859649	-23.030592878842292	MTHFR
KEGG_2021_Human	Other glycan degradation	1/18	0.022072807228795267	0.06532818824879552	52.62091503267974	-25.018935329511017	GBA2
KEGG_2021_Human	Primary bile acid biosynthesis	1/17	0.020858141730383632	0.06532818824879552	55.916666666666664	-26.157848827787358	CYP7B1
KEGG_2021_Human	RNA polymerase	1/31	0.03774052193970927	0.07548104387941854	29.77037037037037	-16.126223630092912	POLR3A
KEGG_2021_Human	Cytosolic DNA-sensing pathway	1/63	0.0753492056247738	0.08611337785688435	14.347670250896057	-8.574814690072902	POLR3A
KEGG_2021_Human	Sphingolipid metabolism	1/49	0.05906133610748362	0.08611337785688435	18.564814814814813	-10.829316375605623	GBA2
KEGG_2021_Human	Steroid hormone biosynthesis	1/61	0.073038012879974	0.08611337785688435	14.829629629629629	-8.841826114974799	CYP7B1
KEGG_2021_Human	Amyotrophic lateral sclerosis	1/364	0.3695602254440061	0.3695602254440061	2.3584328129782675	-0.8341701676241932	SETX
