Gene_set	Pathway	Overlap	P-value	Adjusted P-value	Odds Ratio	Combined Score	Genes
KEGG_2021_Human	Hepatocellular carcinoma	4/168	3.4380880466544094e-05	0.00027504704373235275	32.13008130081301	-86.4138745753221	ARID1B;SMARCA2;SMARCA4;SMARCB1
KEGG_2021_Human	Thermogenesis	4/232	0.00012150057084905025	0.000486002283396201	22.923976608187136	-63.412309433922275	ARID1B;SMARCA2;SMARCA4;SMARCB1
KEGG_2021_Human	RNA degradation	2/79	0.004039066601554195	0.010770844270811188	25.944805194805195	-33.71012652726606	CNOT2;CNOT3
KEGG_2021_Human	Viral protein interaction with cytokine and cytokine receptor	1/100	0.11718138394436346	0.23436276788872693	8.94388327721661	-5.375723879218761	CCR4
KEGG_2021_Human	Chemokine signaling pathway	1/192	0.21391358807496763	0.25693273078963536	4.5823152995927865	-2.441961042053517	CCR4
KEGG_2021_Human	Kaposi sarcoma-associated herpesvirus infection	1/193	0.21491040066934372	0.25693273078963536	4.55787037037037	-2.4244944960200487	CCR4
KEGG_2021_Human	Viral carcinogenesis	1/203	0.22481613944093093	0.25693273078963536	4.326732673267327	-2.2588473265567357	CCR4
KEGG_2021_Human	Cytokine-cytokine receptor interaction	1/295	0.310808292768788	0.310808292768788	2.9380196523053668	-1.2513063817932166	CCR4
