Gene_set	Term	Overlap	P-value	Adjusted P-value	Old P-value	Old Adjusted P-value	Odds Ratio	Combined Score	Genes
KEGG_2021_Human	Glycosylphosphatidylinositol (GPI)-anchor biosynthesis	7/26	3.1009279621084803e-19	2.170649573475936e-18	0	0	2452.5789473684213	104522.5756972421	PIGB;PIGT;PGAP1;PIGA;PIGM;MPPE1;PIGV
KEGG_2021_Human	Pentose phosphate pathway	1/30	0.0149023554252653	0.0385076911261036	0	0	76.47892720306514	321.6884165593148	GPI
KEGG_2021_Human	Starch and sucrose metabolism	1/36	0.0178587410119325	0.0385076911261036	0	0	63.34920634920635	254.99716559529233	GPI
KEGG_2021_Human	Amino sugar and nucleotide sugar metabolism	1/48	0.0237475721230066	0.0385076911261036	0	0	47.146572104018915	176.3411440394006	GPI
KEGG_2021_Human	Hedgehog signaling pathway	1/56	0.0276557869621033	0.0385076911261036	0	0	40.27272727272727	144.49533489369065	GAS1
KEGG_2021_Human	Glycolysis / Gluconeogenesis	1/67	0.0330065923938031	0.0385076911261036	0	0	33.54208754208754	114.4136695514984	GPI
KEGG_2021_Human	Neuroactive ligand-receptor interaction	1/341	0.1580282660331969	0.1580282660331969	0	0	6.421568627450981	11.847674438945711	GAL
