Gene_set	Term	Overlap	P-value	Adjusted P-value	Old P-value	Old Adjusted P-value	Odds Ratio	Combined Score	Genes
KEGG_2021_Human	Glycosylphosphatidylinositol (GPI)-anchor biosynthesis	13/26	6.108497623576007e-35	4.8867980988608075e-34	0	0	2852.4285714285716	224716.5973835868	PIGU;PIGT;PGAP1;PIGO;PIGZ;PIGW;PIGV;PIGX;PIGB;PIGA;PIGM;MPPE1;PIGG
KEGG_2021_Human	Pentose phosphate pathway	1/30	0.0295899955032417	0.0865861202449408	0	0	36.2087114337568	127.46621354176987	GPI
KEGG_2021_Human	Starch and sucrose metabolism	1/36	0.0354073301248565	0.0865861202449408	0	0	29.99248120300752	100.19997336732251	GPI
KEGG_2021_Human	Amino sugar and nucleotide sugar metabolism	1/48	0.0469427643840033	0.0865861202449408	0	0	22.32138857782755	68.27724816722397	GPI
KEGG_2021_Human	Hedgehog signaling pathway	1/56	0.0545601179499192	0.0865861202449408	0	0	19.066985645933013	55.45541451142644	GAS1
KEGG_2021_Human	Glycolysis / Gluconeogenesis	1/67	0.0649395901837056	0.0865861202449408	0	0	15.880382775119616	43.421696050712754	GPI
KEGG_2021_Human	MicroRNAs in cancer	1/310	0.2684404297418134	0.2911452817971114	0	0	3.350536535513541	4.406378558844449	RECK
KEGG_2021_Human	Neuroactive ligand-receptor interaction	1/341	0.2911452817971114	0.2911452817971114	0	0	3.040247678018576	3.751461592199566	GAL
