Gene_set	Pathway	Overlap	P-value	Adjusted P-value	Odds Ratio	Combined Score	Genes
KEGG_2021_Human	Glycosaminoglycan degradation	7/19	1.3559542373580192e-17	8.135725424148116e-17	1566.4444444444443	-1049.2538342332596	ARSB;GALNS;HGSNAT;IDS;IDUA;NAGLU;SGSH
KEGG_2021_Human	Lysosome	7/128	2.454494125452052e-11	7.363482376356156e-11	153.2479338842975	-395.3369894381918	ARSB;GALNS;HGSNAT;IDS;IDUA;NAGLU;SGSH
KEGG_2021_Human	Salmonella infection	2/249	0.03617242514905692	0.07234485029811384	7.915991902834008	-10.280113155611538	VPS16;VPS33A
KEGG_2021_Human	Ferroptosis	1/41	0.04963848036556211	0.07445772054834317	22.3	-12.692261742471414	TF
KEGG_2021_Human	Mineral absorption	1/60	0.07188046794101291	0.08625656152921549	15.08286252354049	-8.981081638876871	TF
KEGG_2021_Human	HIF-1 signaling pathway	1/109	0.1270956407872156	0.1270956407872156	8.189300411522634	-4.893732148578802	TF
