Gene_set	Pathway	Overlap	P-value	Adjusted P-value	Odds Ratio	Combined Score	Genes
KEGG_2021_Human	Peroxisome	9/82	7.233670594610224e-18	1.4467341189220448e-17	985.6849315068494	-646.7472894382047	ABCD3;PEX1;PEX11B;PEX13;PEX14;PEX19;PEX3;PEX5;PEX6
KEGG_2021_Human	ABC transporters	1/45	0.05436047130022726	0.05436047130022726	20.262626262626263	-11.690056551619103	ABCD3
