Gene_set	Pathway	Overlap	P-value	Adjusted P-value	Odds Ratio	Combined Score	Genes
KEGG_2021_Human	Lysosome	5/128	2.1847547541126658e-07	1.7478038032901327e-06	64.59349593495935	-188.12966014979114	CTSA;GAA;GBA;IDS;MAN2B1
KEGG_2021_Human	Other glycan degradation	2/18	0.00020882825738589695	0.0008353130295435878	125.8125	-112.45913199218819	GBA;MAN2B1
KEGG_2021_Human	Glycosaminoglycan degradation	1/19	0.023286116400967973	0.056251633475323665	49.69135802469136	-23.981021494289497	IDS
KEGG_2021_Human	Renin-angiotensin system	1/23	0.028125816737661832	0.056251633475323665	40.63636363636363	-20.601670877696893	CTSA
KEGG_2021_Human	Galactose metabolism	1/31	0.03774052193970927	0.05827487273106233	29.77037037037037	-16.126223630092912	GAA
KEGG_2021_Human	Starch and sucrose metabolism	1/36	0.043706154548296745	0.05827487273106233	25.501587301587303	-14.206754592243437	GAA
KEGG_2021_Human	Sphingolipid metabolism	1/49	0.05906133610748362	0.06749866983712413	18.564814814814813	-10.829316375605623	GBA
KEGG_2021_Human	Neutrophil extracellular trap formation	1/189	0.21091631211370437	0.21091631211370437	4.657210401891253	-2.4954112144854435	CLCN3
