Gene_set	Pathway	Overlap	P-value	Adjusted P-value	Odds Ratio	Combined Score	Genes
KEGG_2021_Human	Cysteine and methionine metabolism	4/50	2.654180841966383e-07	1.8579265893764683e-06	116.26086956521739	-240.55570695978312	CBS;CTH;MAT1A;MTR
KEGG_2021_Human	One carbon pool by folate	2/20	0.00025898674669125955	0.0006043024089462723	111.80555555555556	-103.86062594433501	MTHFR;MTR
KEGG_2021_Human	Selenocompound metabolism	2/17	0.0001857478026843347	0.0006043024089462723	134.21666666666667	-117.38504686173405	CTH;MTR
KEGG_2021_Human	Glycine, serine and threonine metabolism	2/40	0.0010492500396798417	0.001836187569439723	52.828947368421055	-60.309801434582354	CBS;CTH
KEGG_2021_Human	Fatty acid biosynthesis	1/18	0.022072807228795267	0.030901930120313375	52.62091503267974	-25.018935329511017	FASN
KEGG_2021_Human	AMPK signaling pathway	1/120	0.13907692219429554	0.15730251033809037	7.4220354808590105	-4.393179099544486	FASN
KEGG_2021_Human	Insulin signaling pathway	1/137	0.15730251033809037	0.15730251033809037	6.480392156862745	-3.763669230249352	FASN
