Gene_set	Pathway	Overlap	P-value	Adjusted P-value	Odds Ratio	Combined Score	Genes
KEGG_2021_Human	ABC transporters	1/45	0.05436047130022726	0.09129751609996749	20.262626262626263	-11.690056551619103	ABCA12
KEGG_2021_Human	Arachidonic acid metabolism	1/61	0.073038012879974	0.09129751609996749	14.829629629629629	-8.841826114974799	ALOX12B
KEGG_2021_Human	Basal transcription factors	1/45	0.05436047130022726	0.09129751609996749	20.262626262626263	-11.690056551619103	ERCC2
KEGG_2021_Human	Nucleotide excision repair	1/47	0.05671353920929476	0.09129751609996749	19.3768115942029	-11.24402387762608	ERCC2
KEGG_2021_Human	Serotonergic synapse	1/113	0.1314697223892576	0.1314697223892576	7.892857142857143	-4.701617375992292	ALOX12B
