Gene_set	Pathway	Overlap	P-value	Adjusted P-value	Odds Ratio	Combined Score	Genes
KEGG_2021_Human	Dilated cardiomyopathy	3/96	0.00018374636871156005	0.0004593659217789001	36.75115207373272	-72.3633636571175	EMD;LMNA;TTN
KEGG_2021_Human	Hypertrophic cardiomyopathy	3/90	0.0001516751254259338	0.0004593659217789001	39.31527093596059	-76.57130704398227	EMD;LMNA;TTN
KEGG_2021_Human	Arrhythmogenic right ventricular cardiomyopathy	2/77	0.0038409427449733026	0.006401571241622171	26.643333333333334	-34.49723066158141	EMD;LMNA
KEGG_2021_Human	Apoptosis	1/142	0.16259648475288416	0.18347437883820783	6.2466509062253746	-3.6047270952512624	LMNA
KEGG_2021_Human	JAK-STAT signaling pathway	1/162	0.18347437883820783	0.18347437883820783	5.456866804692892	-3.0596637281364782	FHL1
