Gene_set	Pathway	Overlap	P-value	Adjusted P-value	Odds Ratio	Combined Score	Genes
KEGG_2021_Human	Protein digestion and absorption	2/103	0.006778064196695983	0.016945160491739955	19.72029702970297	-26.371589917244943	COL17A1;COL7A1
KEGG_2021_Human	Staphylococcus aureus infection	2/95	0.005791844483948442	0.016945160491739955	21.438172043010752	-28.45964210186145	DSG1;KRT14
KEGG_2021_Human	Primary immunodeficiency	1/38	0.046083072411820386	0.07680512068636731	24.117117117117118	-13.560364723090352	CD79A
KEGG_2021_Human	B cell receptor signaling pathway	1/81	0.09591773965141367	0.11989717456426709	11.094444444444445	-6.698191160265787	CD79A
KEGG_2021_Human	Estrogen signaling pathway	1/137	0.15730251033809037	0.15730251033809037	6.480392156862745	-3.763669230249352	KRT14
