Gene_set	Pathway	Overlap	P-value	Adjusted P-value	Odds Ratio	Combined Score	Genes
KEGG_2021_Human	Cardiac muscle contraction	1/87	0.10268183855515577	0.21091631211370437	10.31266149870801	-6.225752347944314	SLC9A6
KEGG_2021_Human	Neutrophil extracellular trap formation	1/189	0.21091631211370437	0.21091631211370437	4.657210401891253	-2.4954112144854435	CLCN4
KEGG_2021_Human	Spliceosome	1/150	0.1710046090025842	0.21091631211370437	5.905294556301268	-3.370661515310376	PQBP1
