Gene_set	Pathway	Overlap	P-value	Adjusted P-value	Odds Ratio	Combined Score	Genes
KEGG_2021_Human	Staphylococcus aureus infection	3/95	0.0001781206903514478	0.0010687241421086869	37.15527950310559	-73.03297766135067	KRT16;KRT17;KRT9
KEGG_2021_Human	Estrogen signaling pathway	3/137	0.0005248515914701949	0.0015745547744105846	25.375266524520256	-52.38188378130509	KRT16;KRT17;KRT9
KEGG_2021_Human	Notch signaling pathway	2/59	0.0022729027659621377	0.0045458055319242754	35.1359649122807	-43.58275967856779	NCSTN;PSENEN
KEGG_2021_Human	Alzheimer disease	2/369	0.07347088540357372	0.08816506248428846	5.2459128065395095	-6.1057863985118	NCSTN;PSENEN
KEGG_2021_Human	Neuroactive ligand-receptor interaction	2/341	0.06390297287134222	0.08816506248428846	5.699852507374631	-6.82883638517627	CALCA;TAC1
KEGG_2021_Human	Vascular smooth muscle contraction	1/133	0.1530456645682748	0.1530456645682748	6.68013468013468	-3.898639281229232	CALCA
