Gene_set	Pathway	Overlap	P-value	Adjusted P-value	Odds Ratio	Combined Score	Genes
KEGG_2021_Human	ABC transporters	1/45	0.05436047130022726	0.1502511113020087	20.262626262626263	-11.690056551619103	ABCA12
KEGG_2021_Human	Arachidonic acid metabolism	1/61	0.073038012879974	0.1502511113020087	14.829629629629629	-8.841826114974799	ALOX12B
KEGG_2021_Human	Endocrine and other factor-regulated calcium reabsorption	1/53	0.06374115884515756	0.1502511113020087	17.128205128205128	-10.081098986019231	PTH
KEGG_2021_Human	Inflammatory mediator regulation of TRP channels	1/98	0.11496450084552494	0.1502511113020087	9.130584192439862	-5.49346810373269	TRPV3
KEGG_2021_Human	Parathyroid hormone synthesis, secretion and action	1/106	0.12380207979004104	0.1502511113020087	8.426455026455027	-5.046288872333345	PTH
KEGG_2021_Human	Rheumatoid arthritis	1/93	0.1094003568916107	0.1502511113020087	9.632850241545894	-5.8073541800756905	PTH
KEGG_2021_Human	Serotonergic synapse	1/113	0.1314697223892576	0.1502511113020087	7.892857142857143	-4.701617375992292	ALOX12B
KEGG_2021_Human	Neuroactive ligand-receptor interaction	1/341	0.3504975915199974	0.3504975915199974	2.5254901960784313	-0.9533164047874388	PTH
