Gene_set	Pathway	Overlap	P-value	Adjusted P-value	Odds Ratio	Combined Score	Genes
KEGG_2021_Human	Staphylococcus aureus infection	3/95	0.0001781206903514478	0.000890603451757239	37.15527950310559	-73.03297766135067	DSG1;KRT16;KRT9
KEGG_2021_Human	Estrogen signaling pathway	2/137	0.011753397776716717	0.029383494441791794	14.690740740740742	-19.931093924152265	KRT16;KRT9
KEGG_2021_Human	Apoptosis	1/142	0.16259648475288416	0.16259648475288416	6.2466509062253746	-3.6047270952512624	CTSC
KEGG_2021_Human	Lysosome	1/128	0.14769739689308778	0.16259648475288416	6.94750656167979	-4.078087345546839	CTSC
KEGG_2021_Human	Salivary secretion	1/93	0.1094003568916107	0.16259648475288416	9.632850241545894	-5.8073541800756905	AQP5
