Gene_set	Pathway	Overlap	P-value	Adjusted P-value	Odds Ratio	Combined Score	Genes
KEGG_2021_Human	Autophagy	1/137	0.15730251033809037	0.25493664820965223	6.480392156862745	-3.763669230249352	IGBP1
KEGG_2021_Human	Basal cell carcinoma	1/63	0.0753492056247738	0.25493664820965223	14.347670250896057	-8.574814690072902	SHH
KEGG_2021_Human	Gastric cancer	1/149	0.16995776547310146	0.25493664820965223	5.945945945945946	-3.3986573195730956	SHH
KEGG_2021_Human	Hedgehog signaling pathway	1/56	0.06723726744113623	0.25493664820965223	16.187878787878788	-9.580691348846925	SHH
KEGG_2021_Human	Thyroid hormone signaling pathway	1/121	0.14015875566728583	0.25493664820965223	7.359259259259259	-4.351741094826131	MED12
KEGG_2021_Human	Ubiquitin mediated proteolysis	1/140	0.16048249753809815	0.25493664820965223	6.338129496402877	-3.6670604531534	MID1
KEGG_2021_Human	Axon guidance	1/182	0.2038826300760579	0.25513170213418085	4.841620626151013	-2.6265948500338347	SHH
KEGG_2021_Human	Proteoglycans in cancer	1/205	0.22678373523038298	0.25513170213418085	4.283224400871459	-2.2275706216550177	SHH
KEGG_2021_Human	Pathways in cancer	1/531	0.4935522426966286	0.4935522426966286	1.580293501048218	-0.3089273055464	SHH
