Gene_set	Pathway	Overlap	P-value	Adjusted P-value	Odds Ratio	Combined Score	Genes
KEGG_2021_Human	Nicotine addiction	2/40	0.000842035805103593	0.004210179025517965	60.38345864661654	-65.77353298007651	CHRNA4;CHRNB2
KEGG_2021_Human	Cholinergic synapse	2/113	0.0065486345361241574	0.010914390893540262	20.483912483912484	-26.76069255875678	CHRNA4;CHRNB2
KEGG_2021_Human	Neuroactive ligand-receptor interaction	3/341	0.005179492463145544	0.010914390893540262	11.43639053254438	-22.87104773328999	CHRNA2;CHRNA4;CHRNB2
KEGG_2021_Human	Chemical carcinogenesis	2/239	0.027358869644401953	0.03419858705550244	9.441832429174202	-12.27990912507282	CHRNA4;CHRNB2
KEGG_2021_Human	mTOR signaling pathway	1/154	0.15913181515823172	0.15913181515823172	6.467320261437909	-3.713368642603906	DEPDC5
