Gene_set	Pathway	Overlap	P-value	Adjusted P-value	Odds Ratio	Combined Score	Genes
KEGG_2021_Human	Retinol metabolism	2/68	0.0030081604419031007	0.021057123093321705	30.310606060606062	-38.524679686703344	RDH12;RPE65
KEGG_2021_Human	Hippo signaling pathway	2/163	0.01637338006583509	0.05730683023042282	12.277950310559007	-16.639197462960915	CRB1;CRB2
KEGG_2021_Human	Phototransduction	1/28	0.034145086039632476	0.07967186742580912	33.09053497942387	-17.550803279788266	GUCY2D
KEGG_2021_Human	Cushing syndrome	1/155	0.17622102470306392	0.24670943458428948	5.70995670995671	-3.235678410841787	AIPL1
KEGG_2021_Human	Purine metabolism	1/129	0.1487694756391342	0.24670943458428948	6.892361111111111	-4.041189892105298	GUCY2D
KEGG_2021_Human	Chemical carcinogenesis	1/239	0.2595523897792453	0.3028111214091195	3.6554621848739495	-1.7734497985532327	AIPL1
KEGG_2021_Human	Olfactory transduction	1/440	0.4290230576444395	0.4290230576444395	1.9309035687167806	-0.5371969940112262	GUCY2D
