Gene_set	Pathway	Overlap	P-value	Adjusted P-value	Odds Ratio	Combined Score	Genes
KEGG_2021_Human	Ubiquinone and other terpenoid-quinone biosynthesis	3/11	2.2428805997865523e-07	1.121440299893276e-06	431.7857142857143	-392.29347429415435	COQ2;COQ6;COQ7
KEGG_2021_Human	Sulfur metabolism	1/10	0.012317392763478485	0.030793481908696213	99.49382716049382	-39.073675090855936	SQOR
KEGG_2021_Human	Terpenoid backbone biosynthesis	1/22	0.026917919418171	0.044863199030285	42.576719576719576	-21.34946103825324	PDSS2
KEGG_2021_Human	Sphingolipid metabolism	1/49	0.05906133610748362	0.07382667013435452	18.564814814814813	-10.829316375605623	PSAP
KEGG_2021_Human	Lysosome	1/128	0.14769739689308778	0.14769739689308778	6.94750656167979	-4.078087345546839	PSAP
