Gene_set	Pathway	Overlap	P-value	Adjusted P-value	Odds Ratio	Combined Score	Genes
KEGG_2021_Human	Signaling pathways regulating pluripotency of stem cells	2/143	0.01275865818396982	0.05103463273587928	14.054964539007091	-19.077689748676264	PAX6;SOX2
KEGG_2021_Human	Maturity onset diabetes of the young	1/26	0.03174141642153645	0.0634828328430729	35.74666666666667	-18.6524135039421	PAX6
KEGG_2021_Human	Retinol metabolism	1/68	0.0811045146521906	0.10813935286958747	13.26865671641791	-7.96724592924887	ALDH1A3
KEGG_2021_Human	Hippo signaling pathway	1/163	0.1845058664849509	0.1845058664849509	5.422496570644719	-3.0356632226338247	SOX2
