Gene_set	Pathway	Overlap	P-value	Adjusted P-value	Odds Ratio	Combined Score	Genes
KEGG_2021_Human	Phagosome	2/152	0.014335605230985022	0.0716780261549251	13.196666666666667	-17.909946150058477	SFTPA1;SFTPD
KEGG_2021_Human	Collecting duct acid secretion	1/27	0.03294392335593595	0.08235980838983986	34.36752136752137	-18.084430415617646	SLC4A1
KEGG_2021_Human	Pertussis	1/76	0.09024597396088518	0.15040995660147533	11.841481481481482	-7.141387005986298	SFTPA1
KEGG_2021_Human	Apoptosis	1/142	0.16259648475288416	0.2032456059411052	6.2466509062253746	-3.6047270952512624	SPTA1
KEGG_2021_Human	Proteoglycans in cancer	1/205	0.22678373523038298	0.22678373523038298	4.283224400871459	-2.2275706216550177	ANK1
