Gene_set	Pathway	Overlap	P-value	Adjusted P-value	Odds Ratio	Combined Score	Genes
KEGG_2021_Human	Cysteine and methionine metabolism	5/50	1.8221006146977156e-09	1.275470430288401e-08	178.2888888888889	-399.8172378358562	AHCY;CBS;CTH;MAT1A;MTR
KEGG_2021_Human	One carbon pool by folate	2/20	0.00025898674669125955	0.0006043024089462723	111.80555555555556	-103.86062594433501	MTHFR;MTR
KEGG_2021_Human	Selenocompound metabolism	2/17	0.0001857478026843347	0.0006043024089462723	134.21666666666667	-117.38504686173405	CTH;MTR
KEGG_2021_Human	Glycine, serine and threonine metabolism	2/40	0.0010492500396798417	0.001836187569439723	52.828947368421055	-60.309801434582354	CBS;CTH
KEGG_2021_Human	Vitamin digestion and absorption	1/24	0.02933236445120913	0.04106531023169278	38.86473429951691	-19.906523902743018	MMACHC
KEGG_2021_Human	ABC transporters	1/45	0.05436047130022726	0.06342054985026514	20.262626262626263	-11.690056551619103	ABCD4
KEGG_2021_Human	Peroxisome	1/82	0.09704826642438931	0.09704826642438931	10.956104252400548	-6.615247747466243	ABCD4
