Gene_set	Pathway	Overlap	P-value	Adjusted P-value	Odds Ratio	Combined Score	Genes
KEGG_2021_Human	Lysosome	2/128	0.010315791052910547	0.04126316421164219	15.757936507936508	-21.342408086189614	MFSD8;PPT1
KEGG_2021_Human	Fatty acid elongation	1/27	0.03294392335593595	0.0658878467118719	34.36752136752137	-18.084430415617646	PPT1
KEGG_2021_Human	Aminoacyl-tRNA biosynthesis	1/66	0.07880627134542659	0.10507502846056878	13.68034188034188	-8.200693724608003	TRNG
KEGG_2021_Human	Ubiquitin mediated proteolysis	1/140	0.16048249753809815	0.16048249753809815	6.338129496402877	-3.6670604531534	NHLRC1
