Gene_set	Pathway	Overlap	P-value	Adjusted P-value	Odds Ratio	Combined Score	Genes
KEGG_2021_Human	RNA polymerase	2/31	0.0006292457268839483	0.005663211541955535	69.30172413793103	-73.992829918215	POLR1A;POLR1C
KEGG_2021_Human	Hedgehog signaling pathway	2/56	0.0020498057872034344	0.009224126042415456	37.101851851851855	-45.573390952538496	EVC;EVC2
KEGG_2021_Human	Cytosolic DNA-sensing pathway	1/63	0.0753492056247738	0.16953571265574108	14.347670250896057	-8.574814690072902	POLR1C
KEGG_2021_Human	Pyrimidine metabolism	1/56	0.06723726744113623	0.16953571265574108	16.187878787878788	-9.580691348846925	DHODH
KEGG_2021_Human	FoxO signaling pathway	1/131	0.1509099928727911	0.21986306871760827	6.7846153846153845	-3.968927686510734	USP7
KEGG_2021_Human	Ribosome biogenesis in eukaryotes	1/108	0.12599902727061665	0.21986306871760827	8.2668743509865	-4.943743954376122	TCOF1
KEGG_2021_Human	Spliceosome	1/150	0.1710046090025842	0.21986306871760827	5.905294556301268	-3.370661515310376	SF3B4
KEGG_2021_Human	Epstein-Barr virus infection	1/202	0.22383065271253133	0.22481613944093093	4.3488114980652295	-2.274707784911856	USP7
KEGG_2021_Human	Viral carcinogenesis	1/203	0.22481613944093093	0.22481613944093093	4.326732673267327	-2.2588473265567357	USP7
