Gene_set	Pathway	Overlap	P-value	Adjusted P-value	Odds Ratio	Combined Score	Genes
KEGG_2021_Human	Porphyrin and chlorophyll metabolism	7/43	8.603991572313302e-15	2.5811974716939905e-14	520.5925925925926	-695.5297339278019	ALAS1;ALAS2;FECH;HMBS;PPOX;UROD;UROS
KEGG_2021_Human	Glycine, serine and threonine metabolism	2/40	0.0010492500396798417	0.0015738750595197626	52.828947368421055	-60.309801434582354	ALAS1;ALAS2
KEGG_2021_Human	Arachidonic acid metabolism	1/61	0.073038012879974	0.073038012879974	14.829629629629629	-8.841826114974799	CYP4F3
