Gene_set	Pathway	Overlap	P-value	Adjusted P-value	Odds Ratio	Combined Score	Genes
KEGG_2021_Human	Protein digestion and absorption	5/103	7.323905717171894e-08	6.591515145454705e-07	81.3265306122449	-225.73686192269847	COL18A1;COL2A1;COL9A1;COL9A3;KCNJ13
KEGG_2021_Human	ECM-receptor interaction	3/88	0.00014186234242657644	0.000638380540919594	40.25042016806723	-78.08261697320384	COL2A1;COL9A1;COL9A3
KEGG_2021_Human	Focal adhesion	3/201	0.0016005928499043844	0.004801778549713153	17.034632034632036	-35.97452728368245	COL2A1;COL9A1;COL9A3
KEGG_2021_Human	Human papillomavirus infection	3/331	0.006599251035795172	0.014319704638407768	10.113240418118467	-20.757683091358754	COL2A1;COL9A1;COL9A3
KEGG_2021_Human	PI3K-Akt signaling pathway	3/354	0.007955391465782094	0.014319704638407768	9.422466422466423	-19.140881053489387	COL2A1;COL9A1;COL9A3
KEGG_2021_Human	Antigen processing and presentation	1/78	0.09251851170984433	0.1387777675647665	11.531024531024531	-6.958150954500108	KIR2DL4
KEGG_2021_Human	Cell adhesion molecules	1/148	0.16890973234869874	0.19941835031361388	5.987150415721844	-3.427000500776257	VCAN
KEGG_2021_Human	Cellular senescence	1/156	0.17726075583432344	0.19941835031361388	5.672401433691756	-3.209640069203435	KIR2DL4
KEGG_2021_Human	MicroRNAs in cancer	1/310	0.3239838755949599	0.3239838755949599	2.7900035958288387	-1.143955577607994	MIR7-1
