Gene_set	Pathway	Overlap	P-value	Adjusted P-value	Odds Ratio	Combined Score	Genes
KEGG_2021_Human	Glycosaminoglycan biosynthesis	4/53	3.3687366935501273e-07	1.0106210080650382e-06	109.10204081632654	-229.7969039626861	B3GALT6;B3GAT3;B4GALT7;CHST14
KEGG_2021_Human	Coronavirus disease	1/232	0.25290994493508406	0.25290994493508406	3.7696007696007694	-1.8563524399324505	RPL13
KEGG_2021_Human	Ribosome	1/158	0.17933667564674954	0.25290994493508406	5.598726114649682	-3.1584773884334933	RPL13
