Gene_set	Pathway	Overlap	P-value	Adjusted P-value	Odds Ratio	Combined Score	Genes
KEGG_2021_Human	Hedgehog signaling pathway	3/56	3.659181673321168e-05	0.00032932635059890517	64.81132075471699	-114.1683735093032	EFCAB7;EVC;EVC2
KEGG_2021_Human	RNA polymerase	2/31	0.0006292457268839483	0.0028316057709777674	69.30172413793103	-73.992829918215	POLR1A;POLR1C
KEGG_2021_Human	Spliceosome	2/150	0.0139780795801668	0.0419342387405004	13.378378378378379	-18.15870698745584	EFTUD2;SF3B4
KEGG_2021_Human	Cytosolic DNA-sensing pathway	1/63	0.0753492056247738	0.16953571265574108	14.347670250896057	-8.574814690072902	POLR1C
KEGG_2021_Human	FoxO signaling pathway	1/131	0.1509099928727911	0.21040930377596187	6.7846153846153845	-3.968927686510734	USP7
KEGG_2021_Human	Ribosome biogenesis in eukaryotes	1/108	0.12599902727061665	0.21040930377596187	8.2668743509865	-4.943743954376122	TCOF1
KEGG_2021_Human	Signaling pathways regulating pluripotency of stem cells	1/143	0.163651680714637	0.21040930377596187	6.2018779342723	-3.57415842622014	DLX5
KEGG_2021_Human	Epstein-Barr virus infection	1/202	0.22383065271253133	0.22481613944093093	4.3488114980652295	-2.274707784911856	USP7
KEGG_2021_Human	Viral carcinogenesis	1/203	0.22481613944093093	0.22481613944093093	4.326732673267327	-2.2588473265567357	USP7
