Gene_set	Term	Overlap	P-value	Adjusted P-value	Old P-value	Old Adjusted P-value	Odds Ratio	Combined Score	Genes
KEGG_2021_Human	Protein processing in endoplasmic reticulum	8/171	1.0735197512063156e-15	9.66167776085684e-15	0	0	486.55214723926383	16770.39847691522	BCAP31;SEC61A1;OS9;EDEM1;DNAJC10;DNAJB11;CANX;MOGS
KEGG_2021_Human	Phagosome	2/152	0.0024808819565398	0.0111639688044293	0	0	33.06666666666667	198.3716008384541	SEC61A1;CANX
KEGG_2021_Human	Protein export	1/23	0.0114431199495764	0.0343293598487292	0	0	100.84848484848484	450.8296990682604	SEC61A1
KEGG_2021_Human	Vibrio cholerae infection	1/50	0.024725948817258	0.0445067078710644	0	0	45.21768707482993	167.3010120823387	SEC61A1
KEGG_2021_Human	N-Glycan biosynthesis	1/50	0.024725948817258	0.0445067078710644	0	0	45.21768707482993	167.3010120823387	MOGS
KEGG_2021_Human	Thyroid hormone synthesis	1/75	0.0368814272661001	0.0492825651016963	0	0	29.903903903903903	98.68429377205668	CANX
KEGG_2021_Human	Antigen processing and presentation	1/78	0.038330883967986	0.0492825651016963	0	0	28.734487734487736	93.71751271850756	CANX
KEGG_2021_Human	Human T-cell leukemia virus 1 infection	1/219	0.1042809551708208	0.1173160745671734	0	0	10.077471967380225	22.78180358653809	CANX
KEGG_2021_Human	Human papillomavirus infection	1/331	0.1537345881008925	0.1537345881008925	0	0	6.619528619528619	12.395250153668211	BCAP31
