Gene_set	Term	Overlap	P-value	Adjusted P-value	Old P-value	Old Adjusted P-value	Odds Ratio	Combined Score	Genes
KEGG_2021_Human	Taste transduction	8/86	3.736975072023921e-18	2.989580057619137e-17	0	0	1021.1282051282052	40976.09320117243	HCN4;CALHM1;SCN9A;PKD2L1;PKD1L3;SCN2A;TRPM5;SCN3A
KEGG_2021_Human	Vibrio cholerae infection	1/50	0.024725948817258	0.069037182676772	0	0	45.21768707482993	167.3010120823387	TJP1
KEGG_2021_Human	Epithelial cell signaling in Helicobacter pylori infection	1/70	0.0344612964819566	0.069037182676772	0	0	32.07890499194847	108.03913520130236	TJP1
KEGG_2021_Human	Adherens junction	1/71	0.0349457600054768	0.069037182676772	0	0	31.61904761904762	106.04896194083372	TJP1
KEGG_2021_Human	Gap junction	1/88	0.0431482391729825	0.069037182676772	0	0	25.41890166028097	79.89449726957503	TJP1
KEGG_2021_Human	Tight junction	1/169	0.0813755562796324	0.1029212666737852	0	0	13.10978835978836	32.88826835221049	TJP1
KEGG_2021_Human	Pathogenic Escherichia coli infection	1/197	0.0942666825685649	0.1029212666737852	0	0	11.22108843537415	26.50003063546954	TJP1
KEGG_2021_Human	cAMP signaling pathway	1/216	0.1029212666737852	0.1029212666737852	0	0	10.219638242894057	23.237321299310643	HCN4
