Gene_set	Term	Overlap	P-value	Adjusted P-value	Old P-value	Old Adjusted P-value	Odds Ratio	Combined Score	Genes
KEGG_2021_Human	Protein processing in endoplasmic reticulum	4/171	2.5623978054492903e-08	2.3061580249043618e-07	0	0	474.9221556886227	8301.514510402903	ERO1A;ERO1B;SEC61A1;P4HB
KEGG_2021_Human	Vibrio cholerae infection	2/50	6.0956786529959696e-05	0.0002743055393848186	0	0	277.0416666666667	2688.78505476905	ERO1A;SEC61A1
KEGG_2021_Human	Protein export	1/23	0.0057372891133286	0.0172118673399859	0	0	226.9659090909091	1171.3185051583378	SEC61A1
KEGG_2021_Human	ErbB signaling pathway	1/85	0.0210720750045875	0.0383721309938676	0	0	59.25892857142857	228.72800210045256	EREG
KEGG_2021_Human	Colorectal cancer	1/86	0.0213178505521487	0.0383721309938676	0	0	58.55882352941177	225.34667975778615	EREG
KEGG_2021_Human	Phagosome	1/152	0.0374302526522603	0.0561453789783905	0	0	32.854304635761586	107.93545874965702	SEC61A1
KEGG_2021_Human	Lipid and atherosclerosis	1/215	0.0526116383318466	0.0676435349980885	0	0	23.108644859813083	68.05075155136298	ERO1A
KEGG_2021_Human	MAPK signaling pathway	1/294	0.0713772860928387	0.0802994468544435	0	0	16.81058020477816	44.37615914714027	EREG
KEGG_2021_Human	PI3K-Akt signaling pathway	1/354	0.0854300091829899	0.0854300091829899	0	0	13.910764872521248	34.22128624523743	EREG
