{
    "ABC transporters": 0.6916666666666667,
    "AGE-RAGE signaling pathway in diabetic complications": 0.06802875178210245,
    "AMPK signaling pathway": 0.17103088053004228,
    "Acute myeloid leukemia": 0.09372304576756153,
    "Adherens junction": 0.2400570945575163,
    "Adipocytokine signaling pathway": 0.10497355864187358,
    "Adrenergic signaling in cardiomyocytes": 0.12887938361031714,
    "African trypanosomiasis": 0.18388431171125705,
    "Alanine, aspartate and glutamate metabolism": 0.4449806949806949,
    "Alcoholism": 0.18112554301543005,
    "Aldosterone synthesis and secretion": 0.11854742935473006,
    "Aldosterone-regulated sodium reabsorption": 0.2078129781462587,
    "Allograft rejection": 0.05965189846627791,
    "Alzheimer disease": 0.11685471322692623,
    "Amino sugar and nucleotide sugar metabolism": 0.6407828282828283,
    "Aminoacyl-tRNA biosynthesis": 0.946969696969697,
    "Amoebiasis": 0.1651596831699888,
    "Amphetamine addiction": 0.0725636324681697,
    "Amyotrophic lateral sclerosis": 0.1986884302318297,
    "Antigen processing and presentation": 0.23358606596207812,
    "Apelin signaling pathway": 0.10050342642688101,
    "Apoptosis": 0.20885568014079425,
    "Arachidonic acid metabolism": 0.3328312397984528,
    "Arginine and proline metabolism": 0.5440386835386832,
    "Arginine biosynthesis": 0.3727830250557523,
    "Arrhythmogenic right ventricular cardiomyopathy": 0.20152040728032836,
    "Ascorbate and aldarate metabolism": 0.14941919191919192,
    "Asthma": 0.1788645178351061,
    "Autoimmune thyroid disease": 0.07681327754544948,
    "Autophagy": 0.2362929478661588,
    "Axon guidance": 0.4802391831533392,
    "B cell receptor signaling pathway": 0.186366147077853,
    "Bacterial invasion of epithelial cells": 0.19549506385154067,
    "Basal cell carcinoma": 0.09988513469661083,
    "Basal transcription factors": 0.6555555555555554,
    "Base excision repair": 0.6144300144300144,
    "Bile secretion": 0.2965319580705375,
    "Biosynthesis of unsaturated fatty acids": 0.4166666666666667,
    "Bladder cancer": 0.100455475607777,
    "Breast cancer": 0.07608881152306737,
    "Butanoate metabolism": 0.46673881673881673,
    "C-type lectin receptor signaling pathway": 0.11333201057978275,
    "Caffeine metabolism": 0.34027777777777773,
    "Calcium signaling pathway": 0.1922122192583152,
    "Carbohydrate digestion and absorption": 0.17087159764793466,
    "Cardiac muscle contraction": 0.1501746228504173,
    "Cell adhesion molecules": 0.43401546068148267,
    "Cell cycle": 0.31619451079260513,
    "Cellular senescence": 0.18421041431276933,
    "Central carbon metabolism in cancer": 0.1569052233984947,
    "Chagas disease": 0.058613126897421285,
    "Chemical carcinogenesis": 0.19966224197814572,
    "Chemokine signaling pathway": 0.13693589182391555,
    "Cholesterol metabolism": 0.505138888888889,
    "Choline metabolism in cancer": 0.1888658957062738,
    "Cholinergic synapse": 0.12625243999586674,
    "Chronic myeloid leukemia": 0.05371186022105485,
    "Circadian entrainment": 0.09001781188180275,
    "Circadian rhythm": 0.4113279193924355,
    "Citrate cycle (TCA cycle)": 0.4131409331409331,
    "Cocaine addiction": 0.11522934023385752,
    "Collecting duct acid secretion": 0.23451178451178445,
    "Colorectal cancer": 0.06614254200457913,
    "Complement and coagulation cascades": 0.4881966502709539,
    "Coronavirus disease": 0.2556893721574365,
    "Cortisol synthesis and secretion": 0.1275211809067356,
    "Cushing syndrome": 0.13973308711992377,
    "Cysteine and methionine metabolism": 0.48769047619047595,
    "Cytokine-cytokine receptor interaction": 0.3581243453318604,
    "Cytosolic DNA-sensing pathway": 0.20217713473523918,
    "D-Glutamine and D-glutamate metabolism": 0.4916666666666666,
    "DNA replication": 0.49887566137566136,
    "Diabetic cardiomyopathy": 0.11870354290237689,
    "Dilated cardiomyopathy": 0.12457655880444708,
    "Dopaminergic synapse": 0.09254089799419035,
    "Drug metabolism": 0.28927723511056824,
    "ECM-receptor interaction": 0.26881382654778374,
    "Endocrine and other factor-regulated calcium reabsorption": 0.1481201075130536,
    "Endocytosis": 0.5473560354278488,
    "Endometrial cancer": 0.04394446982871621,
    "Epithelial cell signaling in Helicobacter pylori infection": 0.13655809920935752,
    "Epstein-Barr virus infection": 0.09829974160034939,
    "ErbB signaling pathway": 0.10103976863454406,
    "Estrogen signaling pathway": 0.17868613306122821,
    "Ether lipid metabolism": 0.3992291721883557,
    "Fanconi anemia pathway": 0.7208865027492479,
    "Fat digestion and absorption": 0.2906154568945266,
    "Fatty acid biosynthesis": 0.46329365079365076,
    "Fatty acid degradation": 0.23430400349005007,
    "Fatty acid elongation": 0.4537037037037037,
    "Fc epsilon RI signaling pathway": 0.08092404011427536,
    "Fc gamma R-mediated phagocytosis": 0.1287300843650043,
    "Ferroptosis": 0.45392884796194893,
    "Fluid shear stress and atherosclerosis": 0.1236806702889416,
    "Focal adhesion": 0.11950054686909001,
    "Folate biosynthesis": 0.6548076923076922,
    "FoxO signaling pathway": 0.16707028075148236,
    "Fructose and mannose metabolism": 0.3724517906336088,
    "GABAergic synapse": 0.17218365266912772,
    "Galactose metabolism": 0.2515919564306661,
    "Gap junction": 0.08390773326871882,
    "Gastric acid secretion": 0.18120305745709492,
    "Gastric cancer": 0.0883112074968579,
    "Glioma": 0.03960759393497753,
    "Glucagon signaling pathway": 0.16338313058767145,
    "Glutamatergic synapse": 0.1591085009525862,
    "Glutathione metabolism": 0.35666248955722635,
    "Glycerolipid metabolism": 0.35271982116244416,
    "Glycerophospholipid metabolism": 0.4360091439173071,
    "Glycine, serine and threonine metabolism": 0.4628739316239316,
    "Glycolysis / Gluconeogenesis": 0.21511220951519455,
    "Glycosaminoglycan biosynthesis": 0.8796046720575021,
    "Glycosaminoglycan degradation": 0.47368421052631576,
    "Glycosphingolipid biosynthesis": 0.7348677248677248,
    "Glycosylphosphatidylinositol (GPI)-anchor biosynthesis": 0.9807692307692307,
    "Glyoxylate and dicarboxylate metabolism": 0.3984800384800384,
    "GnRH secretion": 0.15955697303871935,
    "GnRH signaling pathway": 0.06457367612553123,
    "Graft-versus-host disease": 0.11727204910459382,
    "Growth hormone synthesis, secretion and action": 0.08639587674203264,
    "HIF-1 signaling pathway": 0.13504549190759446,
    "Hedgehog signaling pathway": 0.48556496575949776,
    "Hematopoietic cell lineage": 0.22696516858727203,
    "Hepatitis B": 0.057515155714798136,
    "Hepatitis C": 0.10460549305537963,
    "Hepatocellular carcinoma": 0.1334625801110693,
    "Herpes simplex virus 1 infection": 0.691847171285636,
    "Hippo signaling pathway": 0.2936406232055316,
    "Histidine metabolism": 0.4472724245451518,
    "Homologous recombination": 0.5738273921200749,
    "Human T-cell leukemia virus 1 infection": 0.13947046449262707,
    "Human cytomegalovirus infection": 0.05538741715536911,
    "Human immunodeficiency virus 1 infection": 0.13766820506322922,
    "Human papillomavirus infection": 0.1307046949045146,
    "Huntington disease": 0.15623360449519133,
    "Hypertrophic cardiomyopathy": 0.13152347786719484,
    "IL-17 signaling pathway": 0.23860257861635314,
    "Inflammatory bowel disease": 0.11485463886751639,
    "Inflammatory mediator regulation of TRP channels": 0.15205028219671402,
    "Influenza A": 0.14608793868357775,
    "Inositol phosphate metabolism": 0.38093526204070943,
    "Insulin resistance": 0.17470907847098752,
    "Insulin secretion": 0.16602035209676316,
    "Insulin signaling pathway": 0.1779282692291895,
    "Intestinal immune network for IgA production": 0.16045739391327626,
    "JAK-STAT signaling pathway": 0.1960530321104462,
    "Kaposi sarcoma-associated herpesvirus infection": 0.07963353970985837,
    "Legionellosis": 0.21350731689365332,