Gene_set	Pathway	Overlap	P-value	Adjusted P-value	Odds Ratio	Combined Score	Genes
KEGG_2021_Human	Arginine biosynthesis	5/22	2.297750034950741e-11	1.608425024465519e-10	473.5882352941176	-688.9216650045439	ASL;ASS1;CPS1;NAGS;OTC
KEGG_2021_Human	Alanine, aspartate and glutamate metabolism	3/37	1.0384632752750053e-05	3.634621463462519e-05	101.26890756302521	-158.85054794063166	ASL;ASS1;CPS1
KEGG_2021_Human	Valine, leucine and isoleucine degradation	2/48	0.0015093757711636376	0.0035218767993818213	43.59782608695652	-51.89779709972968	MCCC1;MCCC2
KEGG_2021_Human	Nitrogen metabolism	1/17	0.020858141730383632	0.03650174802817136	55.916666666666664	-26.157848827787358	CPS1
KEGG_2021_Human	Pyrimidine metabolism	1/56	0.06723726744113623	0.09413217441759071	16.187878787878788	-9.580691348846925	UMPS
KEGG_2021_Human	Drug metabolism	1/108	0.12599902727061665	0.14699886514905278	8.2668743509865	-4.943743954376122	UMPS
KEGG_2021_Human	Fluid shear stress and atherosclerosis	1/139	0.15942370386618251	0.15942370386618251	6.384863123993559	-3.698840756963446	ASS1
