Gene_set	Pathway	Overlap	P-value	Adjusted P-value	Odds Ratio	Combined Score	Genes
KEGG_2021_Human	FoxO signaling pathway	1/131	0.12265565043050689	0.12265565043050689	8.725274725274724	-5.11380706219532	PLK4
