Gene_set	Pathway	Overlap	P-value	Adjusted P-value	Odds Ratio	Combined Score	Genes
KEGG_2021_Human	Ribosome biogenesis in eukaryotes	2/108	0.007430876215757518	0.03715438107878759	18.778301886792452	-25.204052222837845	EFL1;SBDS
KEGG_2021_Human	Aminoacyl-tRNA biosynthesis	1/66	0.07880627134542659	0.19701567836356645	13.68034188034188	-8.200693724608003	TRNG
KEGG_2021_Human	Pathogenic Escherichia coli infection	1/197	0.21888628489075546	0.2689494049142217	4.462585034013605	-2.3563138595912863	ABI1
KEGG_2021_Human	Salmonella infection	1/249	0.2689494049142217	0.2689494049142217	3.503584229390681	-1.6629804039719844	ABI1
KEGG_2021_Human	Wnt signaling pathway	1/166	0.1875932968535885	0.2689494049142217	5.321885521885521	-2.9652743858654524	SFRP4
