Gene_set	Pathway	Overlap	P-value	Adjusted P-value	Odds Ratio	Combined Score	Genes
KEGG_2021_Human	Glycosaminoglycan degradation	8/19	7.571350593934605e-21	6.057080475147684e-20	2929.818181818182	-1199.6526004843067	ARSB;GALNS;GUSB;HGSNAT;IDS;IDUA;NAGLU;SGSH
KEGG_2021_Human	Lysosome	8/128	1.3979667301701514e-13	5.591866920680606e-13	264.93333333333334	-457.4549917212001	ARSB;GALNS;GUSB;HGSNAT;IDS;IDUA;NAGLU;SGSH
KEGG_2021_Human	Ascorbate and aldarate metabolism	1/30	0.03654338399736008	0.06611825216999327	30.800766283524904	-16.574318247175444	GUSB
KEGG_2021_Human	Circadian rhythm	1/31	0.03774052193970927	0.06611825216999327	29.77037037037037	-16.126223630092912	CLOCK
KEGG_2021_Human	Pentose and glucuronate interconversions	1/34	0.0413239076062458	0.06611825216999327	27.053872053872055	-14.917083251918774	GUSB
KEGG_2021_Human	Porphyrin and chlorophyll metabolism	1/43	0.052002121863896134	0.06933616248519485	21.232804232804234	-12.171283962486152	GUSB
KEGG_2021_Human	Drug metabolism	1/108	0.12599902727061665	0.14399888830927618	8.2668743509865	-4.943743954376122	GUSB
KEGG_2021_Human	Dopaminergic synapse	1/132	0.1519784338028618	0.1519784338028618	6.73197625106022	-3.9335418472006	CLOCK
