Gene_set	Pathway	Overlap	P-value	Adjusted P-value	Odds Ratio	Combined Score	Genes
KEGG_2021_Human	Amyotrophic lateral sclerosis	4/364	0.0006858909573687631	0.002400618350790671	14.274074074074074	-39.439074662194365	DNAH11;DNAH5;DNAH6;DNAI1
KEGG_2021_Human	Huntington disease	4/306	0.000353786116804259	0.002400618350790671	17.143487858719645	-47.69400627688616	DNAH11;DNAH5;DNAH6;DNAI1
KEGG_2021_Human	Pathways of neurodegeneration	4/475	0.0018650609703256306	0.004351808930759805	10.753007784854919	-28.8390927430974	DNAH11;DNAH5;DNAH6;DNAI1
KEGG_2021_Human	Signaling pathways regulating pluripotency of stem cells	2/143	0.01275865818396982	0.022327651821947184	14.054964539007091	-19.077689748676264	NODAL;ZIC3
KEGG_2021_Human	TGF-beta signaling pathway	1/94	0.11051569770952978	0.15472197679334168	9.528076463560334	-5.7422174156532195	NODAL
KEGG_2021_Human	Human T-cell leukemia virus 1 infection	1/219	0.24043153000367978	0.28050345167095975	4.001019367991845	-2.0240281738454993	CRTC1
KEGG_2021_Human	Cytokine-cytokine receptor interaction	1/295	0.310808292768788	0.310808292768788	2.9380196523053668	-1.2513063817932166	NODAL
