Gene_set	Pathway	Overlap	P-value	Adjusted P-value	Odds Ratio	Combined Score	Genes
KEGG_2021_Human	Cholinergic synapse	3/113	0.00029777417443940563	0.002382193395515245	31.005194805194805	-62.561773808196286	KCNQ2;KCNQ3;KCNQ4
KEGG_2021_Human	SNARE interactions in vesicular transport	1/33	0.040130782413471976	0.1605231296538879	27.90277777777778	-15.299431750604054	STX1B
KEGG_2021_Human	Parathyroid hormone synthesis, secretion and action	1/106	0.12380207979004104	0.19808332766406567	8.426455026455027	-5.046288872333345	CASR
KEGG_2021_Human	Synaptic vesicle cycle	1/78	0.09251851170984433	0.19808332766406567	11.531024531024531	-6.958150954500108	STX1B
KEGG_2021_Human	Taste transduction	1/86	0.10155766145487406	0.19808332766406567	10.435294117647059	-6.300464747037211	SCN2A
KEGG_2021_Human	Dopaminergic synapse	1/132	0.1519784338028618	0.20020584132958996	6.73197625106022	-3.9335418472006	SCN1A
KEGG_2021_Human	mTOR signaling pathway	1/154	0.17518011116339122	0.20020584132958996	5.74800290486565	-3.2620286219941206	DEPDC5
KEGG_2021_Human	NOD-like receptor signaling pathway	1/181	0.20287322552436027	0.20287322552436027	4.869135802469136	-2.6461154603833723	CASR
