Gene_set	Pathway	Overlap	P-value	Adjusted P-value	Odds Ratio	Combined Score	Genes
KEGG_2021_Human	Cysteine and methionine metabolism	4/50	2.654180841966383e-07	1.8579265893764683e-06	116.26086956521739	-240.55570695978312	CBS;CTH;MAT1A;MTR
KEGG_2021_Human	One carbon pool by folate	2/20	0.00025898674669125955	0.0006043024089462723	111.80555555555556	-103.86062594433501	MTHFR;MTR
KEGG_2021_Human	Selenocompound metabolism	2/17	0.0001857478026843347	0.0006043024089462723	134.21666666666667	-117.38504686173405	CTH;MTR
KEGG_2021_Human	Glycine, serine and threonine metabolism	2/40	0.0010492500396798417	0.001836187569439723	52.828947368421055	-60.309801434582354	CBS;CTH
KEGG_2021_Human	Complement and coagulation cascades	2/85	0.004661598778005346	0.0065262382892074845	24.051204819277107	-31.541623523071053	F5;SERPINC1
KEGG_2021_Human	Ras signaling pathway	1/232	0.25290994493508406	0.29506160242426477	3.7696007696007694	-1.8563524399324505	NF1
KEGG_2021_Human	MAPK signaling pathway	1/294	0.3099217585428667	0.3099217585428667	2.9484262419416005	-1.2588658824557653	NF1
