Gene_set	Term	Overlap	P-value	Adjusted P-value	Old P-value	Old Adjusted P-value	Odds Ratio	Combined Score	Genes
KEGG_2021_Human	Mineral absorption	6/60	1.1722277226639364e-13	1.0550049503975426e-12	0	0	553.7777777777778	16488.5673295994	SLC9A3;ATP7B;SLC30A1;TRPM7;ATP7A;TRPM6
KEGG_2021_Human	Proximal tubule bicarbonate reclamation	1/23	0.0114431199495764	0.0514940397730938	0	0	100.84848484848484	450.8296990682604	SLC9A3
KEGG_2021_Human	Bile secretion	1/90	0.0441090999770031	0.0977854580640368	0	0	24.845193508114857	77.54406436315156	SLC9A3
KEGG_2021_Human	Protein digestion and absorption	1/103	0.0503335577922038	0.0977854580640368	0	0	21.664488017429193	64.75695871628933	SLC9A3
KEGG_2021_Human	Osteoclast differentiation	1/127	0.0617291088801565	0.0977854580640368	0	0	17.516754850088184	48.78415662492463	CALCR
KEGG_2021_Human	Cellular senescence	1/156	0.0753344527600507	0.0977854580640368	0	0	14.21863799283154	36.76680591747282	TRPM7
KEGG_2021_Human	Necroptosis	1/159	0.0767317181460946	0.0977854580640368	0	0	13.946554149085795	35.80694267122304	TRPM7
KEGG_2021_Human	NOD-like receptor signaling pathway	1/181	0.0869204071680327	0.0977854580640368	0	0	12.228395061728396	29.871064148550712	TRPM7
KEGG_2021_Human	Neuroactive ligand-receptor interaction	1/341	0.1580282660331969	0.1580282660331969	0	0	6.421568627450981	11.847674438945711	CALCR
