Gene_set	Pathway	Overlap	P-value	Adjusted P-value	Odds Ratio	Combined Score	Genes
KEGG_2021_Human	Citrate cycle (TCA cycle)	2/30	3.990998790868175e-05	0.00035918989117813573	574.7857142857143	-191.23077606235168	DLD;PC
KEGG_2021_Human	Pyruvate metabolism	2/47	9.903911036794547e-05	0.00044567599665575465	356.8888888888889	-138.77684890718427	DLD;PC
KEGG_2021_Human	Glycine, serine and threonine metabolism	1/40	0.014783546141773934	0.022786278507073567	103.02564102564102	-34.1517056637888	DLD
KEGG_2021_Human	Glyoxylate and dicarboxylate metabolism	1/30	0.011101415408396417	0.022786278507073567	138.72413793103448	-42.24788626719901	DLD
KEGG_2021_Human	Propanoate metabolism	1/34	0.01257536661731034	0.022786278507073567	121.84848484848484	-38.53733215247677	DLD
KEGG_2021_Human	Tryptophan metabolism	1/42	0.015518873737263544	0.022786278507073567	97.97560975609755	-32.92401014136553	DLD
KEGG_2021_Human	Valine, leucine and isoleucine degradation	1/48	0.01772266106105722	0.022786278507073567	85.40425531914893	-29.75949856512093	DLD
KEGG_2021_Human	Glycolysis / Gluconeogenesis	1/67	0.024679619326260827	0.024679619326260827	60.67424242424242	-22.981773403439256	DLD
KEGG_2021_Human	Lysine degradation	1/63	0.02321773539627495	0.024679619326260827	64.62096774193549	-24.121742870812263	DLD
