Gene_set	Pathway	Overlap	P-value	Adjusted P-value	Odds Ratio	Combined Score	Genes
KEGG_2021_Human	Arginine biosynthesis	2/22	0.0001474755866413756	0.0010323291064896294	161.02	-126.78710267356729	ASL;OTC
KEGG_2021_Human	Pyrimidine metabolism	2/56	0.0009694465466555729	0.003393062913294505	59.385185185185186	-61.70592541902665	DHODH;UMPS
KEGG_2021_Human	Drug metabolism	2/108	0.003559813900269766	0.008306232433962788	30.056603773584907	-35.38512391180663	HPRT1;UMPS
KEGG_2021_Human	Alanine, aspartate and glutamate metabolism	1/37	0.03163675941277289	0.055364328972352564	37.199074074074076	-18.71798195593473	ASL
KEGG_2021_Human	Arginine and proline metabolism	1/50	0.042546768333012144	0.0564405619263389	27.285714285714285	-14.560831708586772	ODC1
KEGG_2021_Human	Glutathione metabolism	1/57	0.04837762450829049	0.0564405619263389	23.854166666666668	-13.005413049473686	ODC1
KEGG_2021_Human	Purine metabolism	1/129	0.10660770016173186	0.10660770016173186	10.342447916666666	-5.997352266038173	HPRT1
