Gene_set	Pathway	Overlap	P-value	Adjusted P-value	Odds Ratio	Combined Score	Genes
KEGG_2021_Human	Cholesterol metabolism	3/50	8.888266841856983e-07	7.110613473485586e-06	512.3617021276596	-264.32638050938795	APOA1;APOE;LCAT
KEGG_2021_Human	African trypanosomiasis	1/37	0.018199229947239895	0.042253762756725086	74.42592592592592	-29.128604044988577	APOA1
KEGG_2021_Human	Fat digestion and absorption	1/43	0.021126881378362543	0.042253762756725086	63.74603174603175	-25.944989034133275	APOA1
KEGG_2021_Human	Vitamin digestion and absorption	1/24	0.011833460134682443	0.042253762756725086	116.68115942028986	-40.283127326543635	APOA1
KEGG_2021_Human	PPAR signaling pathway	1/74	0.03614891336716603	0.05783826138746565	36.534246575342465	-16.788997390857602	APOA1
KEGG_2021_Human	Glycerophospholipid metabolism	1/98	0.04765960179481606	0.06354613572642141	27.412371134020617	-13.229221837886499	LCAT
KEGG_2021_Human	Lipid and atherosclerosis	1/215	0.10230483830217256	0.11691981520248293	12.242990654205608	-6.329226105928483	APOA1
KEGG_2021_Human	Alzheimer disease	1/369	0.17060513476779607	0.17060513476779607	6.980072463768116	-3.4617473169900825	APOE
