Gene_set	Pathway	Overlap	P-value	Adjusted P-value	Odds Ratio	Combined Score	Genes
KEGG_2021_Human	Arginine biosynthesis	4/22	8.57235640325207e-09	6.00064948227645e-08	298.14814814814815	-447.7327958319831	ASS1;CPS1;NAGS;OTC
KEGG_2021_Human	Alanine, aspartate and glutamate metabolism	2/37	0.0008976760152685225	0.003141866053439829	57.378571428571426	-64.24352876962546	ASS1;CPS1
KEGG_2021_Human	Glycosaminoglycan degradation	1/19	0.023286116400967973	0.04075070370169395	49.69135802469136	-23.981021494289497	NAGLU
KEGG_2021_Human	Nitrogen metabolism	1/17	0.020858141730383632	0.04075070370169395	55.916666666666664	-26.157848827787358	CPS1
KEGG_2021_Human	Fluid shear stress and atherosclerosis	1/139	0.15942370386618251	0.18599432117721296	6.384863123993559	-3.698840756963446	ASS1
KEGG_2021_Human	Lysosome	1/128	0.14769739689308778	0.18599432117721296	6.94750656167979	-4.078087345546839	NAGLU
KEGG_2021_Human	Axon guidance	1/182	0.2038826300760579	0.2038826300760579	4.841620626151013	-2.6265948500338347	EPHB6
