Gene_set	Pathway	Overlap	P-value	Adjusted P-value	Odds Ratio	Combined Score	Genes
KEGG_2021_Human	Basal cell carcinoma	1/63	0.030838451516403083	0.08241884565329695	43.075268817204304	-19.161170086988466	SHH
KEGG_2021_Human	Hedgehog signaling pathway	1/56	0.02744766081534846	0.08241884565329695	48.6	-21.06989735824908	SHH
KEGG_2021_Human	Steroid biosynthesis	1/20	0.009868548674576177	0.08241884565329695	141.31578947368422	-46.01455437318185	DHCR7
KEGG_2021_Human	Thyroid hormone synthesis	1/75	0.03663059806813197	0.08241884565329695	36.03603603603604	-16.602705879742498	ALB
KEGG_2021_Human	Gastric cancer	1/149	0.0717772412264204	0.1076658618396306	17.85135135135135	-9.068026327112456	SHH
KEGG_2021_Human	Lysosome	1/128	0.061902617675870276	0.1076658618396306	20.858267716535433	-10.435558210326967	SLC17A5
KEGG_2021_Human	Axon guidance	1/182	0.08713674526003186	0.10994463476304397	14.535911602209945	-7.48234631745186	SHH
KEGG_2021_Human	Proteoglycans in cancer	1/205	0.09772856423381686	0.10994463476304397	12.859477124183007	-6.644287102516424	SHH
KEGG_2021_Human	Pathways in cancer	1/531	0.23816784056440385	0.23816784056440385	4.744654088050314	-2.134077925532528	SHH
