Gene_set	Pathway	Overlap	P-value	Adjusted P-value	Odds Ratio	Combined Score	Genes
KEGG_2021_Human	Cysteine and methionine metabolism	1/50	0.006189650903689031	0.006189650903689031	inf	-64.43162660994574	CBS
KEGG_2021_Human	Glycine, serine and threonine metabolism	1/40	0.004951720722951225	0.006189650903689031	inf	-75.24481275443688	CBS
