Gene_set	Pathway	Overlap	P-value	Adjusted P-value	Odds Ratio	Combined Score	Genes
KEGG_2021_Human	Homologous recombination	4/41	1.1734085699248772e-07	1.0560677129323896e-06	144.7027027027027	-280.59591734901187	BLM;MRE11;RAD51;RBBP8
KEGG_2021_Human	Fanconi anemia pathway	2/54	0.0019072416100091318	0.008582587245041094	38.53846153846154	-47.00449188035578	BLM;RAD51
KEGG_2021_Human	Non-homologous end-joining	1/13	0.01598588950543118	0.04795766851629354	74.5925925925926	-32.122678574322244	MRE11
KEGG_2021_Human	Pancreatic cancer	1/76	0.09024597396088518	0.20305344141199166	11.841481481481482	-7.141387005986298	RAD51
KEGG_2021_Human	Cellular senescence	1/156	0.17726075583432344	0.3190693605017822	5.672401433691756	-3.209640069203435	MRE11
KEGG_2021_Human	Amyotrophic lateral sclerosis	1/364	0.3695602254440061	0.47514886128515066	2.3584328129782675	-0.8341701676241932	DNAH8
KEGG_2021_Human	Huntington disease	1/306	0.32049274018188956	0.47514886128515066	2.8280510018214935	-1.1715156192121785	DNAH8
KEGG_2021_Human	Pathways in cancer	1/531	0.4935522426966286	0.4935522426966286	1.580293501048218	-0.3089273055464	RAD51
KEGG_2021_Human	Pathways of neurodegeneration	1/475	0.45466905008847364	0.4935522426966286	1.7801218940459447	-0.4367315309409891	DNAH8
