Gene_set	Pathway	Overlap	P-value	Adjusted P-value	Odds Ratio	Combined Score	Genes
KEGG_2021_Human	Complement and coagulation cascades	7/85	1.2999057563438945e-12	1.1699151807095052e-11	239.01709401709402	-492.0098031644462	F10;F11;F13A1;F5;F7;F8;F9
KEGG_2021_Human	Collecting duct acid secretion	1/27	0.03294392335593595	0.07412382755085589	34.36752136752137	-18.084430415617646	CA2
KEGG_2021_Human	Nitrogen metabolism	1/17	0.020858141730383632	0.07412382755085589	55.916666666666664	-26.157848827787358	CA2
KEGG_2021_Human	Proximal tubule bicarbonate reclamation	1/23	0.028125816737661832	0.07412382755085589	40.63636363636363	-20.601670877696893	CA2
KEGG_2021_Human	Bile secretion	1/90	0.10604677818396174	0.15350563044361962	9.961298377028713	-6.010407578745034	CA2
KEGG_2021_Human	Gastric acid secretion	1/76	0.09024597396088518	0.15350563044361962	11.841481481481482	-7.141387005986298	CA2
KEGG_2021_Human	Pancreatic secretion	1/102	0.11939326812281527	0.15350563044361962	8.764576457645765	-5.262086311101535	CA2
KEGG_2021_Human	Protein processing in endoplasmic reticulum	1/171	0.19271564324144907	0.21680509864663022	5.162091503267974	-2.8530763101358976	LMAN1
KEGG_2021_Human	Coronavirus disease	1/232	0.25290994493508406	0.25290994493508406	3.7696007696007694	-1.8563524399324505	F13A1
