Gene_set	Pathway	Overlap	P-value	Adjusted P-value	Odds Ratio	Combined Score	Genes
KEGG_2021_Human	Chagas disease	1/102	0.03740893447408986	0.06733608205336175	39.475247524752476	-16.34859551400995	C1QA
KEGG_2021_Human	Complement and coagulation cascades	1/85	0.031240048323974486	0.06733608205336175	47.56547619047619	-18.994920695366066	C1QA
KEGG_2021_Human	Cytosolic DNA-sensing pathway	1/63	0.02321773539627495	0.06733608205336175	64.62096774193549	-24.121742870812263	TREX1
KEGG_2021_Human	Pertussis	1/76	0.027963523603669348	0.06733608205336175	53.333333333333336	-20.79016761790532	C1QA
KEGG_2021_Human	Staphylococcus aureus infection	1/95	0.03487198640670699	0.06733608205336175	42.452127659574465	-17.34140000327983	C1QA
KEGG_2021_Human	Systemic lupus erythematosus	1/135	0.049308963311065324	0.07396344496659799	29.630597014925375	-12.877011634952924	C1QA
KEGG_2021_Human	Coronavirus disease	1/232	0.08371918229647504	0.09418408008353443	16.97835497835498	-7.836118734633811	C1QA
KEGG_2021_Human	Human immunodeficiency virus 1 infection	1/212	0.07669341729412732	0.09418408008353443	18.635071090047393	-8.545208877559228	SAMHD1
KEGG_2021_Human	Prion disease	1/273	0.09801039392926933	0.09801039392926933	14.34375	-6.66947846013848	C1QA
