Gene_set	Pathway	Overlap	P-value	Adjusted P-value	Odds Ratio	Combined Score	Genes
KEGG_2021_Human	Porphyrin and chlorophyll metabolism	5/43	8.308275679794618e-10	4.984965407876771e-09	211.31578947368422	-447.29930884273625	ALAS1;ALAS2;HMBS;UROD;UROS
KEGG_2021_Human	Glycine, serine and threonine metabolism	2/40	0.0010492500396798417	0.003147750119039525	52.828947368421055	-60.309801434582354	ALAS1;ALAS2
KEGG_2021_Human	ErbB signaling pathway	1/85	0.10043221696214563	0.13795740101462992	10.56084656084656	-6.37671991533167	NRG1
KEGG_2021_Human	Glycerophospholipid metabolism	1/98	0.11496450084552494	0.13795740101462992	9.130584192439862	-5.49346810373269	GNPAT
KEGG_2021_Human	Peroxisome	1/82	0.09704826642438931	0.13795740101462992	10.956104252400548	-6.615247747466243	GNPAT
KEGG_2021_Human	Amyotrophic lateral sclerosis	1/364	0.3695602254440061	0.3695602254440061	2.3584328129782675	-0.8341701676241932	NRG1
