Gene_set	Pathway	Overlap	P-value	Adjusted P-value	Odds Ratio	Combined Score	Genes
KEGG_2021_Human	Peroxisome	8/82	3.5209094026751334e-15	2.8167275221401067e-14	432.1081081081081	-574.0658452349236	ABCD3;CAT;PEX1;PEX13;PEX14;PEX26;PEX5;PEX6
KEGG_2021_Human	ABC transporters	1/45	0.05436047130022726	0.10872094260045452	20.262626262626263	-11.690056551619103	ABCD3
KEGG_2021_Human	Glyoxylate and dicarboxylate metabolism	1/30	0.03654338399736008	0.10872094260045452	30.800766283524904	-16.574318247175444	CAT
KEGG_2021_Human	Tryptophan metabolism	1/42	0.05082096328161841	0.10872094260045452	21.75338753387534	-12.4264883862275	CAT
KEGG_2021_Human	Longevity regulating pathway	1/102	0.11939326812281527	0.19102922899650443	8.764576457645765	-5.262086311101535	CAT
KEGG_2021_Human	FoxO signaling pathway	1/131	0.1509099928727911	0.20121332383038815	6.7846153846153845	-3.968927686510734	CAT
KEGG_2021_Human	Amyotrophic lateral sclerosis	1/364	0.3695602254440061	0.4223545433645784	2.3584328129782675	-0.8341701676241932	CAT
KEGG_2021_Human	Pathways of neurodegeneration	1/475	0.45466905008847364	0.45466905008847364	1.7801218940459447	-0.4367315309409891	CAT
