Gene_set	Pathway	Overlap	P-value	Adjusted P-value	Odds Ratio	Combined Score	Genes
KEGG_2021_Human	Hematopoietic cell lineage	1/99	0.012255508789304282	0.028596187175043326	inf	-39.51708873678206	CSF3
KEGG_2021_Human	IL-17 signaling pathway	1/94	0.011636543698935378	0.028596187175043326	inf	-41.04478775306856	CSF3
KEGG_2021_Human	Malaria	1/50	0.006189650903689031	0.028596187175043326	inf	-64.43162660994574	CSF3
KEGG_2021_Human	JAK-STAT signaling pathway	1/162	0.02005446892795246	0.035095320623916806	inf	-27.327175549539998	CSF3
KEGG_2021_Human	Coronavirus disease	1/232	0.028719980193117105	0.04020797227036395	inf	-20.645640349829616	CSF3
KEGG_2021_Human	Cytokine-cytokine receptor interaction	1/295	0.03651894033176528	0.042605430387059495	inf	-17.001238516709645	CSF3
KEGG_2021_Human	PI3K-Akt signaling pathway	1/354	0.04382272839811834	0.04382272839811834	inf	-14.609356207381175	CSF3
