Gene_set	Pathway	Overlap	P-value	Adjusted P-value	Odds Ratio	Combined Score	Genes
KEGG_2021_Human	Basal transcription factors	1/45	0.022101308615848813	0.13884062003164166	60.833333333333336	-25.04315545069555	TBP
KEGG_2021_Human	Human T-cell leukemia virus 1 infection	1/219	0.10413046502373124	0.13884062003164166	12.01223241590214	-6.2102908650535795	TBP
KEGG_2021_Human	Parathyroid hormone synthesis, secretion and action	1/106	0.05147348766923983	0.13884062003164166	25.298412698412697	-12.353058201966947	RUNX2
KEGG_2021_Human	Spinocerebellar ataxia	1/143	0.068963914120232	0.13884062003164166	18.619718309859156	-9.423387907788788	TBP
KEGG_2021_Human	Transcriptional misregulation in cancer	1/192	0.09175327699749344	0.13884062003164166	13.75741710296684	-7.096463046474397	RUNX2
KEGG_2021_Human	Viral carcinogenesis	1/203	0.09681121390666975	0.13884062003164166	12.990099009900991	-6.710552001567053	TBP
KEGG_2021_Human	Human papillomavirus infection	1/331	0.15412723492188113	0.15412723492188113	7.822222222222222	-3.94427490919935	TBP
KEGG_2021_Human	Huntington disease	1/306	0.14315341899199943	0.15412723492188113	8.490710382513662	-4.320438357116778	TBP
