Gene_set	Pathway	Overlap	P-value	Adjusted P-value	Odds Ratio	Combined Score	Genes
KEGG_2021_Human	Glycosaminoglycan biosynthesis	1/53	0.013079819782378708	0.020726418104427723	154.30769230769232	-37.48664481504829	XYLT1
KEGG_2021_Human	Pyrimidine metabolism	1/56	0.013817612069618481	0.020726418104427723	145.83636363636364	-35.986894256499355	CANT1
KEGG_2021_Human	Purine metabolism	1/129	0.03168552570099079	0.03168552570099079	62.09375	-18.850598900705425	CANT1
