Gene_set	Pathway	Overlap	P-value	Adjusted P-value	Odds Ratio	Combined Score	Genes
KEGG_2021_Human	Cytokine-cytokine receptor interaction	8/295	1.2172826564477705e-10	5.232471516135987e-10	108.44599303135888	-286.2798116416067	CLCF1;CNTF;CNTFR;CTF1;LIF;LIFR;OSM;OSMR
KEGG_2021_Human	JAK-STAT signaling pathway	7/162	1.3081178790339969e-10	5.232471516135987e-10	119.12043010752689	-340.5301663464764	CNTF;CNTFR;CTF1;LIF;LIFR;OSM;OSMR
KEGG_2021_Human	Signaling pathways regulating pluripotency of stem cells	2/143	0.01275865818396982	0.03402308849058618	14.054964539007091	-19.077689748676264	LIF;LIFR
KEGG_2021_Human	PI3K-Akt signaling pathway	2/354	0.06828569708469599	0.13657139416939199	5.480113636363637	-6.479364551821025	OSM;OSMR
KEGG_2021_Human	TNF signaling pathway	1/112	0.13037805537365837	0.2086048885978534	7.964964964964965	-4.748494648054986	LIF
KEGG_2021_Human	Yersinia infection	1/137	0.15730251033809037	0.20973668045078717	6.480392156862745	-3.763669230249352	FYB1
KEGG_2021_Human	Rap1 signaling pathway	1/210	0.23168307497366095	0.2647806571127554	4.178096757044125	-2.1518791496475385	FYB1
KEGG_2021_Human	Endocytosis	1/252	0.27174750318495006	0.27174750318495006	3.4603806994245243	-1.6315316807371463	DAB2
