Gene_set	Pathway	Overlap	P-value	Adjusted P-value	Odds Ratio	Combined Score	Genes
KEGG_2021_Human	Basal cell carcinoma	1/63	0.0753492056247738	0.22604761687432143	14.347670250896057	-8.574814690072902	SHH
KEGG_2021_Human	Hedgehog signaling pathway	1/56	0.06723726744113623	0.22604761687432143	16.187878787878788	-9.580691348846925	SHH
KEGG_2021_Human	Axon guidance	1/182	0.2038826300760579	0.27214048227645954	4.841620626151013	-2.6265948500338347	SHH
KEGG_2021_Human	Gastric cancer	1/149	0.16995776547310146	0.27214048227645954	5.945945945945946	-3.3986573195730956	SHH
KEGG_2021_Human	Proteoglycans in cancer	1/205	0.22678373523038298	0.27214048227645954	4.283224400871459	-2.2275706216550177	SHH
KEGG_2021_Human	Pathways in cancer	1/531	0.4935522426966286	0.4935522426966286	1.580293501048218	-0.3089273055464	SHH
