Gene_set	Pathway	Overlap	P-value	Adjusted P-value	Odds Ratio	Combined Score	Genes
KEGG_2021_Human	B cell receptor signaling pathway	1/81	0.03951691600819251	0.12970486361310749	33.30833333333333	-15.56721504471976	CD79A
KEGG_2021_Human	Growth hormone synthesis, secretion and action	1/119	0.057646606050269986	0.12970486361310749	22.47457627118644	-11.146591889500078	GH1
KEGG_2021_Human	Parathyroid hormone synthesis, secretion and action	1/106	0.05147348766923983	0.12970486361310749	25.298412698412697	-12.353058201966947	RUNX2
KEGG_2021_Human	Primary immunodeficiency	1/38	0.018687627295854627	0.12970486361310749	72.4054054054054	-28.54015854476805	CD79A
KEGG_2021_Human	JAK-STAT signaling pathway	1/162	0.07785090706667108	0.13762991549624018	16.383022774327124	-8.376701715224526	GH1
KEGG_2021_Human	Transcriptional misregulation in cancer	1/192	0.09175327699749344	0.13762991549624018	13.75741710296684	-7.096463046474397	RUNX2
KEGG_2021_Human	Cytokine-cytokine receptor interaction	1/295	0.13829126323074029	0.16412973373945605	8.820861678004535	-4.5040370443242335	GH1
KEGG_2021_Human	Neuroactive ligand-receptor interaction	1/341	0.15848711391167333	0.16412973373945605	7.58235294117647	-3.807829362095125	GH1
KEGG_2021_Human	PI3K-Akt signaling pathway	1/354	0.16412973373945605	0.16412973373945605	7.290840415486308	-3.6409462550005984	GH1
