Gene_set	Pathway	Overlap	P-value	Adjusted P-value	Odds Ratio	Combined Score	Genes
KEGG_2021_Human	TGF-beta signaling pathway	2/94	0.0001339852128266671	0.0005359408513066684	inf	-116.2371608776494	AMH;AMHR2
KEGG_2021_Human	Cytokine-cytokine receptor interaction	2/295	0.0013292767682975106	0.002658553536595021	inf	-48.113508549099905	AMH;AMHR2
KEGG_2021_Human	Hippo signaling pathway	1/163	0.03995180946401531	0.05276681610212277	48.851851851851855	-15.540794910442244	AMH
KEGG_2021_Human	cAMP signaling pathway	1/216	0.05276681610212277	0.05276681610212277	36.562790697674416	-12.206092950435757	AMH
