Gene_set	Pathway	Overlap	P-value	Adjusted P-value	Odds Ratio	Combined Score	Genes
KEGG_2021_Human	Aldosterone synthesis and secretion	2/98	0.000860374504301826	0.006882996034414608	83.10416666666667	-62.92062807228142	KCNK9;NR4A1
KEGG_2021_Human	Cortisol synthesis and secretion	1/65	0.03180561822696463	0.08481498193857234	41.71875	-18.679854747210207	NR4A1
KEGG_2021_Human	GnRH secretion	1/64	0.03132212540210919	0.08481498193857234	42.386243386243386	-18.91735055407344	GNRH1
KEGG_2021_Human	GnRH signaling pathway	1/93	0.045270089941585274	0.09054017988317055	28.920289855072465	-13.841292722682061	GNRH1
KEGG_2021_Human	Cushing syndrome	1/155	0.0745841877033093	0.11933470032529488	17.142857142857142	-8.736512032914831	NR4A1
KEGG_2021_Human	MAPK signaling pathway	1/294	0.13784822531980495	0.16412973373945605	8.852104664391353	-4.521338102865176	NR4A1
KEGG_2021_Human	Neuroactive ligand-receptor interaction	1/341	0.15848711391167333	0.16412973373945605	7.58235294117647	-3.807829362095125	GNRH1
KEGG_2021_Human	PI3K-Akt signaling pathway	1/354	0.16412973373945605	0.16412973373945605	7.290840415486308	-3.6409462550005984	NR4A1
