Gene_set	Pathway	Overlap	P-value	Adjusted P-value	Odds Ratio	Combined Score	Genes
KEGG_2021_Human	SNARE interactions in vesicular transport	4/33	4.7640407335881865e-08	3.334828513511731e-07	184.80459770114942	-331.0705669222711	SEC22B;SNAP29;STX18;STX5
KEGG_2021_Human	Phagosome	2/152	0.014335605230985022	0.033449745538965056	13.196666666666667	-17.909946150058477	SEC22B;STX18
KEGG_2021_Human	Sulfur metabolism	1/10	0.012317392763478485	0.033449745538965056	99.49382716049382	-39.073675090855936	SELENBP1
KEGG_2021_Human	Legionellosis	1/57	0.06840002327828267	0.07980002715799644	15.896825396825397	-9.424000900813787	SEC22B
KEGG_2021_Human	N-Glycan biosynthesis	1/50	0.060233261208856796	0.07980002715799644	18.183673469387756	-10.63265628196324	MAN2A1
KEGG_2021_Human	Various types of N-glycan biosynthesis	1/39	0.04726953625210418	0.07980002715799644	23.47953216374269	-13.258394033479371	MAN2A1
KEGG_2021_Human	Autophagy	1/137	0.15730251033809037	0.15730251033809037	6.480392156862745	-3.763669230249352	SNAP29
