Gene_set	Pathway	Overlap	P-value	Adjusted P-value	Odds Ratio	Combined Score	Genes
KEGG_2021_Human	Adrenergic signaling in cardiomyocytes	2/150	0.004892237346607169	0.029353424079643014	26.77027027027027	-30.394311917408434	SCN1B;SCN5A
KEGG_2021_Human	Arrhythmogenic right ventricular cardiomyopathy	1/77	0.055863549420884666	0.11172709884176933	21.042105263157893	-11.431164821373274	DSG2
KEGG_2021_Human	Notch signaling pathway	1/59	0.043043378631681	0.11172709884176933	27.63448275862069	-14.424844897099966	HEY2
KEGG_2021_Human	Breast cancer	1/147	0.10436789669424804	0.15655184504137207	10.857534246575343	-6.150405183172171	HEY2
KEGG_2021_Human	Human papillomavirus infection	1/331	0.22206417694975275	0.2664770123397033	4.692121212121212	-2.337833216421233	HEY2
KEGG_2021_Human	Pathways in cancer	1/531	0.3350848323456987	0.3350848323456987	2.8460377358490567	-1.0911353369825387	HEY2
