Gene_set	Pathway	Overlap	P-value	Adjusted P-value	Odds Ratio	Combined Score	Genes
KEGG_2021_Human	TGF-beta signaling pathway	5/94	4.613881700165173e-08	1.384164510049552e-07	89.65168539325843	-243.34942399375765	CHRD;GREM1;GREM2;NBL1;NOG
KEGG_2021_Human	Parathyroid hormone synthesis, secretion and action	1/106	0.12380207979004104	0.18570311968506156	8.426455026455027	-5.046288872333345	SOST
KEGG_2021_Human	Wnt signaling pathway	1/166	0.1875932968535885	0.1875932968535885	5.321885521885521	-2.9652743858654524	SOST
