Gene_set	Pathway	Overlap	P-value	Adjusted P-value	Odds Ratio	Combined Score	Genes
KEGG_2021_Human	Arginine and proline metabolism	4/50	2.654180841966383e-07	2.388762757769745e-06	116.26086956521739	-240.55570695978312	CKB;GAMT;GATM;OAT
KEGG_2021_Human	Glycine, serine and threonine metabolism	2/40	0.0010492500396798417	0.004721625178559288	52.828947368421055	-60.309801434582354	GAMT;GATM
KEGG_2021_Human	Alanine, aspartate and glutamate metabolism	1/37	0.04489527895199197	0.06734291842798795	24.790123456790123	-13.876145105511855	ASS1
KEGG_2021_Human	Arginine biosynthesis	1/22	0.026917919418171	0.06734291842798795	42.576719576719576	-21.34946103825324	ASS1
KEGG_2021_Human	Galactose metabolism	1/31	0.03774052193970927	0.06734291842798795	29.77037037037037	-16.126223630092912	GAA
KEGG_2021_Human	Starch and sucrose metabolism	1/36	0.043706154548296745	0.06734291842798795	25.501587301587303	-14.206754592243437	GAA
KEGG_2021_Human	Protein digestion and absorption	1/103	0.12049733874954198	0.15492514982083969	8.677559912854031	-5.2067399522157665	SLC7A7
KEGG_2021_Human	Fluid shear stress and atherosclerosis	1/139	0.15942370386618251	0.15942370386618251	6.384863123993559	-3.698840756963446	ASS1
KEGG_2021_Human	Lysosome	1/128	0.14769739689308778	0.15942370386618251	6.94750656167979	-4.078087345546839	GAA
