Gene_set	Pathway	Overlap	P-value	Adjusted P-value	Odds Ratio	Combined Score	Genes
KEGG_2021_Human	Thyroid hormone signaling pathway	4/121	9.383551037690144e-06	4.691775518845072e-05	45.3048433048433	-116.10258452222129	MED12;MED12L;MED13;MED13L
KEGG_2021_Human	Lysine degradation	1/63	0.0753492056247738	0.1883730140619345	14.347670250896057	-8.574814690072902	EHMT2
KEGG_2021_Human	Longevity regulating pathway	1/102	0.11939326812281527	0.19898878020469213	8.764576457645765	-5.262086311101535	EHMT2
KEGG_2021_Human	Signaling pathways regulating pluripotency of stem cells	1/143	0.163651680714637	0.20456460089329626	6.2018779342723	-3.57415842622014	REST
KEGG_2021_Human	Huntington disease	1/306	0.32049274018188956	0.32049274018188956	2.8280510018214935	-1.1715156192121785	REST
