Gene_set	Pathway	Overlap	P-value	Adjusted P-value	Odds Ratio	Combined Score	Genes
KEGG_2021_Human	Maturity onset diabetes of the young	1/26	0.012814818444142218	0.025629636888284436	107.32	-37.97442141953766	HNF1B
KEGG_2021_Human	Transcriptional misregulation in cancer	1/192	0.09175327699749344	0.09175327699749344	13.75741710296684	-7.096463046474397	EYA1
