Gene_set	Pathway	Overlap	P-value	Adjusted P-value	Odds Ratio	Combined Score	Genes
KEGG_2021_Human	Amoebiasis	1/102	0.025095880964729086	0.05507819129955633	78.96039603960396	-22.748785076180656	LAMA3
KEGG_2021_Human	ECM-receptor interaction	1/88	0.02167023066515366	0.05507819129955633	91.82758620689656	-25.535173531412134	LAMA3
KEGG_2021_Human	Small cell lung cancer	1/92	0.022649600957949826	0.05507819129955633	87.74725274725274	-24.66698371316151	LAMA3
KEGG_2021_Human	Toxoplasmosis	1/112	0.027539095649778165	0.05507819129955633	71.75675675675676	-21.121653791349875	LAMA3
KEGG_2021_Human	Focal adhesion	1/201	0.04914866359789133	0.07863786175662613	39.38	-12.997323565641732	LAMA3
KEGG_2021_Human	Human papillomavirus infection	1/331	0.08027685250189873	0.09797738642970943	23.472727272727273	-8.260248089336292	LAMA3
KEGG_2021_Human	PI3K-Akt signaling pathway	1/354	0.08573021312599576	0.09797738642970943	21.878186968838527	-7.7425178519863485	LAMA3
KEGG_2021_Human	Pathways in cancer	1/531	0.12715481772171616	0.12715481772171616	14.237735849056603	-5.111276587123181	LAMA3
