Gene_set	Pathway	Overlap	P-value	Adjusted P-value	Odds Ratio	Combined Score	Genes
KEGG_2021_Human	Aminoacyl-tRNA biosynthesis	2/66	0.0028362774791241756	0.01985394235386923	31.265625	-39.54638063343362	RARS2;SEPSECS
KEGG_2021_Human	Selenocompound metabolism	1/17	0.020858141730383632	0.07300349605634272	55.916666666666664	-26.157848827787358	SEPSECS
KEGG_2021_Human	Insulin secretion	1/86	0.10155766145487406	0.17772590754602963	10.435294117647059	-6.300464747037211	PCLO
KEGG_2021_Human	RNA degradation	1/79	0.09365286357020701	0.17772590754602963	11.381766381766381	-6.869579561667118	EXOSC3
KEGG_2021_Human	Purine metabolism	1/129	0.1487694756391342	0.20827726589478787	6.892361111111111	-4.041189892105298	AMPD2
KEGG_2021_Human	Necroptosis	1/159	0.18037286671285227	0.21043501116499433	5.562587904360056	-3.1333425612983894	CHMP1A
KEGG_2021_Human	Endocytosis	1/252	0.27174750318495006	0.27174750318495006	3.4603806994245243	-1.6315316807371463	CHMP1A
