Gene_set	Pathway	Overlap	P-value	Adjusted P-value	Odds Ratio	Combined Score	Genes
KEGG_2021_Human	Hedgehog signaling pathway	8/56	1.4113766041114152e-16	1.2702389437002739e-15	668.3333333333334	-696.3642511414844	GLI1;GLI2;GLI3;PTCH1;PTCH2;SHH;SMO;SUFU
KEGG_2021_Human	Basal cell carcinoma	8/63	3.842073394624534e-16	1.7289330275810404e-15	582.7636363636364	-656.1073935989882	GLI1;GLI2;GLI3;PTCH1;PTCH2;SHH;SMO;SUFU
KEGG_2021_Human	Pathways in cancer	8/531	1.3259156044143163e-08	3.9777468132429495e-08	57.70554493307839	-169.9762176825409	GLI1;GLI2;GLI3;PTCH1;PTCH2;SHH;SMO;SUFU
KEGG_2021_Human	Axon guidance	3/182	0.0012012854729783365	0.002702892314201257	18.88826815642458	-39.78078503948119	PTCH1;SHH;SMO
KEGG_2021_Human	Proteoglycans in cancer	3/205	0.0016941022902244062	0.0029533475210879894	16.68882602545969	-35.25303962280841	PTCH1;SHH;SMO
KEGG_2021_Human	cAMP signaling pathway	3/216	0.001968898347391993	0.0029533475210879894	15.804828973843058	-33.39161145354852	GLI1;GLI3;PTCH1
KEGG_2021_Human	Hippo signaling pathway	2/163	0.01637338006583509	0.02105148865607369	12.277950310559007	-16.639197462960915	GLI2;SOX2
KEGG_2021_Human	Gastric cancer	1/149	0.16995776547310146	0.16995776547310146	5.945945945945946	-3.3986573195730956	SHH
KEGG_2021_Human	Signaling pathways regulating pluripotency of stem cells	1/143	0.163651680714637	0.16995776547310146	6.2018779342723	-3.57415842622014	SOX2
