Gene_set	Pathway	Overlap	P-value	Adjusted P-value	Odds Ratio	Combined Score	Genes
KEGG_2021_Human	Drug metabolism	2/108	0.007430876215757518	0.03827597455190946	18.778301886792452	-25.204052222837845	HPRT1;RRM2B
KEGG_2021_Human	Purine metabolism	2/129	0.010471317399144716	0.03827597455190946	15.631889763779528	-21.1770620526928	HPRT1;RRM2B
KEGG_2021_Human	Spinocerebellar ataxia	2/143	0.01275865818396982	0.03827597455190946	14.054964539007091	-19.077689748676264	OPA1;TWNK
KEGG_2021_Human	Glutathione metabolism	1/57	0.06840002327828267	0.12312004190090879	15.896825396825397	-9.424000900813787	RRM2B
KEGG_2021_Human	Pyrimidine metabolism	1/56	0.06723726744113623	0.12312004190090879	16.187878787878788	-9.580691348846925	RRM2B
KEGG_2021_Human	p53 signaling pathway	1/73	0.0868275630671275	0.13024134460069126	12.339506172839506	-7.43259286356604	RRM2B
KEGG_2021_Human	Ribosome biogenesis in eukaryotes	1/108	0.12599902727061665	0.1619987493479357	8.2668743509865	-4.943743954376122	RPP30
KEGG_2021_Human	Signaling pathways regulating pluripotency of stem cells	1/143	0.163651680714637	0.18410814080396665	6.2018779342723	-3.57415842622014	POU5F1
KEGG_2021_Human	RNA transport	1/186	0.20790875456503763	0.20790875456503763	4.734534534534535	-2.5504914662503393	RPP30
