Gene_set	Pathway	Overlap	P-value	Adjusted P-value	Odds Ratio	Combined Score	Genes
KEGG_2021_Human	Protein processing in endoplasmic reticulum	1/171	0.19271564324144907	0.19271564324144907	5.162091503267974	-2.8530763101358976	SEC23A
KEGG_2021_Human	Thyroid hormone signaling pathway	1/121	0.14015875566728583	0.19271564324144907	7.359259259259259	-4.351741094826131	SLC16A2
KEGG_2021_Human	Thyroid hormone synthesis	1/75	0.0891077855134448	0.19271564324144907	12.003003003003004	-7.236197160831004	TTF1
