Gene_set	Pathway	Overlap	P-value	Adjusted P-value	Odds Ratio	Combined Score	Genes
KEGG_2021_Human	Basal transcription factors	1/45	0.05436047130022726	0.06490783652883964	20.262626262626263	-11.690056551619103	ERCC2
KEGG_2021_Human	Base excision repair	1/33	0.040130782413471976	0.06490783652883964	27.90277777777778	-15.299431750604054	FEN1
KEGG_2021_Human	DNA replication	1/36	0.043706154548296745	0.06490783652883964	25.501587301587303	-14.206754592243437	FEN1
KEGG_2021_Human	Fanconi anemia pathway	1/54	0.06490783652883964	0.06490783652883964	16.80293501048218	-9.908989834571736	BRIP1
KEGG_2021_Human	Homologous recombination	1/41	0.04963848036556211	0.06490783652883964	22.3	-12.692261742471414	BRIP1
KEGG_2021_Human	Non-homologous end-joining	1/13	0.01598588950543118	0.06490783652883964	74.5925925925926	-32.122678574322244	FEN1
KEGG_2021_Human	Nucleotide excision repair	1/47	0.05671353920929476	0.06490783652883964	19.3768115942029	-11.24402387762608	ERCC2
