Gene_set	Pathway	Overlap	P-value	Adjusted P-value	Odds Ratio	Combined Score	Genes
KEGG_2021_Human	Lysine degradation	4/63	6.811887802918996e-07	3.4059439014594978e-06	90.49717514124293	-200.30830604753126	EHMT1;EHMT2;KMT2C;KMT2D
KEGG_2021_Human	Longevity regulating pathway	2/102	0.006650847322673755	0.016627118306684386	19.92	-26.61700675496218	EHMT1;EHMT2
KEGG_2021_Human	Cell adhesion molecules	1/148	0.16890973234869874	0.17622102470306392	5.987150415721844	-3.427000500776257	NRXN1
KEGG_2021_Human	Cushing syndrome	1/155	0.17622102470306392	0.17622102470306392	5.70995670995671	-3.235678410841787	KMT2D
KEGG_2021_Human	Ubiquitin mediated proteolysis	1/140	0.16048249753809815	0.17622102470306392	6.338129496402877	-3.6670604531534	UBR5
