Gene_set	Pathway	Overlap	P-value	Adjusted P-value	Odds Ratio	Combined Score	Genes
KEGG_2021_Human	Phototransduction	3/28	4.404130408165328e-06	3.5233043265322626e-05	137.88	-196.88379935592903	GNAT2;GUCY2D;RGS9
KEGG_2021_Human	cAMP signaling pathway	2/216	0.027803609837697526	0.1112144393507901	9.175233644859814	-12.174459052502558	CNGA3;CNGB3
KEGG_2021_Human	ABC transporters	1/45	0.05436047130022726	0.11812267221496724	20.262626262626263	-11.690056551619103	ABCA4
KEGG_2021_Human	Cocaine addiction	1/49	0.05906133610748362	0.11812267221496724	18.564814814814813	-10.829316375605623	RGS9
KEGG_2021_Human	Retinol metabolism	1/68	0.0811045146521906	0.12976722344350494	13.26865671641791	-7.96724592924887	RDH5
KEGG_2021_Human	Olfactory transduction	2/440	0.09971403334709183	0.1329520444627891	4.355022831050229	-4.677793013852554	CNGA3;GUCY2D
KEGG_2021_Human	Purine metabolism	1/129	0.1487694756391342	0.17002225787329622	6.892361111111111	-4.041189892105298	GUCY2D
KEGG_2021_Human	Hippo signaling pathway	1/163	0.1845058664849509	0.1845058664849509	5.422496570644719	-3.0356632226338247	CRB1
