Gene_set	Pathway	Overlap	P-value	Adjusted P-value	Odds Ratio	Combined Score	Genes
KEGG_2021_Human	Porphyrin and chlorophyll metabolism	4/43	1.4282385338308892e-07	1.1425908270647114e-06	137.24786324786325	-270.484873589769	ALAS1;ALAS2;FECH;FXN
KEGG_2021_Human	Glycine, serine and threonine metabolism	2/40	0.0010492500396798417	0.004197000158719367	52.828947368421055	-60.309801434582354	ALAS1;ALAS2
KEGG_2021_Human	Galactose metabolism	1/31	0.03774052193970927	0.06992984727727479	29.77037037037037	-16.126223630092912	GAA
KEGG_2021_Human	Starch and sucrose metabolism	1/36	0.043706154548296745	0.06992984727727479	25.501587301587303	-14.206754592243437	GAA
KEGG_2021_Human	Vitamin digestion and absorption	1/24	0.02933236445120913	0.06992984727727479	38.86473429951691	-19.906523902743018	SLC19A2
KEGG_2021_Human	ABC transporters	1/45	0.05436047130022726	0.07248062840030302	20.262626262626263	-11.690056551619103	ABCB7
KEGG_2021_Human	Lysosome	1/128	0.14769739689308778	0.16879702502067176	6.94750656167979	-4.078087345546839	GAA
KEGG_2021_Human	Spliceosome	1/150	0.1710046090025842	0.1710046090025842	5.905294556301268	-3.370661515310376	SF3B1
