Gene_set	Pathway	Overlap	P-value	Adjusted P-value	Odds Ratio	Combined Score	Genes
KEGG_2021_Human	Protein digestion and absorption	3/103	3.9164025613661264e-05	0.00015665610245464505	79.72	-107.9818975481743	ACE2;SLC36A1;SLC6A19
KEGG_2021_Human	Renin-angiotensin system	1/23	0.016967510105845525	0.03393502021169105	73.18181818181819	-30.708973277404457	ACE2
KEGG_2021_Human	Mineral absorption	1/60	0.043759395557508386	0.05834586074334452	27.16271186440678	-14.21894313323082	SLC6A19
KEGG_2021_Human	Coronavirus disease	1/232	0.16045713897539962	0.16045713897539962	6.7887445887445885	-3.7029146412035034	ACE2
