Gene_set	Pathway	Overlap	P-value	Adjusted P-value	Odds Ratio	Combined Score	Genes
KEGG_2021_Human	Neuroactive ligand-receptor interaction	4/341	0.0005351618124547931	0.0026758090622739654	15.293768545994066	-42.41027454304954	CHRNA1;CHRNB1;CHRND;CHRNG
KEGG_2021_Human	Amino sugar and nucleotide sugar metabolism	1/48	0.05788809587819119	0.07382667013435452	18.962174940898347	-11.032973182262484	GMPPB
KEGG_2021_Human	Fructose and mannose metabolism	1/33	0.040130782413471976	0.07382667013435452	27.90277777777778	-15.299431750604054	GMPPB
KEGG_2021_Human	Sphingolipid metabolism	1/49	0.05906133610748362	0.07382667013435452	18.564814814814813	-10.829316375605623	SMPD4
KEGG_2021_Human	Cell adhesion molecules	1/148	0.16890973234869874	0.16890973234869874	5.987150415721844	-3.427000500776257	CNTN1
