Gene_set	Pathway	Overlap	P-value	Adjusted P-value	Odds Ratio	Combined Score	Genes
KEGG_2021_Human	Ubiquinone and other terpenoid-quinone biosynthesis	2/11	7.541696728957924e-05	0.0005279187710270548	223.86111111111111	-161.78418475842457	GGCX;VKORC1
KEGG_2021_Human	Complement and coagulation cascades	1/85	0.10043221696214563	0.2689494049142217	10.56084656084656	-6.37671991533167	F7
KEGG_2021_Human	Fluid shear stress and atherosclerosis	1/139	0.15942370386618251	0.2689494049142217	6.384863123993559	-3.698840756963446	TXN
KEGG_2021_Human	NOD-like receptor signaling pathway	1/181	0.20287322552436027	0.2689494049142217	4.869135802469136	-2.6461154603833723	TXN
KEGG_2021_Human	Parathyroid hormone synthesis, secretion and action	1/106	0.12380207979004104	0.2689494049142217	8.426455026455027	-5.046288872333345	BGLAP
KEGG_2021_Human	Parkinson disease	1/249	0.2689494049142217	0.2689494049142217	3.503584229390681	-1.6629804039719844	TXN
KEGG_2021_Human	Salmonella infection	1/249	0.2689494049142217	0.2689494049142217	3.503584229390681	-1.6629804039719844	TXN
