Gene_set	Pathway	Overlap	P-value	Adjusted P-value	Odds Ratio	Combined Score	Genes
KEGG_2021_Human	Ubiquinone and other terpenoid-quinone biosynthesis	4/11	3.892632652044074e-10	7.785265304088148e-10	767.7142857142857	-733.2621652028627	COQ2;COQ5;COQ6;COQ7
KEGG_2021_Human	Terpenoid backbone biosynthesis	2/22	0.0003144575407008512	0.0003144575407008512	100.6	-96.59095825578365	PDSS1;PDSS2
