Gene_set	Pathway	Overlap	P-value	Adjusted P-value	Odds Ratio	Combined Score	Genes
KEGG_2021_Human	Glycosaminoglycan biosynthesis	1/53	0.06374115884515756	0.1713710530053584	17.128205128205128	-10.081098986019231	CHST14
KEGG_2021_Human	Melanoma	1/72	0.0856855265026792	0.1713710530053584	12.514866979655713	-7.534346814915346	MITF
KEGG_2021_Human	Mitophagy	1/68	0.0811045146521906	0.1713710530053584	13.26865671641791	-7.96724592924887	MITF
KEGG_2021_Human	Porphyrin and chlorophyll metabolism	1/43	0.052002121863896134	0.1713710530053584	21.232804232804234	-12.171283962486152	HCCS
KEGG_2021_Human	Melanogenesis	1/101	0.11828795027183354	0.18926072043493367	8.853333333333333	-5.318405524022337	MITF
KEGG_2021_Human	Osteoclast differentiation	1/127	0.1466241030974613	0.19549880412994838	7.00352733686067	-4.115510268264927	MITF
KEGG_2021_Human	Transcriptional misregulation in cancer	1/192	0.21391358807496763	0.2444726720856773	4.5823152995927865	-2.441961042053517	MITF
KEGG_2021_Human	Pathways in cancer	1/531	0.4935522426966286	0.4935522426966286	1.580293501048218	-0.3089273055464	MITF
