Gene_set	Pathway	Overlap	P-value	Adjusted P-value	Odds Ratio	Combined Score	Genes
KEGG_2021_Human	Collecting duct acid secretion	1/27	0.023172097814257785	0.13903258688554673	51.57051282051282	-24.08630362135895	SLC4A1
KEGG_2021_Human	Pyrimidine metabolism	1/56	0.04754651326331959	0.14263953978995877	24.29090909090909	-13.20729747597544	ENTPD1
KEGG_2021_Human	Apoptosis	1/142	0.11678901982850132	0.16473284407420377	9.373522458628841	-5.418212832111677	SPTA1
KEGG_2021_Human	Epstein-Barr virus infection	1/202	0.16250149930847946	0.16473284407420377	6.525704809286899	-3.629860959675725	ENTPD1
KEGG_2021_Human	Proteoglycans in cancer	1/205	0.16473284407420377	0.16473284407420377	6.427287581699346	-3.5655693880120567	ANK1
KEGG_2021_Human	Purine metabolism	1/129	0.10660770016173186	0.16473284407420377	10.342447916666666	-5.997352266038173	ENTPD1
