Gene_set	Pathway	Overlap	P-value	Adjusted P-value	Odds Ratio	Combined Score	Genes
KEGG_2021_Human	Pentose phosphate pathway	3/30	5.451005352982072e-06	2.725502676491036e-05	127.63492063492063	-186.78601675178888	PRPS1;PRPS1L1;PRPS2
KEGG_2021_Human	Purine metabolism	3/129	0.00043986806704120836	0.0010996701676030207	27.01360544217687	-55.40965280021221	PRPS1;PRPS1L1;PRPS2
KEGG_2021_Human	Gastric acid secretion	1/76	0.09024597396088518	0.11280746745110648	11.841481481481482	-7.141387005986298	KCNJ10
KEGG_2021_Human	Thyroid hormone synthesis	1/75	0.0891077855134448	0.11280746745110648	12.003003003003004	-7.236197160831004	SLC26A4
KEGG_2021_Human	Huntington disease	1/306	0.32049274018188956	0.32049274018188956	2.8280510018214935	-1.1715156192121785	KCNJ10
