Gene_set	Pathway	Overlap	P-value	Adjusted P-value	Odds Ratio	Combined Score	Genes
KEGG_2021_Human	Glutamatergic synapse	3/114	5.3086884807674e-05	0.000318521308846044	71.72072072072072	-99.35385450903192	DLG4;SHANK2;SHANK3
KEGG_2021_Human	Cocaine addiction	1/49	0.03585860247553261	0.10757580742659784	33.43333333333333	-16.867030561062776	DLG4
KEGG_2021_Human	Cell adhesion molecules	1/148	0.10504546479661019	0.1727367610337068	10.782312925170068	-6.107328064685371	NRXN1
KEGG_2021_Human	Hippo signaling pathway	1/163	0.11515784068913787	0.1727367610337068	9.765432098765432	-5.517513878425786	DLG4
KEGG_2021_Human	Huntington disease	1/306	0.20687453758749708	0.24824944510499647	5.093114754098361	-2.604433393182418	DLG4
KEGG_2021_Human	Pathways of neurodegeneration	1/475	0.30491735711565227	0.30491735711565227	3.2059071729957807	-1.3343420628985248	DLG4
