Gene_set	Pathway	Overlap	P-value	Adjusted P-value	Odds Ratio	Combined Score	Genes
KEGG_2021_Human	Vitamin digestion and absorption	3/24	2.728085650310553e-06	2.1824685202484426e-05	164.22448979591837	-221.2309929967242	SLC19A1;SLC19A3;SLC46A1
KEGG_2021_Human	Endocytosis	2/252	0.036977605273484586	0.07395521054696917	7.818	-10.130623353400585	FOLR1;FOLR2
KEGG_2021_Human	Folate biosynthesis	1/26	0.03174141642153645	0.07395521054696917	35.74666666666667	-18.6524135039421	FPGS
KEGG_2021_Human	One carbon pool by folate	1/20	0.02449807059329832	0.07395521054696917	47.07017543859649	-23.030592878842292	MTHFR
KEGG_2021_Human	ABC transporters	1/45	0.05436047130022726	0.08697675408036362	20.262626262626263	-11.690056551619103	ABCG2
KEGG_2021_Human	Mineral absorption	1/60	0.07188046794101291	0.09584062392135055	15.08286252354049	-8.981081638876871	SLC46A1
KEGG_2021_Human	Bile secretion	1/90	0.10604677818396174	0.1211963179245277	9.961298377028713	-6.010407578745034	ABCG2
KEGG_2021_Human	Ribosome	1/158	0.17933667564674954	0.17933667564674954	5.598726114649682	-3.1584773884334933	MRPS7
