Gene_set	Pathway	Overlap	P-value	Adjusted P-value	Odds Ratio	Combined Score	Genes
KEGG_2021_Human	Steroid biosynthesis	3/20	2.583908070710097e-07	2.3255172636390877e-06	473.8235294117647	-372.08263577317155	EBP;MSMO1;SC5D
KEGG_2021_Human	Taurine and hypotaurine metabolism	1/11	0.008145087837065388	0.03665289526679425	161.24	-52.835181637013854	GGT1
KEGG_2021_Human	Primary bile acid biosynthesis	1/17	0.012564509939229121	0.037693529817687366	100.7	-38.51142728609626	CYP27A1
KEGG_2021_Human	Citrate cycle (TCA cycle)	1/30	0.022083653301400625	0.03975057594252112	55.46896551724138	-25.028151709805254	CS
KEGG_2021_Human	Glyoxylate and dicarboxylate metabolism	1/30	0.022083653301400625	0.03975057594252112	55.46896551724138	-25.028151709805254	CS
KEGG_2021_Human	Arachidonic acid metabolism	1/61	0.0444749659773955	0.050034336724569944	26.706666666666667	-14.018780580182545	GGT1
KEGG_2021_Human	Cholesterol metabolism	1/50	0.036579096731996275	0.050034336724569944	32.7469387755102	-16.585941685924706	CYP27A1
KEGG_2021_Human	Glutathione metabolism	1/57	0.04161000437067011	0.050034336724569944	28.62857142857143	-14.85493601626984	GGT1
KEGG_2021_Human	PPAR signaling pathway	1/74	0.053736850646319154	0.053736850646319154	21.915068493150685	-11.843168510512703	CYP27A1
