Gene_set	Pathway	Overlap	P-value	Adjusted P-value	Odds Ratio	Combined Score	Genes
KEGG_2021_Human	Peroxisome	4/82	1.9775926252171028e-06	1.1865555751302617e-05	68.2905982905983	-161.615174526303	PEX10;PEX12;PEX16;PEX26
KEGG_2021_Human	Sphingolipid metabolism	2/49	0.0015725648721553246	0.004717694616465974	42.66489361702128	-51.011826705781694	ARSA;GALC
KEGG_2021_Human	Lysosome	2/128	0.010315791052910547	0.020631582105821094	15.757936507936508	-21.342408086189614	ARSA;GALC
KEGG_2021_Human	RNA transport	2/186	0.02101420724688098	0.03152131087032147	10.71195652173913	-14.420538364521844	EIF2B2;EIF2B3
KEGG_2021_Human	Herpes simplex virus 1 infection	2/498	0.12295964829332588	0.14755157795199106	3.816532258064516	-3.814605004177811	EIF2B2;EIF2B3
KEGG_2021_Human	Apoptosis	1/142	0.16259648475288416	0.16259648475288416	6.2466509062253746	-3.6047270952512624	LMNB1
