Gene_set	Pathway	Overlap	P-value	Adjusted P-value	Odds Ratio	Combined Score	Genes
KEGG_2021_Human	Maturity onset diabetes of the young	1/26	0.009625998128518875	0.01925199625703775	161.0	-46.87811836903366	PAX6
KEGG_2021_Human	Signaling pathways regulating pluripotency of stem cells	1/143	0.05217897207777023	0.05217897207777023	27.933098591549296	-12.244213811092722	PAX6
