Gene_set	Pathway	Overlap	P-value	Adjusted P-value	Odds Ratio	Combined Score	Genes
KEGG_2021_Human	Purine metabolism	4/129	1.2102075208036114e-05	3.6306225624108346e-05	42.36266666666667	-109.74601143561226	GMPR;HPRT1;IMPDH1;IMPDH2
KEGG_2021_Human	Drug metabolism	3/108	0.00026049631963660937	0.0003907444794549141	32.50204081632653	-65.16806085544759	HPRT1;IMPDH1;IMPDH2
KEGG_2021_Human	Folate biosynthesis	2/26	0.000441250845209179	0.000441250845209179	83.79166666666667	-84.92592714199958	GCH1;SPR
