Gene_set	Pathway	Overlap	P-value	Adjusted P-value	Odds Ratio	Combined Score	Genes
KEGG_2021_Human	Ubiquinone and other terpenoid-quinone biosynthesis	1/11	0.0027217604706715683	0.024495844236044118	806.6	-112.95551592228166	VKORC1
KEGG_2021_Human	Linoleic acid metabolism	1/29	0.007167549842054697	0.03225397428924614	287.42857142857144	-57.96745215592554	CYP2C9
KEGG_2021_Human	Arachidonic acid metabolism	1/61	0.015046652817338734	0.03371251874022755	133.6	-33.76240303478956	CYP2C9
KEGG_2021_Human	Metabolism of xenobiotics by cytochrome P450	1/76	0.018729177077904197	0.03371251874022755	106.68	-28.58833949386049	CYP2C9
KEGG_2021_Human	Retinol metabolism	1/68	0.016766022429020404	0.03371251874022755	119.53731343283582	-31.11175663545028	CYP2C9
KEGG_2021_Human	Drug metabolism	1/108	0.026562177614366154	0.03572131953289873	74.4766355140187	-21.742181867533994	CYP2C9
KEGG_2021_Human	Serotonergic synapse	1/113	0.027783248525587907	0.03572131953289873	71.10714285714286	-20.972292415416582	CYP2C9
KEGG_2021_Human	Chemical carcinogenesis	1/239	0.058301254485983375	0.058301254485983375	32.9327731092437	-11.159388352344518	CYP2C9
KEGG_2021_Human	Lipid and atherosclerosis	1/215	0.05252582050769513	0.058301254485983375	36.73831775700935	-12.255909234116611	CYP2C9
