Gene_set	Pathway	Overlap	P-value	Adjusted P-value	Odds Ratio	Combined Score	Genes
KEGG_2021_Human	Folate biosynthesis	1/26	0.006427274644213469	0.03856364786528082	322.04	-62.60707334932111	GGH
KEGG_2021_Human	Growth hormone synthesis, secretion and action	1/119	0.029247522062883044	0.0794183784981413	67.44067796610169	-20.12060551654306	GH1
KEGG_2021_Human	JAK-STAT signaling pathway	1/162	0.03970918924907065	0.0794183784981413	49.161490683229815	-15.621217885879817	GH1
KEGG_2021_Human	Cytokine-cytokine receptor interaction	1/295	0.07170860389523305	0.08573021312599576	26.46938775510204	-9.208685530516812	GH1
KEGG_2021_Human	Neuroactive ligand-receptor interaction	1/341	0.08264987131932641	0.08573021312599576	22.75294117647059	-8.027721914696798	GH1
KEGG_2021_Human	PI3K-Akt signaling pathway	1/354	0.08573021312599576	0.08573021312599576	21.878186968838527	-7.7425178519863485	GH1
