Gene_set	Pathway	Overlap	P-value	Adjusted P-value	Odds Ratio	Combined Score	Genes
KEGG_2021_Human	Autoimmune thyroid disease	1/53	0.01955663622016151	0.027599009925020717	77.14423076923077	-27.585828301948986	TPO
KEGG_2021_Human	Thyroid hormone synthesis	1/75	0.027599009925020717	0.027599009925020717	54.060810810810814	-21.01179599494864	TPO
KEGG_2021_Human	Tyrosine metabolism	1/36	0.013311792672891586	0.027599009925020717	114.85714285714286	-36.94128034256888	TPO
