Gene_set	Pathway	Overlap	P-value	Adjusted P-value	Odds Ratio	Combined Score	Genes
KEGG_2021_Human	Inflammatory mediator regulation of TRP channels	4/98	4.045325673294005e-06	2.4271954039764028e-05	56.5531914893617	-139.20816886591868	TRPA1;TRPM8;TRPV3;TRPV4
KEGG_2021_Human	Adrenergic signaling in cardiomyocytes	1/150	0.1710046090025842	0.17726075583432344	5.905294556301268	-3.370661515310376	SCN5A
KEGG_2021_Human	Cellular senescence	1/156	0.17726075583432344	0.17726075583432344	5.672401433691756	-3.209640069203435	TRPV4
KEGG_2021_Human	Dopaminergic synapse	1/132	0.1519784338028618	0.17726075583432344	6.73197625106022	-3.9335418472006	SCN1A
KEGG_2021_Human	Fluid shear stress and atherosclerosis	1/139	0.15942370386618251	0.17726075583432344	6.384863123993559	-3.698840756963446	TRPV4
KEGG_2021_Human	Taste transduction	1/86	0.10155766145487406	0.17726075583432344	10.435294117647059	-6.300464747037211	SCN9A
