Gene_set	Pathway	Overlap	P-value	Adjusted P-value	Odds Ratio	Combined Score	Genes
KEGG_2021_Human	Propanoate metabolism	2/34	5.145308771144361e-05	0.00020581235084577443	502.6875	-175.03742007404483	ECHS1;HIBCH
KEGG_2021_Human	beta-Alanine metabolism	2/30	3.990998790868175e-05	0.00020581235084577443	574.7857142857143	-191.23077606235168	ECHS1;HIBCH
KEGG_2021_Human	Valine, leucine and isoleucine degradation	2/48	0.00010333659578470456	0.0002755642554258788	349.0869565217391	-136.67389902242317	ECHS1;HIBCH
KEGG_2021_Human	Butanoate metabolism	1/28	0.010363890072875224	0.016582224116600357	149.03703703703704	-44.42650392782538	ECHS1
KEGG_2021_Human	Fatty acid elongation	1/27	0.009994989932494838	0.016582224116600357	154.78846153846155	-45.61486456628407	ECHS1
KEGG_2021_Human	Fatty acid degradation	1/43	0.0158864002901242	0.018155886045856228	95.63095238095238	-32.34589499296869	ECHS1
KEGG_2021_Human	Tryptophan metabolism	1/42	0.015518873737263544	0.018155886045856228	97.97560975609755	-32.92401014136553	ECHS1
KEGG_2021_Human	Lysine degradation	1/63	0.02321773539627495	0.02321773539627495	64.62096774193549	-24.121742870812263	ECHS1
