Gene_set	Pathway	Overlap	P-value	Adjusted P-value	Odds Ratio	Combined Score	Genes
KEGG_2021_Human	Hepatocellular carcinoma	6/168	1.4511766835488184e-08	4.353530050646455e-08	73.20370370370371	-231.6887049293453	ARID1A;ARID1B;ARID2;SMARCA4;SMARCB1;SMARCE1
KEGG_2021_Human	Thermogenesis	5/232	4.193632481505705e-06	6.290448722258558e-06	34.541850220264315	-110.54645043588327	ARID1A;ARID1B;SMARCA4;SMARCB1;SMARCE1
KEGG_2021_Human	MicroRNAs in cancer	1/310	0.3239838755949599	0.3239838755949599	2.7900035958288387	-1.143955577607994	SOX4
