Gene_set	Pathway	Overlap	P-value	Adjusted P-value	Odds Ratio	Combined Score	Genes
KEGG_2021_Human	Glycosaminoglycan biosynthesis	2/53	0.0004170911344354526	0.002085455672177263	104.86274509803921	-84.82346987211923	B4GALT7;CHST3
KEGG_2021_Human	Focal adhesion	2/201	0.00586320438185394	0.010155612727183416	26.3785594639866	-27.680186519098026	FLNB;FLNC
KEGG_2021_Human	Proteoglycans in cancer	2/205	0.006093367636310049	0.010155612727183416	25.845648604269293	-27.174434686975605	FLNB;FLNC
KEGG_2021_Human	Salmonella infection	2/249	0.008898675715470684	0.011123344644338356	21.12280701754386	-22.557395657510718	FLNB;FLNC
KEGG_2021_Human	MAPK signaling pathway	2/294	0.012273480828362146	0.012273480828362146	17.764840182648403	-19.108857088214595	FLNB;FLNC
