Gene_set	Pathway	Overlap	P-value	Adjusted P-value	Odds Ratio	Combined Score	Genes
KEGG_2021_Human	Tryptophan metabolism	1/42	0.010372221098100624	0.010372221098100624	195.97560975609755	-44.45461446168871	KYNU
