Gene_set	Pathway	Overlap	P-value	Adjusted P-value	Odds Ratio	Combined Score	Genes
KEGG_2021_Human	NF-kappa B signaling pathway	1/104	0.025584769127477314	0.03837715369121597	77.40776699029126	-22.40245601264478	CARD14
KEGG_2021_Human	Viral protein interaction with cytokine and cytokine receptor	1/100	0.024606870189111646	0.03837715369121597	80.57575757575758	-23.106670089362538	IL37
KEGG_2021_Human	Cytokine-cytokine receptor interaction	1/295	0.07170860389523305	0.07170860389523305	26.46938775510204	-9.208685530516812	IL37
