Gene_set	Pathway	Overlap	P-value	Adjusted P-value	Odds Ratio	Combined Score	Genes
KEGG_2021_Human	Cytokine-cytokine receptor interaction	1/295	0.03651894033176528	0.04382272839811834	inf	-17.001238516709645	GH1
KEGG_2021_Human	Growth hormone synthesis, secretion and action	1/119	0.014731369150779895	0.04382272839811834	inf	-34.493661156784455	GH1
KEGG_2021_Human	JAK-STAT signaling pathway	1/162	0.02005446892795246	0.04382272839811834	inf	-27.327175549539998	GH1
KEGG_2021_Human	Neuroactive ligand-receptor interaction	1/341	0.042213419163159197	0.04382272839811834	inf	-15.07596678545697	GH1
KEGG_2021_Human	PI3K-Akt signaling pathway	1/354	0.04382272839811834	0.04382272839811834	inf	-14.609356207381175	GH1
