Gene_set	Pathway	Overlap	P-value	Adjusted P-value	Odds Ratio	Combined Score	Genes
KEGG_2021_Human	Nicotine addiction	2/40	0.0010492500396798417	0.009443250357118576	52.828947368421055	-60.309801434582354	GABRB3;GABRG3
KEGG_2021_Human	GABAergic synapse	2/89	0.005099890907028776	0.015977878504901896	22.933908045977013	-30.23706529396038	GABRB3;GABRG3
KEGG_2021_Human	Morphine addiction	2/91	0.005325959501633964	0.015977878504901896	22.412921348314608	-29.62208544121757	GABRB3;GABRG3
KEGG_2021_Human	Retrograde endocannabinoid signaling	2/148	0.0136245920729854	0.03065533216421715	13.565068493150685	-18.413416454449223	GABRB3;GABRG3
KEGG_2021_Human	Neuroactive ligand-receptor interaction	2/341	0.06390297287134222	0.115025351168416	5.699852507374631	-6.82883638517627	GABRB3;GABRG3
KEGG_2021_Human	Serotonergic synapse	1/113	0.1314697223892576	0.19720458358388643	7.892857142857143	-4.701617375992292	GABRB3
KEGG_2021_Human	Ubiquitin mediated proteolysis	1/140	0.16048249753809815	0.2063346396918405	6.338129496402877	-3.6670604531534	UBE3A
KEGG_2021_Human	Viral carcinogenesis	1/203	0.22481613944093093	0.2529181568710473	4.326732673267327	-2.2588473265567357	UBE3A
KEGG_2021_Human	Human papillomavirus infection	1/331	0.3420488957114324	0.3420488957114324	2.6053872053872054	-1.0106876845884132	UBE3A
