Gene_set	Pathway	Overlap	P-value	Adjusted P-value	Odds Ratio	Combined Score	Genes
KEGG_2021_Human	Cholesterol metabolism	5/50	1.8221006146977156e-09	1.4576804917581725e-08	178.2888888888889	-399.8172378358562	ANGPTL3;APOB;APOC2;APOC3;LPL
KEGG_2021_Human	Fat digestion and absorption	3/43	1.6429423914376138e-05	6.571769565750455e-05	86.01428571428572	-141.158089869663	APOB;DGAT1;MTTP
KEGG_2021_Human	PPAR signaling pathway	3/74	8.457171095377185e-05	0.0002255245625433916	48.27162977867203	-90.58070591754162	APOA5;APOC3;LPL
KEGG_2021_Human	Glycerolipid metabolism	2/61	0.0024277716033486584	0.004855543206697317	33.936440677966104	-42.34896129219215	DGAT1;LPL
KEGG_2021_Human	Vitamin digestion and absorption	1/24	0.02933236445120913	0.046931783121934606	38.86473429951691	-19.906523902743018	APOB
KEGG_2021_Human	Retinol metabolism	1/68	0.0811045146521906	0.10813935286958747	13.26865671641791	-7.96724592924887	DGAT1
KEGG_2021_Human	Lipid and atherosclerosis	1/215	0.23655445762047492	0.27034795156625707	4.077881619937695	-2.079575623138921	APOB
KEGG_2021_Human	Alzheimer disease	1/369	0.3736370340305108	0.3736370340305108	2.32487922705314	-0.8103995559567543	LPL
