Gene_set	Pathway	Overlap	P-value	Adjusted P-value	Odds Ratio	Combined Score	Genes
KEGG_2021_Human	Spliceosome	4/150	2.1991821608419157e-05	0.00017593457286735326	36.17351598173516	-95.87936961743705	EFTUD2;SF3B4;SNRPB;TXNL4A
KEGG_2021_Human	RNA polymerase	2/31	0.0006292457268839483	0.002516982907535793	69.30172413793103	-73.992829918215	POLR1C;POLR1D
KEGG_2021_Human	Cytosolic DNA-sensing pathway	2/63	0.00258752682682323	0.00690007153819528	32.8155737704918	-41.182346051003734	POLR1C;POLR1D
KEGG_2021_Human	Axon guidance	1/182	0.2038826300760579	0.2330087200869233	4.841620626151013	-2.6265948500338347	SEMA3E
KEGG_2021_Human	Ribosome	1/158	0.17933667564674954	0.2330087200869233	5.598726114649682	-3.1584773884334933	RPS28
KEGG_2021_Human	Ribosome biogenesis in eukaryotes	1/108	0.12599902727061665	0.2330087200869233	8.2668743509865	-4.943743954376122	TCOF1
KEGG_2021_Human	Systemic lupus erythematosus	1/135	0.15517650047822218	0.2330087200869233	6.5787728026534	-3.830244937455702	SNRPB
KEGG_2021_Human	Coronavirus disease	1/232	0.25290994493508406	0.25290994493508406	3.7696007696007694	-1.8563524399324505	RPS28
