Gene_set	Pathway	Overlap	P-value	Adjusted P-value	Odds Ratio	Combined Score	Genes
KEGG_2021_Human	Arrhythmogenic right ventricular cardiomyopathy	1/77	0.018974433469536815	0.047256961598538295	105.26315789473684	-28.303823950045864	ITGB4
KEGG_2021_Human	Dilated cardiomyopathy	1/96	0.023628480799269148	0.047256961598538295	84.01052631578948	-23.859650664335813	ITGB4
KEGG_2021_Human	ECM-receptor interaction	1/88	0.02167023066515366	0.047256961598538295	91.82758620689656	-25.535173531412134	ITGB4
KEGG_2021_Human	Hypertrophic cardiomyopathy	1/90	0.022159977117986347	0.047256961598538295	89.74157303370787	-25.093023977808194	ITGB4
KEGG_2021_Human	Focal adhesion	1/201	0.04914866359789133	0.07099828710843491	39.38	-12.997323565641732	ITGB4
KEGG_2021_Human	Regulation of actin cytoskeleton	1/218	0.05324871533132618	0.07099828710843491	36.21658986175115	-12.107629549456533	ITGB4
KEGG_2021_Human	Human papillomavirus infection	1/331	0.08027685250189873	0.08573021312599576	23.472727272727273	-8.260248089336292	ITGB4
KEGG_2021_Human	PI3K-Akt signaling pathway	1/354	0.08573021312599576	0.08573021312599576	21.878186968838527	-7.7425178519863485	ITGB4
