Gene_set	Pathway	Overlap	P-value	Adjusted P-value	Odds Ratio	Combined Score	Genes
KEGG_2021_Human	Spliceosome	5/150	1.2213206127696154e-08	4.8852824510784615e-08	273.3448275862069	-269.3334641756778	EFTUD2;EIF4A3;SF3B4;SNRPB;TXNL4A
KEGG_2021_Human	Systemic lupus erythematosus	1/135	0.09620367788310198	0.12827157051080265	11.84776119402985	-6.7107239521129545	SNRPB
KEGG_2021_Human	mRNA surveillance pathway	1/98	0.07063920697388096	0.12827157051080265	16.443298969072163	-9.16642308559087	EIF4A3
KEGG_2021_Human	RNA transport	1/186	0.13047844694104854	0.13047844694104854	8.526486486486487	-4.779003328136868	EIF4A3
