Gene_set	Pathway	Overlap	P-value	Adjusted P-value	Odds Ratio	Combined Score	Genes
KEGG_2021_Human	Pyrimidine metabolism	1/56	0.02065592481405897	0.030983887221088455	72.9090909090909	-26.43859525393253	CMPK1
KEGG_2021_Human	Starch and sucrose metabolism	1/36	0.013311792672891586	0.030983887221088455	114.85714285714286	-36.94128034256888	AGL
KEGG_2021_Human	Drug metabolism	1/108	0.0395799196670715	0.0395799196670715	37.23364485981308	-15.584907709576727	CMPK1
