Gene_set	Pathway	Overlap	P-value	Adjusted P-value	Odds Ratio	Combined Score	Genes
KEGG_2021_Human	Steroid biosynthesis	4/20	3.416152863103858e-09	2.049691717862315e-08	402.65	-519.6100110552329	CYP51A1;EBP;MSMO1;NSDHL
KEGG_2021_Human	Arginine and proline metabolism	3/50	1.8261732810105806e-05	5.478519843031742e-05	85.34042553191489	-136.59746786994486	CKB;CKM;CKMT1B
KEGG_2021_Human	Pyrimidine metabolism	1/56	0.06071852127574295	0.1214370425514859	18.213636363636365	-10.557850827551873	CMPK1
KEGG_2021_Human	Drug metabolism	1/108	0.11414221216513072	0.13697065459815685	9.301401869158878	-5.5437021881688855	CMPK1
KEGG_2021_Human	Prostate cancer	1/97	0.1030719256198476	0.13697065459815685	10.381510416666666	-6.205609665169881	KLK3
KEGG_2021_Human	Pathways in cancer	1/531	0.4578764985830585	0.4578764985830585	1.778066037735849	-0.4293183605389577	KLK3
