Gene_set	Pathway	Overlap	P-value	Adjusted P-value	Odds Ratio	Combined Score	Genes
KEGG_2021_Human	ECM-receptor interaction	1/88	0.02167023066515366	0.06335085093177963	91.82758620689656	-25.535173531412134	COL2A1
KEGG_2021_Human	Protein digestion and absorption	1/103	0.025340340372711854	0.06335085093177963	78.17647058823529	-22.57421331487507	COL2A1
KEGG_2021_Human	Focal adhesion	1/201	0.04914866359789133	0.08191443932981889	39.38	-12.997323565641732	COL2A1
KEGG_2021_Human	Human papillomavirus infection	1/331	0.08027685250189873	0.08573021312599576	23.472727272727273	-8.260248089336292	COL2A1
KEGG_2021_Human	PI3K-Akt signaling pathway	1/354	0.08573021312599576	0.08573021312599576	21.878186968838527	-7.7425178519863485	COL2A1
