Gene_set	Pathway	Overlap	P-value	Adjusted P-value	Odds Ratio	Combined Score	Genes
KEGG_2021_Human	Complement and coagulation cascades	3/85	4.464427388103696e-06	4.017984649293327e-05	292.390243902439	-178.59235265571047	F8;F9;VWF
KEGG_2021_Human	ECM-receptor interaction	1/88	0.0428760842735926	0.1286282528207778	30.60153256704981	-14.51189540649828	VWF
KEGG_2021_Human	Thyroid hormone synthesis	1/75	0.03663059806813197	0.1286282528207778	36.03603603603604	-16.602705879742498	ALB
KEGG_2021_Human	Platelet activation	1/124	0.06001284069627376	0.13502889156661596	21.54742547425474	-10.74065880700606	VWF
KEGG_2021_Human	Coronavirus disease	1/232	0.11004452591346796	0.14148581903160165	11.317460317460318	-5.848781047368993	VWF
KEGG_2021_Human	Focal adhesion	1/201	0.09589316424634924	0.14148581903160165	13.123333333333333	-6.777968833755308	VWF
KEGG_2021_Human	Neutrophil extracellular trap formation	1/189	0.09037016038300849	0.14148581903160165	13.9822695035461	-7.2084897104825485	VWF
KEGG_2021_Human	Human papillomavirus infection	1/331	0.15412723492188113	0.16412973373945605	7.822222222222222	-3.94427490919935	VWF
KEGG_2021_Human	PI3K-Akt signaling pathway	1/354	0.16412973373945605	0.16412973373945605	7.290840415486308	-3.6409462550005984	VWF
