Gene_set	Pathway	Overlap	P-value	Adjusted P-value	Odds Ratio	Combined Score	Genes
KEGG_2021_Human	Apoptosis	1/142	0.03485034777454423	0.03485034777454423	56.276595744680854	-17.427648914510108	CTSC
KEGG_2021_Human	Lysosome	1/128	0.031441863276657885	0.03485034777454423	62.59055118110236	-18.970069765247175	CTSC
