Gene_set	Pathway	Overlap	P-value	Adjusted P-value	Odds Ratio	Combined Score	Genes
KEGG_2021_Human	Ascorbate and aldarate metabolism	1/30	0.003713790542213419	0.014112404060410992	inf	-91.65115641301098	UGT1A1
KEGG_2021_Human	Metabolism of xenobiotics by cytochrome P450	1/76	0.009408269373607328	0.014112404060410992	inf	-47.87983940611534	UGT1A1
KEGG_2021_Human	Pentose and glucuronate interconversions	1/34	0.004208962614508541	0.014112404060410992	inf	-84.14468611936977	UGT1A1
KEGG_2021_Human	Porphyrin and chlorophyll metabolism	1/43	0.005323099777172567	0.014112404060410992	inf	-71.57039631460862	UGT1A1
KEGG_2021_Human	Retinol metabolism	1/68	0.008417925229017083	0.014112404060410992	inf	-51.8504665673501	UGT1A1
KEGG_2021_Human	Steroid hormone biosynthesis	1/61	0.007551374102500618	0.014112404060410992	inf	-56.01402397518799	UGT1A1
KEGG_2021_Human	Bile secretion	1/90	0.011141371626640256	0.014324620662823187	inf	-42.36715918241082	UGT1A1
KEGG_2021_Human	Drug metabolism	1/108	0.013369645951968307	0.015040851695964346	inf	-37.06591867352688	UGT1A1
KEGG_2021_Human	Chemical carcinogenesis	1/239	0.02958653131963357	0.02958653131963357	inf	-20.16173212270581	UGT1A1
