Gene_set	Pathway	Overlap	P-value	Adjusted P-value	Odds Ratio	Combined Score	Genes
KEGG_2021_Human	Galactose metabolism	2/31	4.2658870965463e-05	0.00023108790981128088	554.8965517241379	-186.8607359348402	GLB1;MGAM
KEGG_2021_Human	Starch and sucrose metabolism	2/36	5.777197745282022e-05	0.00023108790981128088	473.0	-168.06849823097133	MGAM;TREH
KEGG_2021_Human	Glycosaminoglycan degradation	1/19	0.007040487963521428	0.014080975927042856	223.80555555555554	-58.660046163966065	GLB1
KEGG_2021_Human	Other glycan degradation	1/18	0.006670762440856735	0.014080975927042856	237.0	-60.9424416536502	GLB1
KEGG_2021_Human	Carbohydrate digestion and absorption	1/47	0.017355591801364038	0.020673873024316853	87.27173913043478	-30.240045954834912	MGAM
KEGG_2021_Human	Glycosphingolipid biosynthesis	1/45	0.016621178963011105	0.020673873024316853	91.26136363636364	-31.254082566815487	GLB1
KEGG_2021_Human	Sphingolipid metabolism	1/49	0.018089638896277245	0.020673873024316853	83.61458333333333	-29.29532201027031	GLB1
KEGG_2021_Human	Lysosome	1/128	0.04679295806375394	0.04679295806375394	31.291338582677167	-13.485441415094646	GLB1
