Gene_set	Pathway	Overlap	P-value	Adjusted P-value	Odds Ratio	Combined Score	Genes
KEGG_2021_Human	Endocytosis	3/252	0.0030593909359302026	0.009178172807790609	13.457831325301205	-28.324076005028484	SPART;WASHC5;ZFYVE27
KEGG_2021_Human	Axon guidance	1/182	0.2038826300760579	0.2038826300760579	4.841620626151013	-2.6265948500338347	L1CAM
KEGG_2021_Human	Cell adhesion molecules	1/148	0.16890973234869874	0.2038826300760579	5.987150415721844	-3.427000500776257	L1CAM
