Gene_set	Pathway	Overlap	P-value	Adjusted P-value	Odds Ratio	Combined Score	Genes
KEGG_2021_Human	Hedgehog signaling pathway	1/56	0.06723726744113623	0.11206211240189372	16.187878787878788	-9.580691348846925	EVC2
KEGG_2021_Human	RNA polymerase	1/31	0.03774052193970927	0.11206211240189372	29.77037037037037	-16.126223630092912	POLR1A
KEGG_2021_Human	Vasopressin-regulated water reabsorption	1/44	0.053181957430960346	0.11206211240189372	20.73643410852713	-11.926003967456698	DYNC2H1
KEGG_2021_Human	Phagosome	1/152	0.17309473207732412	0.21636841509665514	5.82560706401766	-3.3156870475343334	DYNC2H1
KEGG_2021_Human	Salmonella infection	1/249	0.2689494049142217	0.2689494049142217	3.503584229390681	-1.6629804039719844	DYNC2H1
