Gene_set	Pathway	Overlap	P-value	Adjusted P-value	Odds Ratio	Combined Score	Genes
KEGG_2021_Human	Gastric acid secretion	1/76	0.09024597396088518	0.22561493490221296	11.841481481481482	-7.141387005986298	GAST
KEGG_2021_Human	Neuroactive ligand-receptor interaction	2/341	0.06390297287134222	0.22561493490221296	5.699852507374631	-6.82883638517627	CHRNG;GLRA1
KEGG_2021_Human	Amyotrophic lateral sclerosis	1/364	0.3695602254440061	0.45466905008847364	2.3584328129782675	-0.8341701676241932	DNAH8
KEGG_2021_Human	Huntington disease	1/306	0.32049274018188956	0.45466905008847364	2.8280510018214935	-1.1715156192121785	DNAH8
KEGG_2021_Human	Pathways of neurodegeneration	1/475	0.45466905008847364	0.45466905008847364	1.7801218940459447	-0.4367315309409891	DNAH8
