Gene_set	Pathway	Overlap	P-value	Adjusted P-value	Odds Ratio	Combined Score	Genes
KEGG_2021_Human	Steroid hormone biosynthesis	2/61	0.00016746654241492676	0.0008373327120746337	271.728813559322	-114.6739309776769	HSD17B3;SRD5A2
KEGG_2021_Human	Prostate cancer	2/97	0.0004248064049796801	0.0010620160124492001	168.0	-80.83460794973479	AR;SRD5A2
KEGG_2021_Human	Oocyte meiosis	1/129	0.0471526588342959	0.0785877647238265	31.04296875	-13.39509424310103	AR
KEGG_2021_Human	Chemical carcinogenesis	1/239	0.08616975376506333	0.10771219220632916	16.464285714285715	-7.612393878086616	AR
KEGG_2021_Human	Pathways in cancer	1/531	0.1845447126932081	0.1845447126932081	7.117924528301887	-3.1609695976636343	AR
