Gene_set	Pathway	Overlap	P-value	Adjusted P-value	Odds Ratio	Combined Score	Genes
KEGG_2021_Human	Aminoacyl-tRNA biosynthesis	3/66	6.001271077166998e-05	0.00024005084308667993	54.45578231292517	-99.71069860148691	AARS2;KARS1;YARS2
KEGG_2021_Human	RNA transport	2/186	0.02101420724688098	0.04202841449376196	10.71195652173913	-14.420538364521844	EIF2B1;EIF2B4
KEGG_2021_Human	Herpes simplex virus 1 infection	2/498	0.12295964829332588	0.1639461977244345	3.816532258064516	-3.814605004177811	EIF2B1;EIF2B4
KEGG_2021_Human	Neuroactive ligand-receptor interaction	1/341	0.3504975915199974	0.3504975915199974	2.5254901960784313	-0.9533164047874388	NPY4R
