Gene_set	Pathway	Overlap	P-value	Adjusted P-value	Odds Ratio	Combined Score	Genes
KEGG_2021_Human	RNA transport	1/186	0.023025501361723197	0.023025501361723197	inf	-24.564685560514718	EIF4A3
KEGG_2021_Human	Spliceosome	1/150	0.018568952711067094	0.023025501361723197	inf	-28.98026023835008	EIF4A3
KEGG_2021_Human	mRNA surveillance pathway	1/98	0.012131715771230503	0.023025501361723197	inf	-39.812296402131516	EIF4A3
