Gene_set	Pathway	Overlap	P-value	Adjusted P-value	Odds Ratio	Combined Score	Genes
KEGG_2021_Human	Fanconi anemia pathway	8/54	1.0342454816421376e-16	4.1369819265685506e-16	697.5652173913044	-709.2756292025884	EME1;ERCC4;FAN1;FANCD2;FANCI;FANCM;MUS81;SLX4
KEGG_2021_Human	Homologous recombination	2/41	0.001102329014027565	0.00220465802805513	51.467948717948715	-59.107363137308084	EME1;MUS81
KEGG_2021_Human	Nucleotide excision repair	1/47	0.05671353920929476	0.07561805227905968	19.3768115942029	-11.24402387762608	ERCC4
KEGG_2021_Human	Sphingolipid signaling pathway	1/119	0.13799386385009413	0.13799386385009413	7.4858757062146895	-4.435243302362896	NSMAF
