Gene_set	Pathway	Overlap	P-value	Adjusted P-value	Odds Ratio	Combined Score	Genes
KEGG_2021_Human	Tryptophan metabolism	3/42	1.3072025803342326e-07	3.921607741002698e-07	inf	-379.772651049211	AADAT;DHTKD1;GCDH
KEGG_2021_Human	Lysine degradation	3/63	4.5218050233146955e-07	6.782707534972043e-07	inf	-285.4402999502467	AADAT;DHTKD1;GCDH
KEGG_2021_Human	Fatty acid degradation	1/43	0.0158864002901242	0.0158864002901242	95.63095238095238	-32.34589499296869	GCDH
