Gene_set	Pathway	Overlap	P-value	Adjusted P-value	Odds Ratio	Combined Score	Genes
KEGG_2021_Human	Aminoacyl-tRNA biosynthesis	7/66	1.393657732453334e-14	4.1809731973600023e-14	950.457627118644	-627.3956482400672	AARS1;AARS2;DARS1;DARS2;EARS2;MARS2;TRNG
KEGG_2021_Human	Selenocompound metabolism	1/17	0.01671955567670962	0.02507933351506443	71.91071428571429	-31.04576962808312	MARS2
KEGG_2021_Human	Porphyrin and chlorophyll metabolism	1/43	0.04181758309181791	0.04181758309181791	27.306122448979593	-14.773628734939019	EARS2
