Gene_set	Pathway	Overlap	P-value	Adjusted P-value	Odds Ratio	Combined Score	Genes
KEGG_2021_Human	Renin-angiotensin system	1/23	0.005686723567416523	0.02274689426966609	366.09090909090907	-68.21778326692746	REN
KEGG_2021_Human	Protein digestion and absorption	1/103	0.025340340372711854	0.03378712049694914	78.17647058823529	-22.57421331487507	COL5A1
KEGG_2021_Human	Renin secretion	1/69	0.017011524046391436	0.03378712049694914	117.76470588235294	-30.769841170594812	REN
KEGG_2021_Human	Diabetic cardiomyopathy	1/203	0.04963148242361378	0.04963148242361378	38.98019801980198	-12.88609423706502	REN
