Gene_set	Term	Overlap	P-value	Adjusted P-value	Old P-value	Old Adjusted P-value	Odds Ratio	Combined Score	Genes
KEGG_2021_Human	Nucleotide excision repair	9/47	9.64569892906722e-24	4.822849464533611e-23	0	0	4725.473684210527	250428.9829755835	ERCC3;ERCC4;ERCC1;ERCC2;XPA;ERCC8;ERCC5;XPC;ERCC6
KEGG_2021_Human	Basal transcription factors	2/45	0.00022021306777319987	0.0005292425549772776	0	0	115.97093023255816	976.5813448480072	ERCC3;ERCC2
KEGG_2021_Human	Fanconi anemia pathway	2/54	0.0003175455329863666	0.0005292425549772776	0	0	95.85576923076924	772.1076136521657	ERCC4;ERCC1
KEGG_2021_Human	Base excision repair	1/33	0.0163815476907073	0.0204769346133841	0	0	69.29861111111111	284.9281499305533	XRCC1
KEGG_2021_Human	Ubiquitin mediated proteolysis	1/140	0.0678501777388971	0.0678501777388971	0	0	15.86810551558753	42.692396422608226	ERCC8
