Gene_set	Term	Overlap	P-value	Adjusted P-value	Old P-value	Old Adjusted P-value	Odds Ratio	Combined Score	Genes
KEGG_2021_Human	Folate biosynthesis	5/26	6.189815369442608e-13	3.0949076847213037e-12	0	0	950.904761904762	26730.599393742075	QDPR;GCH1;PAH;PCBD1;PTS
KEGG_2021_Human	Phenylalanine, tyrosine and tryptophan biosynthesis	1/6	0.0029965781728721	0.0074914454321803	0	0	444.1111111111111	2580.4117942926405	PAH
KEGG_2021_Human	Phenylalanine metabolism	1/17	0.0084693662805775	0.0141156104676293	0	0	138.70833333333334	661.8190142974174	PAH
KEGG_2021_Human	Central carbon metabolism in cancer	1/70	0.0344612964819566	0.0430766206024457	0	0	32.07890499194847	108.03913520130236	SLC7A5
KEGG_2021_Human	mTOR signaling pathway	1/154	0.0744018854995079	0.0744018854995079	0	0	14.405954974582423	37.43061817969281	SLC7A5
