Gene_set	Term	Overlap	P-value	Adjusted P-value	Old P-value	Old Adjusted P-value	Odds Ratio	Combined Score	Genes
KEGG_2021_Human	Tyrosine metabolism	3/36	2.400758251290526e-06	4.801516502581052e-06	0	0	151.15151515151516	1955.8591803382783	DCT;TYRP1;TYR
KEGG_2021_Human	Melanogenesis	3/101	5.4419444780730755e-05	5.4419444780730755e-05	0	0	50.732142857142854	498.1282076093618	DCT;TYRP1;TYR
