Gene_set	Term	Overlap	P-value	Adjusted P-value	Old P-value	Old Adjusted P-value	Odds Ratio	Combined Score	Genes
KEGG_2021_Human	Porphyrin and chlorophyll metabolism	7/43	8.0663510782144595e-16	7.259715970393013e-15	0	0	484.87152777777777	16851.060349389965	ALAS2;ALAS1;FECH;UROD;UROS;HMBS;PPOX
KEGG_2021_Human	Glycine, serine and threonine metabolism	2/40	0.0004028203034890469	0.0018126913657007	0	0	80.75708502024291	631.279748139968	ALAS2;ALAS1
KEGG_2021_Human	ABC transporters	1/45	0.0332348399957845	0.0997045199873537	0	0	32.371753246753244	110.19851603861096	ABCG2
KEGG_2021_Human	Aminoacyl-tRNA biosynthesis	1/66	0.0483890551226402	0.1088753740259406	0	0	21.89010989010989	66.29379556401673	QRSL1
KEGG_2021_Human	Bile secretion	1/90	0.0654365789191557	0.1177858420544803	0	0	15.967897271268058	43.53924818748468	ABCG2
KEGG_2021_Human	Thyroid hormone signaling pathway	1/121	0.0870345765895788	0.119559497518577	0	0	11.824404761904765	28.868690726427467	GATA4
KEGG_2021_Human	Cellular senescence	1/156	0.1108591350543099	0.119559497518577	0	0	9.138248847926269	20.099532075567456	GATA4
KEGG_2021_Human	cGMP-PKG signaling pathway	1/167	0.1182261724139303	0.119559497518577	0	0	8.527969018932874	18.208542288702866	GATA4
KEGG_2021_Human	Tight junction	1/169	0.119559497518577	0.119559497518577	0	0	8.425595238095237	17.895468391665823	GATA4
