Gene_set	Term	Overlap	P-value	Adjusted P-value	Old P-value	Old Adjusted P-value	Odds Ratio	Combined Score	Genes
KEGG_2021_Human	Peroxisome	10/82	7.586986733719861e-25	3.0347946934879443e-24	0	0	199180.0	11062097.245300189	PEX7;GNPAT;ABCD3;PEX6;PEX5;AGPS;PEX11B;PEX1;PEX13;ABCD1
KEGG_2021_Human	ABC transporters	2/45	0.00022021306777319987	0.00044042613554639973	0	0	115.97093023255816	976.5813448480072	ABCD3;ABCD1
KEGG_2021_Human	Ether lipid metabolism	1/49	0.0242368708211977	0.0323158277615969	0	0	46.16203703703704	171.71724838044534	AGPS
KEGG_2021_Human	Glycerophospholipid metabolism	1/98	0.047943865635835	0.047943865635835	0	0	22.786941580756015	69.220448859451	GNPAT
