Gene_set	Term	Overlap	P-value	Adjusted P-value	Old P-value	Old Adjusted P-value	Odds Ratio	Combined Score	Genes
KEGG_2021_Human	Fanconi anemia pathway	14/54	2.5889177580751732e-36	2.0711342064601385e-35	0	0	6980.75	572015.3837932633	FANCI;FANCL;FANCA;FANCC;BRCA1;BRCA2;FANCE;FANCG;FANCF;BRIP1;SLX4;RAD51;FANCD2;UBE2T
KEGG_2021_Human	Homologous recombination	4/41	2.040298025249623e-08	8.161192100998495e-08	0	0	196.04914004914005	3471.556783357707	BRIP1;RAD51;BRCA1;BRCA2
KEGG_2021_Human	Pancreatic cancer	2/76	0.0014490874335407	0.0038642331561087	0	0	41.395010395010395	270.59178470578604	RAD51;BRCA2
KEGG_2021_Human	Ubiquitin mediated proteolysis	2/140	0.004812150361469	0.0084658818199435	0	0	22.12597547380156	118.0777292804548	FANCL;BRCA1
KEGG_2021_Human	Breast cancer	2/147	0.0052911761374647	0.0084658818199435	0	0	21.05039787798409	110.34018053677076	BRCA1;BRCA2
KEGG_2021_Human	Pathways in cancer	2/531	0.0588065792629896	0.0784087723506528	0	0	5.658281227279337	16.032748560551028	RAD51;BRCA2
KEGG_2021_Human	MicroRNAs in cancer	1/310	0.2089569326358909	0.2350706706221478	0	0	4.548312528895053	7.12096140997213	BRCA1
KEGG_2021_Human	PI3K-Akt signaling pathway	1/354	0.2350706706221478	0.2350706706221478	0	0	3.972480777013355	5.751632103803267	BRCA1
