Gene_set	Term	Overlap	P-value	Adjusted P-value	Old P-value	Old Adjusted P-value	Odds Ratio	Combined Score	Genes
KEGG_2021_Human	Porphyrin and chlorophyll metabolism	6/43	1.4315502209904005e-14	4.294650662971201e-14	0	0	808.9054054054054	25785.82816684299	ALAS2;ALAS1;FECH;UROD;UROS;PPOX
KEGG_2021_Human	Glycine, serine and threonine metabolism	2/40	0.00017373245503849396	0.0002605986825577409	0	0	131.26315789473685	1136.4756409312342	ALAS2;ALAS1
KEGG_2021_Human	Aminoacyl-tRNA biosynthesis	1/66	0.0325212529076381	0.0325212529076381	0	0	34.05982905982906	116.68425597420442	QRSL1
