Gene_set	Term	Overlap	P-value	Adjusted P-value	Old P-value	Old Adjusted P-value	Odds Ratio	Combined Score	Genes
KEGG_2021_Human	Focal adhesion	3/201	0.00011391722469094212	0.0005434315986032911	0	0	42.83982683982684	388.9872758612831	FLNA;FLNB;FLNC
KEGG_2021_Human	Proteoglycans in cancer	3/205	0.00012076257746739804	0.0005434315986032911	0	0	41.983026874115986	378.75760642460426	FLNA;FLNB;FLNC
KEGG_2021_Human	Salmonella infection	3/249	0.00021446663411257377	0.0006433999023377213	0	0	34.397212543554005	290.5655129584695	FLNA;FLNB;FLNC
KEGG_2021_Human	MAPK signaling pathway	3/294	0.0003495013996227882	0.0007863781491512735	0	0	29.01178203240059	230.9048599891265	FLNA;FLNB;FLNC
KEGG_2021_Human	Endocytosis	2/252	0.0066568632828898	0.0119823539092016	0	0	19.74	98.9389898885836	ARFGEF2;NEDD4L
KEGG_2021_Human	Aldosterone-regulated sodium reabsorption	1/37	0.0183506949831896	0.0275260424747844	0	0	61.58641975308642	246.2279153977221	NEDD4L
KEGG_2021_Human	Ether lipid metabolism	1/49	0.0242368708211977	0.0311616910558256	0	0	46.16203703703704	171.71724838044534	PAFAH1B1
KEGG_2021_Human	Ubiquitin mediated proteolysis	1/140	0.0678501777388971	0.0763314499562593	0	0	15.86810551558753	42.692396422608226	NEDD4L
KEGG_2021_Human	Tight junction	1/169	0.0813755562796324	0.0813755562796324	0	0	13.10978835978836	32.88826835221049	NEDD4L
