Gene_set	Term	Overlap	P-value	Adjusted P-value	Old P-value	Old Adjusted P-value	Odds Ratio	Combined Score	Genes
KEGG_2021_Human	TGF-beta signaling pathway	5/94	5.093152643121482e-10	3.055891585872889e-09	0	0	223.6067415730337	4784.7267504416495	HJV;RGMB;HAMP;NEO1;RGMA
KEGG_2021_Human	Ferroptosis	2/41	0.0001825931686229406	0.0005477795058688218	0	0	127.89102564102564	1100.9179217565816	TF;SLC40A1
KEGG_2021_Human	Mineral absorption	2/60	0.00039214360539410807	0.0007842872107882161	0	0	85.91379310344827	673.8976935048315	TF;SLC40A1
KEGG_2021_Human	Axon guidance	2/182	0.003532311827067	0.0052984677406005	0	0	27.51388888888889	155.33798855823653	NEO1;RGMA
KEGG_2021_Human	HIF-1 signaling pathway	1/109	0.0531940618974191	0.063832874276903	0	0	20.454732510288064	60.01026825392258	TF
KEGG_2021_Human	Cell adhesion molecules	1/148	0.0715991027195359	0.0715991027195359	0	0	14.998488284202567	39.54610515433267	NEO1
