Gene_set	Term	Overlap	P-value	Adjusted P-value	Old P-value	Old Adjusted P-value	Odds Ratio	Combined Score	Genes
KEGG_2021_Human	Phototransduction	2/28	0.00019622936554570855	0.0011773761932742	0	0	118.10059171597634	1008.1333830209776	GUCY2D;GUCA1A
KEGG_2021_Human	ABC transporters	1/45	0.0332348399957845	0.0997045199873537	0	0	32.371753246753244	110.19851603861096	ABCA4
KEGG_2021_Human	Purine metabolism	1/129	0.0925321345681363	0.1617097132903625	0	0	11.080915178571429	26.374786485539133	GUCY2D
KEGG_2021_Human	Hippo signaling pathway	1/163	0.1155538666355705	0.1617097132903625	0	0	8.740299823633157	18.86172853964695	CRB1
KEGG_2021_Human	Transcriptional misregulation in cancer	1/192	0.1347580944086354	0.1617097132903625	0	0	7.402393418100225	14.836424674361693	PROM1
KEGG_2021_Human	Olfactory transduction	1/440	0.283804142573721	0.283804142573721	0	0	3.1802798568174424	4.005469989351044	GUCY2D
