Gene_set	Term	Overlap	P-value	Adjusted P-value	Old P-value	Old Adjusted P-value	Odds Ratio	Combined Score	Genes
KEGG_2021_Human	Sphingolipid metabolism	7/49	4.0379568221548883e-17	3.6341611399393996e-16	0	0	1108.2222222222222	41833.40268198219	GALC;ARSA;SGMS1;GLB1;SMPD1;GBA;GLA
KEGG_2021_Human	Lysosome	7/128	4.3983977721378054e-14	1.9792789974620125e-13	0	0	383.1487603305785	11783.72133818492	GALC;ARSA;GLB1;SMPD1;GBA;GLA;SUMF1
KEGG_2021_Human	Glycosphingolipid biosynthesis	3/45	1.2631648684453105e-06	3.7894946053359313e-06	0	0	203.55102040816325	2764.607606420819	GLB1;A4GALT;GLA
KEGG_2021_Human	Other glycan degradation	2/18	3.427837406961788e-05	7.712634165664023e-05	0	0	312.09375	3208.634562990342	GLB1;GBA
KEGG_2021_Human	Galactose metabolism	2/31	0.00010381978350160118	0.00018687561030288213	0	0	172.07758620689654	1578.4425771666922	GLB1;GLA
KEGG_2021_Human	Sphingolipid signaling pathway	2/119	0.0015312212856459	0.0022968319284689	0	0	42.46367521367522	275.23636354227165	SGMS1;SMPD1
KEGG_2021_Human	Glycosaminoglycan degradation	1/19	0.0094615105123957	0.0121647992302231	0	0	123.28395061728396	574.5677163606151	GLB1
KEGG_2021_Human	Glycerolipid metabolism	1/61	0.030091265543298	0.0338526737362102	0	0	36.907407407407405	129.30585220246812	GLA
KEGG_2021_Human	Necroptosis	1/159	0.0767317181460946	0.0767317181460946	0	0	13.946554149085795	35.80694267122304	SMPD1
