Gene_set	Term	Overlap	P-value	Adjusted P-value	Old P-value	Old Adjusted P-value	Odds Ratio	Combined Score	Genes
KEGG_2021_Human	Thyroid hormone signaling pathway	2/121	0.0015825006890192	0.0094950041341157	0	0	41.74579831932773	269.20817385292753	MED12;SLC16A2
KEGG_2021_Human	Cysteine and methionine metabolism	1/50	0.024725948817258	0.0422149837548537	0	0	45.21768707482993	167.3010120823387	SMS
KEGG_2021_Human	Arginine and proline metabolism	1/50	0.024725948817258	0.0422149837548537	0	0	45.21768707482993	167.3010120823387	SMS
KEGG_2021_Human	Glutathione metabolism	1/57	0.0281433225032358	0.0422149837548537	0	0	39.551587301587304	141.21677360109922	SMS
KEGG_2021_Human	Ubiquitin mediated proteolysis	1/140	0.0678501777388971	0.0814202132866766	0	0	15.86810551558753	42.692396422608226	TRIP12
KEGG_2021_Human	RNA transport	1/186	0.0892218578773956	0.0892218578773956	0	0	11.894894894894897	28.7455506425572	EIF2S3
