Gene_set	Term	Overlap	P-value	Adjusted P-value	Old P-value	Old Adjusted P-value	Odds Ratio	Combined Score	Genes
KEGG_2021_Human	Thyroid hormone signaling pathway	3/121	9.319637507124311e-05	0.0006523746254987019	0	0	42.09110169491525	390.63916947468584	MED12;SLCO1C1;SLC16A2
KEGG_2021_Human	Cysteine and methionine metabolism	1/50	0.0368632785936063	0.073363052556244	0	0	29.06122448979592	95.91771596133704	SMS
KEGG_2021_Human	Arginine and proline metabolism	1/50	0.0368632785936063	0.073363052556244	0	0	29.06122448979592	95.91771596133704	SMS
KEGG_2021_Human	Glutathione metabolism	1/57	0.0419217443178537	0.073363052556244	0	0	25.419642857142858	80.62985215473387	SMS
KEGG_2021_Human	Ubiquitin mediated proteolysis	1/140	0.1000408402258	0.12461934100442	0	0	10.1983556012333	23.47841739926932	TRIP12
KEGG_2021_Human	Spliceosome	1/150	0.1068165780037886	0.12461934100442	0	0	9.509108341323106	21.268472427628502	PQBP1
KEGG_2021_Human	RNA transport	1/186	0.1308170282961042	0.1308170282961042	0	0	7.644787644787645	15.549159120120551	EIF2S3
