Gene_set	Term	Overlap	P-value	Adjusted P-value	Old P-value	Old Adjusted P-value	Odds Ratio	Combined Score	Genes
KEGG_2021_Human	Phototransduction	2/28	8.446285096382201e-05	0.00042231425481911006	0	0	191.96153846153845	1800.4454223222408	GUCY2D;GUCA1A
KEGG_2021_Human	ABC transporters	1/45	0.0222783509374741	0.0556958773436854	0	0	50.36868686868687	191.6095305229555	ABCA4
KEGG_2021_Human	Purine metabolism	1/129	0.0626731600524217	0.0982397283467843	0	0	17.241319444444443	47.75538577401706	GUCY2D
KEGG_2021_Human	Hippo signaling pathway	1/163	0.0785917826774274	0.0982397283467843	0	0	13.599451303155009	34.5900429790609	CRB1
KEGG_2021_Human	Olfactory transduction	1/440	0.1994899540801643	0.1994899540801643	0	0	4.948367501898254	7.976725854170019	GUCY2D
