Gene_set	Term	Overlap	P-value	Adjusted P-value	Old P-value	Old Adjusted P-value	Odds Ratio	Combined Score	Genes
KEGG_2021_Human	TGF-beta signaling pathway	1/94	0.0046999356087147	0.0122248651468002	0	0	19906.0	106700.27000442924	GDF5
KEGG_2021_Human	Hippo signaling pathway	1/163	0.0081499100978668	0.0122248651468002	0	0	19837.0	95410.9786681514	GDF5
KEGG_2021_Human	Cytokine-cytokine receptor interaction	1/295	0.0147498749536506	0.0147498749536506	0	0	19705.0	83086.53988020132	GDF5
