Gene_set	Term	Overlap	P-value	Adjusted P-value	Old P-value	Old Adjusted P-value	Odds Ratio	Combined Score	Genes
KEGG_2021_Human	Hedgehog signaling pathway	5/56	3.5723264372057494e-11	2.9537683443951925e-10	0	0	390.9607843137254	9404.647277812775	SHH;PTCH1;GLI1;GLI3;GLI2
KEGG_2021_Human	Basal cell carcinoma	5/63	6.563929654211541e-11	2.9537683443951925e-10	0	0	343.6551724137931	8057.630099429675	SHH;PTCH1;GLI1;GLI3;GLI2
KEGG_2021_Human	cAMP signaling pathway	4/216	2.640600027325726e-06	6.573734602523723e-06	0	0	62.19496855345912	798.8635462198472	PTCH1;SOX9;GLI1;GLI3
KEGG_2021_Human	Pathways in cancer	5/531	2.921659823343877e-06	6.573734602523723e-06	0	0	37.00380228136882	471.5527246448116	SHH;PTCH1;GLI1;GLI3;GLI2
KEGG_2021_Human	Axon guidance	2/182	0.003532311827067	0.0063581612887206	0	0	27.51388888888889	155.33798855823653	SHH;PTCH1
KEGG_2021_Human	Proteoglycans in cancer	2/205	0.0044568440614383	0.0066852660921575	0	0	24.36822660098522	131.91287130282834	SHH;PTCH1
KEGG_2021_Human	Ubiquitin mediated proteolysis	1/140	0.0678501777388971	0.0785917826774274	0	0	15.86810551558753	42.692396422608226	MID1
KEGG_2021_Human	Gastric cancer	1/149	0.0720667629517442	0.0785917826774274	0	0	14.896396396396396	39.17994060077916	SHH
KEGG_2021_Human	Hippo signaling pathway	1/163	0.0785917826774274	0.0785917826774274	0	0	13.599451303155009	34.5900429790609	GLI2
