Gene_set	Term	Overlap	P-value	Adjusted P-value	Old P-value	Old Adjusted P-value	Odds Ratio	Combined Score	Genes
KEGG_2021_Human	Cell cycle	4/124	1.8222427642337091e-06	1.4577942113869671e-05	0	0	60.196969696969695	795.5295933586857	STAG1;RAD21;SMC1A;SMC3
KEGG_2021_Human	Oocyte meiosis	2/129	0.0041026239444549	0.0164104957778196	0	0	24.0557238037553	132.21334975182162	SMC1A;SMC3
KEGG_2021_Human	Lysine degradation	1/63	0.0462378258751889	0.1233008690005039	0	0	22.952764976958527	70.5558142686329	KMT2A
KEGG_2021_Human	Cushing syndrome	1/155	0.1101865635892732	0.1419400993027796	0	0	9.198051948051948	20.28704233319861	KMT2A
KEGG_2021_Human	Alcoholism	1/186	0.1308170282961042	0.1419400993027796	0	0	7.644787644787645	15.549159120120551	HDAC8
KEGG_2021_Human	Neutrophil extracellular trap formation	1/189	0.1327896508776999	0.1419400993027796	0	0	7.521656534954407	15.1861416186695	HDAC8
KEGG_2021_Human	Transcriptional misregulation in cancer	1/192	0.1347580944086354	0.1419400993027796	0	0	7.402393418100225	14.836424674361693	KMT2A
KEGG_2021_Human	Viral carcinogenesis	1/203	0.1419400993027796	0.1419400993027796	0	0	6.995403111739745	13.65747628845478	HDAC8
