Gene_set	Term	Overlap	P-value	Adjusted P-value	Old P-value	Old Adjusted P-value	Odds Ratio	Combined Score	Genes
KEGG_2021_Human	ECM-receptor interaction	1/88	0.0431482391729825	0.1092428080635353	0	0	25.41890166028097	79.89449726957503	LAMB3
KEGG_2021_Human	Small cell lung cancer	1/92	0.0450690923255239	0.1092428080635353	0	0	24.296703296703296	75.30905521028181	LAMB3
KEGG_2021_Human	Amoebiasis	1/102	0.0498560516752303	0.1092428080635353	0	0	21.88008800880088	65.60996868685889	LAMB3
KEGG_2021_Human	Toxoplasmosis	1/112	0.0546214040317676	0.1092428080635353	0	0	19.8988988988989	57.85265494685789	LAMB3
KEGG_2021_Human	Focal adhesion	1/201	0.0960949196820343	0.1537518714912549	0	0	10.994444444444444	25.753593684518663	LAMB3
KEGG_2021_Human	Human papillomavirus infection	1/331	0.1537345881008925	0.1869494092251875	0	0	6.619528619528619	12.395250153668211	LAMB3
KEGG_2021_Human	PI3K-Akt signaling pathway	1/354	0.163580733072039	0.1869494092251875	0	0	6.180988353792887	11.1903618987592	LAMB3
KEGG_2021_Human	Pathways in cancer	1/531	0.2359705679288204	0.2359705679288204	0	0	4.079664570230608	5.891232254358313	LAMB3
