Gene_set	Term	Overlap	P-value	Adjusted P-value	Old P-value	Old Adjusted P-value	Odds Ratio	Combined Score	Genes
KEGG_2021_Human	Cell cycle	3/124	2.7039774804115672e-05	0.00013519887402057835	0	0	70.37426210153482	740.2106787035145	RAD21;SMC1A;SMC3
KEGG_2021_Human	Oocyte meiosis	2/129	0.0017957676618057	0.0044894191545144	0	0	39.1003937007874	247.20530595871244	SMC1A;SMC3
KEGG_2021_Human	Alcoholism	1/186	0.0892218578773956	0.0970077921963338	0	0	11.894894894894897	28.7455506425572	HDAC8
KEGG_2021_Human	Neutrophil extracellular trap formation	1/189	0.0906002210285699	0.0970077921963338	0	0	11.703309692671397	28.103141488494085	HDAC8
KEGG_2021_Human	Viral carcinogenesis	1/203	0.0970077921963338	0.0970077921963338	0	0	10.884488448844884	25.39311940245665	HDAC8
