Gene_set	Term	Overlap	P-value	Adjusted P-value	Old P-value	Old Adjusted P-value	Odds Ratio	Combined Score	Genes
KEGG_2021_Human	Cell cycle	5/124	1.2154715449244386e-07	9.723772359395509e-07	0	0	55.63305322128851	885.8430784308466	STAG1;STAG2;RAD21;SMC1A;SMC3
KEGG_2021_Human	Oocyte meiosis	2/129	0.007269141613339	0.0290765664533562	0	0	17.36920384951881	85.52799311302711	SMC1A;SMC3
KEGG_2021_Human	Lysine degradation	1/63	0.0611778250716139	0.163140866857637	0	0	16.908319185059423	47.24134484792992	KMT2A
KEGG_2021_Human	Cushing syndrome	1/155	0.1441648985018541	0.1846470750790034	0	0	6.775803144224197	13.123358631426164	KMT2A
KEGG_2021_Human	Alcoholism	1/186	0.1705223035059393	0.1846470750790034	0	0	5.631578947368421	9.961639057655574	HDAC8
KEGG_2021_Human	Neutrophil extracellular trap formation	1/189	0.1730316847300859	0.1846470750790034	0	0	5.5408734602463605	9.720246555313304	HDAC8
KEGG_2021_Human	Transcriptional misregulation in cancer	1/192	0.1755338529080929	0.1846470750790034	0	0	5.453017360154313	9.487832290769862	KMT2A
KEGG_2021_Human	Viral carcinogenesis	1/203	0.1846470750790034	0.1846470750790034	0	0	5.153204794163627	8.705355125083043	HDAC8
