Gene_set	Term	Overlap	P-value	Adjusted P-value	Old P-value	Old Adjusted P-value	Odds Ratio	Combined Score	Genes
KEGG_2021_Human	TGF-beta signaling pathway	3/94	0.00010815780591521564	0.0007264113570136628	0	0	38.56948933419522	352.2134613970849	PITX2;LEFTY2;NODAL
KEGG_2021_Human	Huntington disease	4/306	0.00021451616901150576	0.0007264113570136628	0	0	16.289735099337747	137.6014358080627	DNAH11;DNAH5;DNAH6;DNAI1
KEGG_2021_Human	Signaling pathways regulating pluripotency of stem cells	3/143	0.0003731980326597169	0.0007264113570136628	0	0	25.008403361344534	197.40136511759883	ZIC3;LEFTY2;NODAL
KEGG_2021_Human	Amyotrophic lateral sclerosis	4/364	0.0004150922040078073	0.0007264113570136628	0	0	13.625	106.09800967058266	DNAH11;DNAH5;DNAH6;DNAI1
KEGG_2021_Human	Pathways of neurodegeneration	4/475	0.0011250062852082	0.0015750087992915	0	0	10.355095541401274	70.31075345087852	DNAH11;DNAH5;DNAH6;DNAI1
KEGG_2021_Human	Human T-cell leukemia virus 1 infection	1/219	0.1977320051501138	0.2306873393417995	0	0	4.771125060357315	7.733243102972645	CRTC1
KEGG_2021_Human	Cytokine-cytokine receptor interaction	1/295	0.2572077907057146	0.2572077907057146	0	0	3.524167561761547	4.785364919344118	NODAL
