Gene_set	Term	Overlap	P-value	Adjusted P-value	Old P-value	Old Adjusted P-value	Odds Ratio	Combined Score	Genes
KEGG_2021_Human	Hedgehog signaling pathway	5/56	8.577448563474835e-13	6.0042139944323844e-12	0	0	1955.1960784313728	54324.08621803385	SMO;PTCH1;IHH;GLI1;GLI2
KEGG_2021_Human	Basal cell carcinoma	4/63	1.3340609918612316e-09	4.6692134715143115e-09	0	0	675.7627118644068	13809.236810448809	SMO;PTCH1;GLI1;GLI2
KEGG_2021_Human	Pathways in cancer	4/531	7.06367573104824e-06	1.6481910039112562e-05	0	0	73.8785578747628	876.2399602201428	SMO;PTCH1;GLI1;GLI2
KEGG_2021_Human	Proteoglycans in cancer	3/205	2.074708890089108e-05	3.630740557655939e-05	0	0	97.98019801980196	1056.530725452078	SMO;PTCH1;IHH
KEGG_2021_Human	Axon guidance	2/182	0.0012060050928318	0.0016884071299645	0	0	55.03888888888889	369.88565819815506	SMO;PTCH1
KEGG_2021_Human	cAMP signaling pathway	2/216	0.0016924471398015	0.0019745216631017	0	0	46.21495327102804	294.92441159092215	PTCH1;GLI1
KEGG_2021_Human	Hippo signaling pathway	1/163	0.0479200597175463	0.0479200597175463	0	0	24.483950617283952	74.3876548622154	GLI2
