Gene_set	Term	Overlap	P-value	Adjusted P-value	Old P-value	Old Adjusted P-value	Odds Ratio	Combined Score	Genes
KEGG_2021_Human	Adrenergic signaling in cardiomyocytes	2/150	0.0024171012251306	0.0048342024502613	0	0	33.516891891891895	201.94551776695783	SCN5A;SCN1B
KEGG_2021_Human	Arrhythmogenic right ventricular cardiomyopathy	1/77	0.0378479500125182	0.0378479500125182	0	0	29.114035087719294	95.32454660857232	PKP2
