Gene_set	Term	Overlap	P-value	Adjusted P-value	Old P-value	Old Adjusted P-value	Odds Ratio	Combined Score	Genes
KEGG_2021_Human	Glycosaminoglycan biosynthesis	2/53	0.00030586608976532464	0.0027527948078879	0	0	97.74019607843135	790.9491626745274	B3GALT6;B4GALT7
KEGG_2021_Human	Sulfur metabolism	1/10	0.0049898178893478	0.0224541805020653	0	0	246.679012345679	1307.4865498601448	PAPSS2
KEGG_2021_Human	Selenocompound metabolism	1/17	0.0084693662805775	0.0254080988417327	0	0	138.70833333333334	661.8190142974174	PAPSS2
KEGG_2021_Human	Inflammatory mediator regulation of TRP channels	1/98	0.047943865635835	0.0857994460850443	0	0	22.786941580756015	69.220448859451	TRPV4
KEGG_2021_Human	Purine metabolism	1/129	0.0626731600524217	0.0857994460850443	0	0	17.241319444444443	47.75538577401706	PAPSS2
KEGG_2021_Human	Fluid shear stress and atherosclerosis	1/139	0.0673806054536277	0.0857994460850443	0	0	15.98389694041868	43.114932524579174	TRPV4
KEGG_2021_Human	Cellular senescence	1/156	0.0753344527600507	0.0857994460850443	0	0	14.21863799283154	36.76680591747282	TRPV4
KEGG_2021_Human	Ribosome	1/158	0.0762661742978172	0.0857994460850443	0	0	14.036093418259023	36.12224803851215	RPL13
KEGG_2021_Human	Coronavirus disease	1/232	0.1101515314641288	0.1101515314641288	0	0	9.504088504088504	20.96505269691893	RPL13
