Gene_set	Term	Overlap	P-value	Adjusted P-value	Old P-value	Old Adjusted P-value	Odds Ratio	Combined Score	Genes
KEGG_2021_Human	Fructose and mannose metabolism	1/33	0.0163815476907073	0.0576938805736021	0	0	69.29861111111111	284.9281499305533	GMPPB
KEGG_2021_Human	Amino sugar and nucleotide sugar metabolism	1/48	0.0237475721230066	0.0576938805736021	0	0	47.146572104018915	176.3411440394006	GMPPB
KEGG_2021_Human	N-Glycan biosynthesis	1/50	0.024725948817258	0.0576938805736021	0	0	45.21768707482993	167.3010120823387	DPAGT1
KEGG_2021_Human	ECM-receptor interaction	1/88	0.0431482391729825	0.0642795465897915	0	0	25.41890166028097	79.89449726957503	AGRN
KEGG_2021_Human	Glycerophospholipid metabolism	1/98	0.047943865635835	0.0642795465897915	0	0	22.786941580756015	69.220448859451	CHAT
KEGG_2021_Human	Cholinergic synapse	1/113	0.0550967542198212	0.0642795465897915	0	0	19.720238095238095	57.16235353894127	CHAT
KEGG_2021_Human	Neuroactive ligand-receptor interaction	1/341	0.1580282660331969	0.1580282660331969	0	0	6.421568627450981	11.847674438945711	CHRNE
