Gene_set	Term	Overlap	P-value	Adjusted P-value	Old P-value	Old Adjusted P-value	Odds Ratio	Combined Score	Genes
KEGG_2021_Human	Ribosome biogenesis in eukaryotes	3/108	1.7875458122855736e-05	0.0001430036649828459	0	0	81.16326530612245	887.2834587656572	DKC1;NHP2;NOP10
KEGG_2021_Human	Gastric cancer	2/149	0.002385509588893	0.0080524120464393	0	0	33.74659863945578	203.77352124587753	TERT;TERC
KEGG_2021_Human	Hepatocellular carcinoma	2/168	0.0030196545174147	0.0080524120464393	0	0	29.85542168674699	173.2394535917386	TERT;TERC
KEGG_2021_Human	Pathways in cancer	2/531	0.0274921941231522	0.0549843882463045	0	0	9.197069943289224	33.05291892138001	TERT;TERC
KEGG_2021_Human	RNA degradation	1/79	0.0388135997677023	0.0621017596283237	0	0	28.36467236467237	92.15638325126108	PARN
KEGG_2021_Human	Lysosome	1/128	0.0622012413800101	0.0829349885066802	0	0	17.37795275590551	48.26518401321974	TPP1
KEGG_2021_Human	Human T-cell leukemia virus 1 infection	1/219	0.1042809551708208	0.119178234480938	0	0	10.077471967380225	22.78180358653809	TERT
KEGG_2021_Human	Human papillomavirus infection	1/331	0.1537345881008925	0.1537345881008925	0	0	6.619528619528619	12.395250153668211	TERT
