Gene_set	Term	Overlap	P-value	Adjusted P-value	Old P-value	Old Adjusted P-value	Odds Ratio	Combined Score	Genes
KEGG_2021_Human	Staphylococcus aureus infection	3/95	1.216079991293894e-05	8.512559939057257e-05	0	0	92.69254658385093	1049.0286994545884	KRT16;DSG1;KRT9
KEGG_2021_Human	Estrogen signaling pathway	2/137	0.0020220089092734	0.0070770311824571	0	0	36.76851851851852	228.09952555633555	KRT16;KRT9
KEGG_2021_Human	Arrhythmogenic right ventricular cardiomyopathy	1/77	0.0378479500125182	0.0797103353319923	0	0	29.114035087719294	95.32454660857232	DSP
KEGG_2021_Human	Salivary secretion	1/93	0.0455487630468527	0.0797103353319923	0	0	24.031400966183575	74.2323201774775	AQP5
KEGG_2021_Human	Lysosome	1/128	0.0622012413800101	0.0802534646993298	0	0	17.37795275590551	48.26518401321974	CTSC
KEGG_2021_Human	Apoptosis	1/142	0.068788684027997	0.0802534646993298	0	0	15.641449960598896	41.86771974668722	CTSC
KEGG_2021_Human	Neuroactive ligand-receptor interaction	1/341	0.1580282660331969	0.1580282660331969	0	0	6.421568627450981	11.847674438945711	SLURP1
