Gene_set	Term	Overlap	P-value	Adjusted P-value	Old P-value	Old Adjusted P-value	Odds Ratio	Combined Score	Genes
KEGG_2021_Human	Retinol metabolism	3/68	1.6610279367976186e-05	0.0001162719555758333	0	0	76.61538461538461	843.1897584581213	RDH5;LRAT;RPE65
KEGG_2021_Human	Vitamin digestion and absorption	1/24	0.0178556385652366	0.0485391643833107	0	0	61.993788819875775	249.55202523941097	LRAT
KEGG_2021_Human	Phototransduction	1/28	0.0208024990214188	0.0485391643833107	0	0	52.7989417989418	204.47351966705395	RHO
KEGG_2021_Human	Complement and coagulation cascades	1/85	0.0619086933629976	0.0965329102218892	0	0	16.922619047619047	47.08032820576258	CFH
KEGG_2021_Human	Staphylococcus aureus infection	1/95	0.0689520787299208	0.0965329102218892	0	0	15.114741641337384	40.422011468219154	CFH
KEGG_2021_Human	Proteoglycans in cancer	1/205	0.1432399253949917	0.167113246294157	0	0	6.9261204481792715	13.459074507019473	TIMP3
KEGG_2021_Human	MicroRNAs in cancer	1/310	0.2089569326358909	0.2089569326358909	0	0	4.548312528895053	7.12096140997213	TIMP3
