Gene_set	Term	Overlap	P-value	Adjusted P-value	Old P-value	Old Adjusted P-value	Odds Ratio	Combined Score	Genes
KEGG_2021_Human	Retinol metabolism	2/68	0.0005036159037475685	0.0015108477112427	0	0	75.46969696969697	573.09398703068	RDH5;RPE65
KEGG_2021_Human	Complement and coagulation cascades	1/85	0.0417053180950637	0.0465074540299385	0	0	26.33068783068783	83.65592938917332	CFH
KEGG_2021_Human	Staphylococcus aureus infection	1/95	0.0465074540299385	0.0465074540299385	0	0	23.5177304964539	72.15575261450543	CFH
