Gene_set	Term	Overlap	P-value	Adjusted P-value	Old P-value	Old Adjusted P-value	Odds Ratio	Combined Score	Genes
KEGG_2021_Human	Hedgehog signaling pathway	8/56	1.0029712056657204e-19	9.026740850991482e-19	0	0	1661.8333333333333	72698.81021937646	SHH;SMO;SUFU;PTCH1;PTCH2;GLI1;GLI3;GLI2
KEGG_2021_Human	Basal cell carcinoma	8/63	2.7329501961026306e-19	1.229827588246184e-18	0	0	1449.8181818181818	61970.64428254074	SHH;SMO;SUFU;PTCH1;PTCH2;GLI1;GLI3;GLI2
KEGG_2021_Human	Pathways in cancer	8/531	1.0063765120885306e-11	3.0191295362655916e-11	0	0	148.887189292543	3770.133281731932	SHH;SMO;SUFU;PTCH1;PTCH2;GLI1;GLI3;GLI2
KEGG_2021_Human	Axon guidance	3/182	8.486085444219665e-05	0.00019093692249494247	0	0	47.432561851556265	444.6564395822288	SHH;SMO;PTCH1
KEGG_2021_Human	Proteoglycans in cancer	3/205	0.00012076257746739804	0.00021144135123586853	0	0	41.983026874115986	378.75760642460426	SHH;SMO;PTCH1
KEGG_2021_Human	cAMP signaling pathway	3/216	0.00014096090082391235	0.00021144135123586853	0	0	39.79275653923541	352.8434866359859	PTCH1;GLI1;GLI3
KEGG_2021_Human	Cell cycle	1/124	0.0603114275885761	0.077543264042455	0	0	17.946702800361336	50.39853526607874	ORC6
KEGG_2021_Human	Gastric cancer	1/149	0.0720667629517442	0.0785917826774274	0	0	14.896396396396396	39.17994060077916	SHH
KEGG_2021_Human	Hippo signaling pathway	1/163	0.0785917826774274	0.0785917826774274	0	0	13.599451303155009	34.5900429790609	GLI2
