Gene_set	Term	Overlap	P-value	Adjusted P-value	Old P-value	Old Adjusted P-value	Odds Ratio	Combined Score	Genes
KEGG_2021_Human	Phototransduction	4/28	1.4655352501553612e-08	1.1724282001242893e-07	0	0	207.875	3749.744916100256	GUCY2D;GNAT2;GUCA1A;RGS9
KEGG_2021_Human	Purine metabolism	3/129	0.000275787437045545	0.0011031497481821	0	0	27.80672268907563	227.90056637383265	GUCY2D;PDE6H;PDE6C
KEGG_2021_Human	Retinol metabolism	2/68	0.0020802097196089	0.0055472259189571	0	0	33.525252525252526	207.02804146104273	RDH5;RPE65
KEGG_2021_Human	cAMP signaling pathway	2/216	0.0194110717599449	0.0388221435198898	0	0	10.262720664589825	40.454738317058315	CNGB3;CNGA3
KEGG_2021_Human	ABC transporters	1/45	0.044071254437806	0.0638641494258904	0	0	23.84688995215311	74.44873932423765	ABCA4
KEGG_2021_Human	Cocaine addiction	1/49	0.0478981120694178	0.0638641494258904	0	0	21.855263157894736	66.41113333547993	RGS9
KEGG_2021_Human	Olfactory transduction	2/440	0.0707067770289609	0.0808077451759554	0	0	4.957382039573821	13.133165181464191	GUCY2D;CNGA3
KEGG_2021_Human	Hippo signaling pathway	1/163	0.151041964046623	0.151041964046623	0	0	6.43859649122807	12.17021946242288	CRB1
