Gene_set	Term	Overlap	P-value	Adjusted P-value	Old P-value	Old Adjusted P-value	Odds Ratio	Combined Score	Genes
KEGG_2021_Human	Phototransduction	3/28	2.929226415749853e-07	2.3433811325998823e-06	0	0	342.25714285714287	5148.696483246648	GUCY2D;GNAT2;RGS9
KEGG_2021_Human	cAMP signaling pathway	2/216	0.0049346987226642	0.019738794890657	0	0	23.102803738317757	122.70970243239832	CNGB3;CNGA3
KEGG_2021_Human	Olfactory transduction	2/440	0.0193335718348535	0.0387789933139163	0	0	11.159817351598171	44.03565967062052	GUCY2D;CNGA3
KEGG_2021_Human	ABC transporters	1/45	0.0222783509374741	0.0387789933139163	0	0	50.36868686868687	191.6095305229555	ABCA4
KEGG_2021_Human	Cocaine addiction	1/49	0.0242368708211977	0.0387789933139163	0	0	46.16203703703704	171.71724838044534	RGS9
KEGG_2021_Human	Retinol metabolism	1/68	0.0334917127632155	0.0446556170176207	0	0	33.039800995024876	112.21827165973409	RDH5
KEGG_2021_Human	Purine metabolism	1/129	0.0626731600524217	0.0716264686313391	0	0	17.241319444444443	47.75538577401706	GUCY2D
KEGG_2021_Human	Hippo signaling pathway	1/163	0.0785917826774274	0.0785917826774274	0	0	13.599451303155009	34.5900429790609	CRB1
