Gene_set	Term	Overlap	P-value	Adjusted P-value	Old P-value	Old Adjusted P-value	Odds Ratio	Combined Score	Genes
KEGG_2021_Human	Phototransduction	4/28	4.148694944247171e-09	3.318955955397737e-08	0	0	302.43939393939394	5837.2230615091885	GUCY2D;GNAT2;GUCA1A;RGS9
KEGG_2021_Human	cAMP signaling pathway	2/216	0.0111128999635977	0.044451599854391	0	0	14.21351545650611	63.95582615533973	CNGB3;CNGA3
KEGG_2021_Human	ABC transporters	1/45	0.0332348399957845	0.0664275882389404	0	0	32.371753246753244	110.19851603861096	ABCA4
KEGG_2021_Human	Cocaine addiction	1/49	0.0361386092201723	0.0664275882389404	0	0	29.668154761904763	98.50994756608031	RGS9
KEGG_2021_Human	Olfactory transduction	2/440	0.0419702695586097	0.0664275882389404	0	0	6.865823674042852	21.770110993417617	GUCY2D;CNGA3
KEGG_2021_Human	Retinol metabolism	1/68	0.0498206911792053	0.0664275882389404	0	0	21.23454157782516	63.6892892034775	RDH5
KEGG_2021_Human	Purine metabolism	1/129	0.0925321345681363	0.1057510109350129	0	0	11.080915178571429	26.374786485539133	GUCY2D
KEGG_2021_Human	Hippo signaling pathway	1/163	0.1155538666355705	0.1155538666355705	0	0	8.740299823633157	18.86172853964695	CRB1
