Gene_set	Term	Overlap	P-value	Adjusted P-value	Old P-value	Old Adjusted P-value	Odds Ratio	Combined Score	Genes
KEGG_2021_Human	Ubiquinone and other terpenoid-quinone biosynthesis	5/11	5.1899788388885725e-14	3.1139873033331434e-13	0	0	1664.9166666666667	50928.90457877743	COQ3;COQ2;COQ7;COQ6;COQ5
KEGG_2021_Human	Terpenoid backbone biosynthesis	2/22	0.00012022963193032818	0.00036068889579098453	0	0	153.57692307692307	1386.20174723602	PDSS2;PDSS1
KEGG_2021_Human	Sulfur metabolism	1/10	0.0074763281564485	0.0149526563128971	0	0	158.53968253968253	776.212425317664	SQOR
KEGG_2021_Human	Porphyrin and chlorophyll metabolism	1/43	0.0317798956959378	0.0433663310642068	0	0	33.916666666666664	116.97591748147126	FXN
KEGG_2021_Human	Sphingolipid metabolism	1/49	0.0361386092201723	0.0433663310642068	0	0	29.668154761904763	98.50994756608031	PSAP
KEGG_2021_Human	Lysosome	1/128	0.0918466335076922	0.0918466335076922	0	0	11.16872890888639	26.66684938927765	PSAP
