Gene_set	Term	Overlap	P-value	Adjusted P-value	Old P-value	Old Adjusted P-value	Odds Ratio	Combined Score	Genes
KEGG_2021_Human	Ubiquinone and other terpenoid-quinone biosynthesis	5/11	2.676276080527817e-13	2.1410208644222536e-12	0	0	1109.6666666666667	32123.939965553764	COQ3;COQ2;COQ7;COQ6;COQ5
KEGG_2021_Human	Sulfur metabolism	3/10	1.0214563877989312e-07	4.085825551195725e-07	0	0	503.52100840336135	8105.110306630441	TST;ETHE1;SQOR
KEGG_2021_Human	Terpenoid backbone biosynthesis	2/22	0.00021683563043902655	0.0005782283478374041	0	0	110.88888888888889	935.4998014387868	PDSS2;PDSS1
KEGG_2021_Human	Sulfur relay system	1/8	0.0079733565142536	0.0159467130285072	0	0	150.17293233082708	725.5830081396662	TST
KEGG_2021_Human	Porphyrin and chlorophyll metabolism	1/43	0.0421523505298068	0.055831485693746	0	0	24.984962406015036	79.11400474395023	FXN
KEGG_2021_Human	Sphingolipid metabolism	1/49	0.0478981120694178	0.055831485693746	0	0	21.855263157894736	66.41113333547993	PSAP
KEGG_2021_Human	Cysteine and methionine metabolism	1/50	0.0488525499820277	0.055831485693746	0	0	21.40816326530612	64.63014669364038	TST
KEGG_2021_Human	Lysosome	1/128	0.1205619837822294	0.1205619837822294	0	0	8.227517612929963	17.406064436257147	PSAP
