Gene_set	Term	Overlap	P-value	Adjusted P-value	Old P-value	Old Adjusted P-value	Odds Ratio	Combined Score	Genes
KEGG_2021_Human	Glycine, serine and threonine metabolism	3/40	7.409873268462611e-09	2.2229619805387833e-08	0	0	59880.0	1120980.695733308	PSAT1;PHGDH;PSPH
KEGG_2021_Human	Cysteine and methionine metabolism	2/50	1.8345472263811385e-05	2.751820839571708e-05	0	0	831.2083333333334	9065.264276038262	PSAT1;PHGDH
KEGG_2021_Human	Vitamin B6 metabolism	1/6	0.0008997538788767587	0.0008997538788767587	0	0	1999.2	14021.167888467728	PSAT1
