Gene_set	Term	Overlap	P-value	Adjusted P-value	Old P-value	Old Adjusted P-value	Odds Ratio	Combined Score	Genes
KEGG_2021_Human	Thyroid cancer	1/37	0.0274027922368154	0.1918195456577081	0	0	39.58134920634921	142.37848146420913	TFG
KEGG_2021_Human	Lysosome	1/128	0.0918466335076922	0.2005358955529883	0	0	11.16872890888639	26.66684938927765	AP4B1
KEGG_2021_Human	Cell adhesion molecules	1/148	0.1054652513789735	0.2005358955529883	0	0	9.639455782312924	21.68273881196999	L1CAM
KEGG_2021_Human	Axon guidance	1/182	0.1281803498536608	0.2005358955529883	0	0	7.815311760063142	16.05512799278458	L1CAM
KEGG_2021_Human	Proteoglycans in cancer	1/205	0.1432399253949917	0.2005358955529883	0	0	6.9261204481792715	13.459074507019473	TFAP4
KEGG_2021_Human	Endocytosis	1/252	0.1732619168834576	0.2021389030307006	0	0	5.615822424587365	9.844260742933525	WASHC5
KEGG_2021_Human	Pathways in cancer	1/531	0.3322054533794769	0.3322054533794769	0	0	2.621967654986523	2.889412723953966	TFG
