Gene_set	Term	Overlap	P-value	Adjusted P-value	Old P-value	Old Adjusted P-value	Odds Ratio	Combined Score	Genes
KEGG_2021_Human	Lysosome	1/128	0.0622012413800101	0.1165081541170771	0	0	17.37795275590551	48.26518401321974	AP4B1
KEGG_2021_Human	Cell adhesion molecules	1/148	0.0715991027195359	0.1165081541170771	0	0	14.998488284202567	39.54610515433267	L1CAM
KEGG_2021_Human	Axon guidance	1/182	0.0873811155878078	0.1165081541170771	0	0	12.160220994475138	29.64024790437689	L1CAM
KEGG_2021_Human	Endocytosis	1/252	0.1191155895701044	0.1191155895701044	0	0	8.73793714032758	18.59136734336237	WASHC5
