Gene_set	Term	Overlap	P-value	Adjusted P-value	Old P-value	Old Adjusted P-value	Odds Ratio	Combined Score	Genes
KEGG_2021_Human	Mucin type O-glycan biosynthesis	1/36	0.0071810360955563	0.0355565044639427	0	0	190.10476190476192	938.4163420388404	GCNT1
KEGG_2021_Human	Glycosphingolipid biosynthesis	1/45	0.0089702446657794	0.0355565044639427	0	0	151.15151515151516	712.5044099532315	GCNT2
KEGG_2021_Human	Acute myeloid leukemia	1/67	0.0133336891739785	0.0355565044639427	0	0	100.65656565656566	434.58083948016025	CEBPA
KEGG_2021_Human	Hematopoietic cell lineage	1/99	0.0196547831658258	0.0393095663316517	0	0	67.68027210884354	265.94519972543833	CD34
KEGG_2021_Human	Cell adhesion molecules	1/148	0.0292750459631644	0.0408580900761699	0	0	45.00907029478458	158.92791836577854	CD34
KEGG_2021_Human	Non-alcoholic fatty liver disease	1/155	0.0306435675571274	0.0408580900761699	0	0	42.94805194805195	149.68824153490112	CEBPA
KEGG_2021_Human	Transcriptional misregulation in cancer	1/192	0.0378531613980021	0.043260755883431	0	0	34.56369982547993	113.16296267411514	CEBPA
KEGG_2021_Human	Pathways in cancer	1/531	0.1020519834100174	0.1020519834100174	0	0	12.242767295597483	27.941336683871945	CEBPA
