Gene_set	Term	Overlap	P-value	Adjusted P-value	Old P-value	Old Adjusted P-value	Odds Ratio	Combined Score	Genes
KEGG_2021_Human	Apoptosis	3/142	4.054105659077452e-05	0.00032432845272619613	0	0	61.205549845837616	618.983682361981	LMNA;LMNB2;LMNB1
KEGG_2021_Human	Steroid biosynthesis	1/20	0.0099572476243861	0.0291948060214487	0	0	116.78947368421052	538.3357753631753	LBR
KEGG_2021_Human	Terpenoid backbone biosynthesis	1/22	0.0109480522580432	0.0291948060214487	0	0	105.65608465608466	476.9942956890701	ZMPSTE24
KEGG_2021_Human	Primary immunodeficiency	1/38	0.0188424272009397	0.0376848544018794	0	0	59.91891891891892	237.97662594437213	AICDA
KEGG_2021_Human	Intestinal immune network for IgA production	1/48	0.0237475721230066	0.0379961153968105	0	0	47.146572104018915	176.3411440394006	AICDA
KEGG_2021_Human	Arrhythmogenic right ventricular cardiomyopathy	1/77	0.0378479500125182	0.0469864744639164	0	0	29.114035087719294	95.32454660857232	LMNA
KEGG_2021_Human	Hypertrophic cardiomyopathy	1/90	0.0441090999770031	0.0469864744639164	0	0	24.845193508114857	77.54406436315156	LMNA
KEGG_2021_Human	Dilated cardiomyopathy	1/96	0.0469864744639164	0.0469864744639164	0	0	23.269005847953217	71.15418818005004	LMNA
