Gene_set	Term	Overlap	P-value	Adjusted P-value	Old P-value	Old Adjusted P-value	Odds Ratio	Combined Score	Genes
KEGG_2021_Human	Histidine metabolism	1/22	0.0109480522580432	0.037088923225887	0	0	105.65608465608466	476.9942956890701	ASPA
KEGG_2021_Human	Arginine biosynthesis	1/22	0.0109480522580432	0.037088923225887	0	0	105.65608465608466	476.9942956890701	ACY1
KEGG_2021_Human	Alanine, aspartate and glutamate metabolism	1/37	0.0183506949831896	0.037088923225887	0	0	61.58641975308642	246.2279153977221	ASPA
KEGG_2021_Human	Ferroptosis	1/41	0.0203162941970357	0.037088923225887	0	0	55.416666666666664	215.92173416578152	CP
KEGG_2021_Human	Porphyrin and chlorophyll metabolism	1/43	0.0212977650246516	0.037088923225887	0	0	52.77248677248677	203.12938317607103	CP
KEGG_2021_Human	Cholesterol metabolism	1/50	0.024725948817258	0.037088923225887	0	0	45.21768707482993	167.3010120823387	APOE
KEGG_2021_Human	Mineral absorption	1/60	0.0296046094730556	0.0380630693225001	0	0	37.53483992467043	132.1160756075347	ATP7A
KEGG_2021_Human	Lysosome	1/128	0.0622012413800101	0.0699763965525114	0	0	17.37795275590551	48.26518401321974	SLC17A5
KEGG_2021_Human	Alzheimer disease	1/369	0.169946460366191	0.169946460366191	0	0	5.924516908212561	10.499854426089636	APOE
