Gene_set	Term	Overlap	P-value	Adjusted P-value	Old P-value	Old Adjusted P-value	Odds Ratio	Combined Score	Genes
KEGG_2021_Human	Cell cycle	3/124	2.7039774804115672e-05	0.00013519887402057835	0	0	70.37426210153482	740.2106787035145	BUB1B;BUB3;BUB1
KEGG_2021_Human	Human T-cell leukemia virus 1 infection	2/219	0.0050689885301914	0.0126724713254785	0	0	22.77995391705069	120.3832629846112	BUB1B;BUB3
KEGG_2021_Human	Nucleotide excision repair	1/47	0.0232580526351399	0.0387634210585665	0	0	48.17391304347826	181.18709015535833	CETN2
KEGG_2021_Human	Progesterone-mediated oocyte maturation	1/100	0.0489003911418304	0.061125488927288	0	0	22.32435465768799	67.37423003045056	BUB1
KEGG_2021_Human	Oocyte meiosis	1/129	0.0626731600524217	0.0626731600524217	0	0	17.241319444444443	47.75538577401706	BUB1
