Gene_set	Term	Overlap	P-value	Adjusted P-value	Old P-value	Old Adjusted P-value	Odds Ratio	Combined Score	Genes
KEGG_2021_Human	Arginine biosynthesis	1/22	0.0010999756574123	0.0018499650702878	0	0	19978.0	136099.47030191717	GPT
KEGG_2021_Human	Alanine, aspartate and glutamate metabolism	1/37	0.0018499650702878	0.0018499650702878	0	0	19963.0	125618.9446446357	GPT
