Gene_set	Term	Overlap	P-value	Adjusted P-value	Old P-value	Old Adjusted P-value	Odds Ratio	Combined Score	Genes
KEGG_2021_Human	Cell cycle	4/124	1.8222427642337091e-06	1.6400184878103382e-05	0	0	60.196969696969695	795.5295933586857	PLK1;BUB1B;BUB3;BUB1
KEGG_2021_Human	Progesterone-mediated oocyte maturation	2/100	0.0024908343052083	0.0095122573409524	0	0	31.21978021978022	187.16687708215863	PLK1;BUB1
KEGG_2021_Human	Oocyte meiosis	2/129	0.0041026239444549	0.0095122573409524	0	0	24.0557238037553	132.21334975182162	PLK1;BUB1
KEGG_2021_Human	FoxO signaling pathway	2/131	0.0042276699293122	0.0095122573409524	0	0	23.68038163387001	129.43943544423092	PLK4;PLK1
KEGG_2021_Human	Human T-cell leukemia virus 1 infection	2/219	0.011409674782245	0.020537414608041	0	0	14.014888337468983	62.69271056237966	BUB1B;BUB3
KEGG_2021_Human	Vasopressin-regulated water reabsorption	1/44	0.0325076230964538	0.0445985275105654	0	0	33.12624584717608	113.499815495736	DYNC2H1
KEGG_2021_Human	Nucleotide excision repair	1/47	0.0346877436193286	0.0445985275105654	0	0	30.961180124223603	104.0719468696984	CETN2
KEGG_2021_Human	Phagosome	1/152	0.1081659991603662	0.121686749055412	0	0	9.382213812677389	20.8668710551943	DYNC2H1
KEGG_2021_Human	Salmonella infection	1/249	0.1713753475529466	0.1713753475529466	0	0	5.684619815668203	10.02709585103008	DYNC2H1
