Gene_set	Term	Overlap	P-value	Adjusted P-value	Old P-value	Old Adjusted P-value	Odds Ratio	Combined Score	Genes
KEGG_2021_Human	Inflammatory mediator regulation of TRP channels	4/98	1.11263735045227e-07	7.788461453165889e-07	0	0	141.10638297872342	2259.305443636223	TRPA1;TRPV4;TRPV3;TRPV1
KEGG_2021_Human	Taste transduction	1/86	0.0421865092184754	0.0878901948867258	0	0	26.019607843137255	82.36909635390154	SCN9A
KEGG_2021_Human	Dopaminergic synapse	1/132	0.064087634006374	0.0878901948867258	0	0	16.843935538592028	46.27877775631816	SCN1A
KEGG_2021_Human	Fluid shear stress and atherosclerosis	1/139	0.0673806054536277	0.0878901948867258	0	0	15.98389694041868	43.114932524579174	TRPV4
KEGG_2021_Human	Adrenergic signaling in cardiomyocytes	1/150	0.072534211173127	0.0878901948867258	0	0	14.795674869500372	38.81936703082998	SCN5A
KEGG_2021_Human	Cellular senescence	1/156	0.0753344527600507	0.0878901948867258	0	0	14.21863799283154	36.76680591747282	TRPV4
KEGG_2021_Human	Neuroactive ligand-receptor interaction	1/341	0.1580282660331969	0.1580282660331969	0	0	6.421568627450981	11.847674438945711	TRPV1
