Gene_set	Term	Overlap	P-value	Adjusted P-value	Old P-value	Old Adjusted P-value	Odds Ratio	Combined Score	Genes
KEGG_2021_Human	Arginine biosynthesis	6/22	1.758115681376568e-16	1.2306809769635976e-15	0	0	1872.5625	67931.17243766527	CPS1;ARG1;ASL;NAGS;ASS1;OTC
KEGG_2021_Human	Alanine, aspartate and glutamate metabolism	3/37	6.931197528182282e-07	2.4259191348637984e-06	0	0	251.54621848739495	3567.4443303750186	CPS1;ASL;ASS1
KEGG_2021_Human	Valine, leucine and isoleucine degradation	2/48	0.0002507089602670998	0.0005849875739565663	0	0	108.3913043478261	898.695913322854	MCCC2;MCCC1
KEGG_2021_Human	Nitrogen metabolism	1/17	0.0084693662805775	0.0148213909910107	0	0	138.70833333333334	661.8190142974174	CPS1
KEGG_2021_Human	Arginine and proline metabolism	1/50	0.024725948817258	0.0346163283441612	0	0	45.21768707482993	167.3010120823387	ARG1
KEGG_2021_Human	Amoebiasis	1/102	0.0498560516752303	0.058165393621102	0	0	21.88008800880088	65.60996868685889	ARG1
KEGG_2021_Human	Fluid shear stress and atherosclerosis	1/139	0.0673806054536277	0.0673806054536277	0	0	15.98389694041868	43.114932524579174	ASS1
