Gene_set	Term	Overlap	P-value	Adjusted P-value	Old P-value	Old Adjusted P-value	Odds Ratio	Combined Score	Genes
KEGG_2021_Human	Peroxisome	15/82	3.98523181072845e-37	3.18818544858276e-36	0	0	298770.0	25040825.83268193	PEX16;PEX19;ABCD3;PEX10;PEX1;PEX12;PEX13;PEX14;PEX26;PEX7;PEX3;PEX6;PEX5;CAT;ABCD1
KEGG_2021_Human	ABC transporters	2/45	0.0005101666330676	0.0020406665322704	0	0	71.34883720930233	540.8793496929526	ABCD3;ABCD1
KEGG_2021_Human	Glyoxylate and dicarboxylate metabolism	1/30	0.0222728330244505	0.0593942213985348	0	0	49.152709359605915	186.9959576603662	CAT
KEGG_2021_Human	Tryptophan metabolism	1/42	0.03105165746751	0.06210331493502	0	0	34.745644599303134	120.6404600270104	CAT
KEGG_2021_Human	Longevity regulating pathway	1/102	0.0738530472723681	0.118164875635789	0	0	14.062234794908065	36.6416559464346	CAT
KEGG_2021_Human	FoxO signaling pathway	1/131	0.0939016881241753	0.1252022508322338	0	0	10.90934065934066	25.806120768156763	CAT
KEGG_2021_Human	Amyotrophic lateral sclerosis	1/364	0.2408923100429832	0.2753054971919808	0	0	3.8610783156237702	5.495879305940561	CAT
KEGG_2021_Human	Pathways of neurodegeneration	1/475	0.30279495307556	0.30279495307556	0	0	2.940174804098855	3.5126251480790005	CAT
