Gene_set	Term	Overlap	P-value	Adjusted P-value	Old P-value	Old Adjusted P-value	Odds Ratio	Combined Score	Genes
KEGG_2021_Human	Hepatocellular carcinoma	8/168	2.42258285234773e-12	9.69033140939092e-12	0	0	82.58333333333333	2208.7892640750065	SMARCE1;SMARCB1;SMARCC2;ARID1A;ARID2;ARID1B;SMARCA2;SMARCA4
KEGG_2021_Human	Thermogenesis	7/232	1.7598464032920022e-09	3.5196928065840052e-09	0	0	47.27692307692307	953.0100734887916	SMARCE1;SMARCB1;SMARCC2;ARID1A;ARID1B;SMARCA2;SMARCA4
KEGG_2021_Human	Lysine degradation	2/63	0.001788774259171	0.0023850323455613	0	0	36.28233151183971	229.5301805177287	KMT5B;KMT5A
KEGG_2021_Human	MicroRNAs in cancer	1/310	0.2684404297418134	0.2684404297418134	0	0	3.350536535513541	4.406378558844449	SOX4
