Gene_set	Term	Overlap	P-value	Adjusted P-value	Old P-value	Old Adjusted P-value	Odds Ratio	Combined Score	Genes
KEGG_2021_Human	Glycosylphosphatidylinositol (GPI)-anchor biosynthesis	7/26	3.1009279621084803e-19	1.860556777265088e-18	0	0	2452.5789473684213	104522.5756972421	PIGT;PIGO;PIGN;PIGA;PIGL;PIGV;PIGY
KEGG_2021_Human	Complement and coagulation cascades	2/85	0.0007856794992100311	0.0021272425720694	0	0	59.96084337349398	428.6577674110207	CD59;CD55
KEGG_2021_Human	Hematopoietic cell lineage	2/99	0.0010636212860347	0.0021272425720694	0	0	51.27061855670103	351.0025453408367	CD59;CD55
KEGG_2021_Human	Thiamine metabolism	1/15	0.0074763281564485	0.0112144922346728	0	0	158.53968253968253	776.212425317664	ALPP
KEGG_2021_Human	Folate biosynthesis	1/26	0.0129269855424658	0.015512382650959	0	0	88.73333333333333	385.85142072369416	ALPP
KEGG_2021_Human	Viral myocarditis	1/60	0.0296046094730556	0.0296046094730556	0	0	37.53483992467043	132.1160756075347	CD55
