Gene_set	Term	Overlap	P-value	Adjusted P-value	Old P-value	Old Adjusted P-value	Odds Ratio	Combined Score	Genes
KEGG_2021_Human	Vitamin digestion and absorption	2/24	6.173695322587491e-05	0.00029144276551060206	0	0	226.9090909090909	2199.345382715804	SLC19A3;SLC19A2
KEGG_2021_Human	Citrate cycle (TCA cycle)	2/30	9.7147588503534e-05	0.00029144276551060206	0	0	178.23214285714286	1646.7365311362207	OGDH;DLST
KEGG_2021_Human	Thiamine metabolism	1/15	0.0074763281564485	0.0149526563128971	0	0	158.53968253968253	776.212425317664	TPK1
KEGG_2021_Human	Pentose phosphate pathway	1/30	0.0149023554252653	0.022353533137898	0	0	76.47892720306514	321.6884165593148	TKT
KEGG_2021_Human	Tryptophan metabolism	1/42	0.0208071402680988	0.0249685683217186	0	0	54.06233062330623	209.3541625168803	DLST
KEGG_2021_Human	Lysine degradation	1/63	0.0310639188209322	0.0310639188209322	0	0	35.71326164874552	123.9860268803296	DLST
