Gene_set	Term	Overlap	P-value	Adjusted P-value	Old P-value	Old Adjusted P-value	Odds Ratio	Combined Score	Genes
KEGG_2021_Human	Cholinergic synapse	1/113	0.0550967542198212	0.0919767065184695	0	0	19.720238095238095	57.16235353894127	KCNQ4
KEGG_2021_Human	Protein processing in endoplasmic reticulum	1/171	0.082301797344196	0.0919767065184695	0	0	12.954248366013072	32.35145191648386	WFS1
KEGG_2021_Human	Transcriptional misregulation in cancer	1/192	0.0919767065184695	0.0919767065184695	0	0	11.517742873763815	27.483867524973338	SIX1
