Gene_set	Term	Overlap	P-value	Adjusted P-value	Old P-value	Old Adjusted P-value	Odds Ratio	Combined Score	Genes
KEGG_2021_Human	Lysine degradation	4/63	1.8502049972433976e-08	5.550614991730193e-08	0	0	225.2090395480226	4009.9334973648542	PRDM9;NSD1;EZH1;EZH2
KEGG_2021_Human	MicroRNAs in cancer	2/310	0.0099263857511192	0.0148895786266789	0	0	15.97564935064935	73.68862263509924	DNMT3A;EZH2
KEGG_2021_Human	Cysteine and methionine metabolism	1/50	0.024725948817258	0.024725948817258	0	0	45.21768707482993	167.3010120823387	DNMT3A
