Gene_set	Term	Overlap	P-value	Adjusted P-value	Old P-value	Old Adjusted P-value	Odds Ratio	Combined Score	Genes
KEGG_2021_Human	VEGF signaling pathway	1/59	0.0291177336711439	0.0487818793614571	0	0	38.18390804597701	135.03387352863817	SH2D2A
KEGG_2021_Human	Aminoacyl-tRNA biosynthesis	1/66	0.0325212529076381	0.0487818793614571	0	0	34.05982905982906	116.68425597420442	TRNG
KEGG_2021_Human	Tight junction	1/169	0.0813755562796324	0.0813755562796324	0	0	13.10978835978836	32.88826835221049	WHAMM
