Gene_set	Term	Overlap	P-value	Adjusted P-value	Old P-value	Old Adjusted P-value	Odds Ratio	Combined Score	Genes
KEGG_2021_Human	Porphyrin and chlorophyll metabolism	9/43	3.9923398496985256e-24	1.1977019549095575e-23	0	0	5282.470588235294	284607.17937478534	ALAD;ALAS2;ALAS1;FECH;UROD;UROS;HMBS;CPOX;PPOX
KEGG_2021_Human	Glycine, serine and threonine metabolism	2/40	0.00017373245503849396	0.0002605986825577409	0	0	131.26315789473685	1136.4756409312342	ALAS2;ALAS1
KEGG_2021_Human	Aminoacyl-tRNA biosynthesis	1/66	0.0325212529076381	0.0325212529076381	0	0	34.05982905982906	116.68425597420442	QRSL1
