Gene_set	Term	Overlap	P-value	Adjusted P-value	Old P-value	Old Adjusted P-value	Odds Ratio	Combined Score	Genes
KEGG_2021_Human	Cholesterol metabolism	7/50	4.694706455312643e-17	3.28629451871885e-16	0	0	1082.3953488372092	40695.371026704255	APOC2;ANGPTL3;LPL;APOC3;ANGPTL4;APOE;APOB
KEGG_2021_Human	PPAR signaling pathway	4/74	3.5645724228129814e-08	1.2476003479845434e-07	0	0	189.71428571428572	3253.531064426654	LPL;APOC3;ANGPTL4;APOA5
KEGG_2021_Human	Vitamin digestion and absorption	1/24	0.0119379646683197	0.0242405029206772	0	0	96.45893719806764	427.1232267263204	APOB
KEGG_2021_Human	Alzheimer disease	2/369	0.0138517159546727	0.0242405029206772	0	0	13.36716621253406	57.20273138002095	LPL;APOE
KEGG_2021_Human	Fat digestion and absorption	1/43	0.0212977650246516	0.0298168710345122	0	0	52.77248677248677	203.12938317607103	APOB
KEGG_2021_Human	Glycerolipid metabolism	1/61	0.030091265543298	0.035106476467181	0	0	36.907407407407405	129.30585220246812	LPL
KEGG_2021_Human	Lipid and atherosclerosis	1/215	0.1024676245623294	0.1024676245623294	0	0	10.26791277258567	23.39244500807539	APOB
