Gene_set	Term	Overlap	P-value	Adjusted P-value	Old P-value	Old Adjusted P-value	Odds Ratio	Combined Score	Genes
KEGG_2021_Human	Hedgehog signaling pathway	4/56	1.1427583568070912e-08	7.999308497649638e-08	0	0	255.6153846153846	4674.498810743524	EVC2;SHH;EVC;GLI3
KEGG_2021_Human	Basal cell carcinoma	2/63	0.0004323414002614042	0.0015131949009149	0	0	81.67622950819673	632.6881685393935	SHH;GLI3
KEGG_2021_Human	Pathways in cancer	2/531	0.0274921941231522	0.0641484529540219	0	0	9.197069943289224	33.05291892138001	SHH;GLI3
KEGG_2021_Human	Gastric cancer	1/149	0.0720667629517442	0.1029212666737852	0	0	14.896396396396396	39.17994060077916	SHH
KEGG_2021_Human	Axon guidance	1/182	0.0873811155878078	0.1029212666737852	0	0	12.160220994475138	29.64024790437689	SHH
KEGG_2021_Human	Proteoglycans in cancer	1/205	0.0979198348783282	0.1029212666737852	0	0	10.77668845315904	25.04077952879582	SHH
KEGG_2021_Human	cAMP signaling pathway	1/216	0.1029212666737852	0.1029212666737852	0	0	10.219638242894057	23.237321299310643	GLI3
