Gene_set	Term	Overlap	P-value	Adjusted P-value	Old P-value	Old Adjusted P-value	Odds Ratio	Combined Score	Genes
KEGG_2021_Human	Hedgehog signaling pathway	5/56	2.8140923472053126e-10	2.25127387776425e-09	0	0	217.15686274509804	4775.542422325579	EVC2;SHH;EVC;GLI1;GLI3
KEGG_2021_Human	Basal cell carcinoma	3/63	1.0576807853931637e-05	4.230723141572654e-05	0	0	90.57272727272728	1037.6778689715932	SHH;GLI1;GLI3
KEGG_2021_Human	Pathways in cancer	3/531	0.005444816221624	0.0145195099243307	0	0	10.050619834710744	52.39479856801597	SHH;GLI1;GLI3
KEGG_2021_Human	cAMP signaling pathway	2/216	0.0096996510751885	0.0193993021503771	0	0	15.398753894080995	71.38347010249677	GLI1;GLI3
KEGG_2021_Human	Gastric cancer	1/149	0.0994271970296019	0.1535553403734534	0	0	10.31081081081081	23.800749699495004	SHH
KEGG_2021_Human	Axon guidance	1/182	0.1201682851848245	0.1535553403734534	0	0	8.416914577135572	17.834281650542312	SHH
KEGG_2021_Human	Proteoglycans in cancer	1/205	0.1343609228267717	0.1535553403734534	0	0	7.459276018099548	14.972450123725842	SHH
KEGG_2021_Human	Herpes simplex virus 1 infection	1/498	0.2975134455302932	0.2975134455302932	0	0	3.0164061290821853	3.6567766622379967	ZNF141
