Gene_set	Term	Overlap	P-value	Adjusted P-value	Old P-value	Old Adjusted P-value	Odds Ratio	Combined Score	Genes
KEGG_2021_Human	Ferroptosis	1/41	0.0203162941970357	0.082301797344196	0	0	55.416666666666664	215.92173416578152	GPX4
KEGG_2021_Human	Sphingolipid metabolism	1/49	0.0242368708211977	0.082301797344196	0	0	46.16203703703704	171.71724838044534	SGMS2
KEGG_2021_Human	Glutathione metabolism	1/57	0.0281433225032358	0.082301797344196	0	0	39.551587301587304	141.21677360109922	GPX4
KEGG_2021_Human	Inflammatory mediator regulation of TRP channels	1/98	0.047943865635835	0.082301797344196	0	0	22.786941580756015	69.220448859451	TRPV4
KEGG_2021_Human	Ribosome biogenesis in eukaryotes	1/108	0.0527178503782264	0.082301797344196	0	0	20.64693665628245	60.75982922373895	EFL1
KEGG_2021_Human	Sphingolipid signaling pathway	1/119	0.0579443409196367	0.082301797344196	0	0	18.71186440677966	53.29648635296648	SGMS2
KEGG_2021_Human	Fluid shear stress and atherosclerosis	1/139	0.0673806054536277	0.082301797344196	0	0	15.98389694041868	43.114932524579174	TRPV4
KEGG_2021_Human	Cellular senescence	1/156	0.0753344527600507	0.082301797344196	0	0	14.21863799283154	36.76680591747282	TRPV4
KEGG_2021_Human	Protein processing in endoplasmic reticulum	1/171	0.082301797344196	0.082301797344196	0	0	12.954248366013072	32.35145191648386	SELENOS
