Gene_set	Term	Overlap	P-value	Adjusted P-value	Old P-value	Old Adjusted P-value	Odds Ratio	Combined Score	Genes
KEGG_2021_Human	Steroid biosynthesis	4/20	9.128189281043048e-11	5.47691356862583e-10	0	0	998.75	23088.172338436285	NSDHL;EBP;CYP51A1;MSMO1
KEGG_2021_Human	Arginine and proline metabolism	3/50	1.2218748125786088e-06	3.6656244377358265e-06	0	0	212.17021276595744	2888.7237871380835	CKM;CKMT1B;CKB
KEGG_2021_Human	Pyrimidine metabolism	1/56	0.0249243557733439	0.0498487115466879	0	0	45.30909090909091	167.27707721282206	CMPK1
KEGG_2021_Human	Prostate cancer	1/97	0.0428208815706443	0.0570869262808095	0	0	25.904947916666668	81.61948121913939	KLK3
KEGG_2021_Human	Drug metabolism	1/108	0.0475724385673413	0.0570869262808095	0	0	23.22897196261682	70.74387376718869	CMPK1
KEGG_2021_Human	Pathways in cancer	1/531	0.2151227241838793	0.2151227241838793	0	0	4.589858490566038	7.0525314744408165	KLK3
