Gene_set	Term	Overlap	P-value	Adjusted P-value	Old P-value	Old Adjusted P-value	Odds Ratio	Combined Score	Genes
KEGG_2021_Human	RNA transport	9/186	2.964178433262259e-16	2.6677605899360333e-15	0	0	251.82203389830508	9003.836783160174	NUP214;NXF1;NXT1;DDX39B;ALYREF;THOC1;THOC3;THOC5;THOC6
KEGG_2021_Human	mRNA surveillance pathway	4/98	3.745786224639757e-07	1.6856038010878906e-06	0	0	94.05673758865248	1391.8011993548982	NXF1;NXT1;DDX39B;ALYREF
KEGG_2021_Human	Spliceosome	4/150	2.0618530893746275e-06	4.989018696213491e-06	0	0	60.398782343987826	790.7351460257047	DDX39B;ALYREF;THOC1;THOC3
KEGG_2021_Human	Amyotrophic lateral sclerosis	5/364	2.2173416427615517e-06	4.989018696213491e-06	0	0	34.17130919220056	444.88316118447335	NUP214;NXF1;NXT1;DNAH8;ALYREF
KEGG_2021_Human	Ribosome biogenesis in eukaryotes	2/108	0.0021675996212726	0.0039016793182907	0	0	34.101200686106345	209.18136488524144	NXF1;NXT1
KEGG_2021_Human	Influenza A	2/172	0.0053891017442756	0.0080836526164134	0	0	21.194652406417113	110.70765058163104	NXF1;NXT1
KEGG_2021_Human	Herpes simplex virus 1 infection	2/498	0.0402554838310516	0.0517570506399236	0	0	7.144794721407624	22.95271763252541	NXF1;ALYREF
KEGG_2021_Human	Huntington disease	1/306	0.1816763925275968	0.2043859415935464	0	0	5.377595628415301	9.17164119450008	DNAH8
KEGG_2021_Human	Pathways of neurodegeneration	1/475	0.2684354206982116	0.2684354206982116	0	0	3.4305555555555554	4.511677686889001	DNAH8
