Gene_set	Term	Overlap	P-value	Adjusted P-value	Old P-value	Old Adjusted P-value	Odds Ratio	Combined Score	Genes
KEGG_2021_Human	Lysosome	6/128	5.0474738384444624e-12	4.542726454600016e-11	0	0	325.72131147540983	8472.70614923505	MFSD8;CLN3;PPT1;TPP1;CTSD;CLN5
KEGG_2021_Human	Fatty acid elongation	1/27	0.0120868859385031	0.0543909867232639	0	0	95.98557692307692	423.8371981703313	PPT1
KEGG_2021_Human	Sphingolipid signaling pathway	1/119	0.0523030181982532	0.0877442437219528	0	0	21.051906779661017	62.1178866021022	CTSD
KEGG_2021_Human	Estrogen signaling pathway	1/137	0.0599989295864788	0.0877442437219528	0	0	18.249080882352946	51.34248529605202	CTSD
KEGG_2021_Human	Autophagy	1/137	0.0599989295864788	0.0877442437219528	0	0	18.249080882352946	51.34248529605202	CTSD
KEGG_2021_Human	Apoptosis	1/142	0.0621268002801028	0.0877442437219528	0	0	17.597517730496453	48.8960723937713	CTSD
KEGG_2021_Human	Protein processing in endoplasmic reticulum	1/171	0.0743842345398903	0.0877442437219528	0	0	14.574264705882351	37.87139095819814	DNAJC5
KEGG_2021_Human	Tuberculosis	1/180	0.0781592023630102	0.0877442437219528	0	0	13.835195530726256	35.26601684640093	CTSD
KEGG_2021_Human	Diabetic cardiomyopathy	1/203	0.0877442437219528	0.0877442437219528	0	0	12.245668316831685	29.797740052778707	CTSD
