Gene_set	Term	Overlap	P-value	Adjusted P-value	Old P-value	Old Adjusted P-value	Odds Ratio	Combined Score	Genes
KEGG_2021_Human	Porphyrin and chlorophyll metabolism	1/43	0.0212977650246516	0.0445567018749483	0	0	52.77248677248677	203.12938317607103	FXN
KEGG_2021_Human	ABC transporters	1/45	0.0222783509374741	0.0445567018749483	0	0	50.36868686868687	191.6095305229555	ABCB7
KEGG_2021_Human	RNA degradation	1/79	0.0388135997677023	0.0517514663569364	0	0	28.36467236467237	92.15638325126108	HSPA9
KEGG_2021_Human	Tuberculosis	1/180	0.0864594894435785	0.0864594894435785	0	0	12.297330850403476	30.10484116010009	HSPA9
