Gene_set	Term	Overlap	P-value	Adjusted P-value	Old P-value	Old Adjusted P-value	Odds Ratio	Combined Score	Genes
KEGG_2021_Human	Growth hormone synthesis, secretion and action	1/119	0.0579443409196367	0.163580733072039	0	0	18.71186440677966	53.29648635296648	GH1
KEGG_2021_Human	JAK-STAT signaling pathway	1/162	0.0781270830081257	0.163580733072039	0	0	13.684610075914424	34.88779821293247	GH1
KEGG_2021_Human	Hepatocellular carcinoma	1/168	0.0809121203148388	0.163580733072039	0	0	13.188955422488355	33.16219935568782	ARID1B
KEGG_2021_Human	Thermogenesis	1/232	0.1101515314641288	0.163580733072039	0	0	9.504088504088504	20.96505269691893	ARID1B
KEGG_2021_Human	Cytokine-cytokine receptor interaction	1/295	0.1381136864939522	0.163580733072039	0	0	7.443688586545729	14.7361074105084	GH1
KEGG_2021_Human	Neuroactive ligand-receptor interaction	1/341	0.1580282660331969	0.163580733072039	0	0	6.421568627450981	11.847674438945711	GH1
KEGG_2021_Human	PI3K-Akt signaling pathway	1/354	0.163580733072039	0.163580733072039	0	0	6.180988353792887	11.1903618987592	GH1
