Gene_set	Term	Overlap	P-value	Adjusted P-value	Old P-value	Old Adjusted P-value	Odds Ratio	Combined Score	Genes
KEGG_2021_Human	Glutathione metabolism	6/57	8.50107080532673e-14	5.100642483196039e-13	0	0	586.4411764705883	17649.53315987725	GGCT;GCLC;G6PD;GSS;GCLM;OPLAH
KEGG_2021_Human	Ferroptosis	3/41	9.49926012263113e-07	2.849778036789339e-06	0	0	225.02255639097743	3120.3611776790444	GCLC;GSS;GCLM
KEGG_2021_Human	Cysteine and methionine metabolism	3/50	1.7424677736230126e-06	3.484935547246025e-06	0	0	181.8510638297872	2411.382965740782	GCLC;GSS;GCLM
KEGG_2021_Human	Pentose phosphate pathway	1/30	0.0149023554252653	0.022353533137898	0	0	76.47892720306514	321.6884165593148	G6PD
KEGG_2021_Human	Central carbon metabolism in cancer	1/70	0.0344612964819566	0.0413535557783479	0	0	32.07890499194847	108.03913520130236	G6PD
KEGG_2021_Human	Diabetic cardiomyopathy	1/203	0.0970077921963338	0.0970077921963338	0	0	10.884488448844884	25.39311940245665	G6PD
