Gene_set	Term	Overlap	P-value	Adjusted P-value	Old P-value	Old Adjusted P-value	Odds Ratio	Combined Score	Genes
KEGG_2021_Human	Aminoacyl-tRNA biosynthesis	9/66	1.2940733495173096e-19	6.470366747586548e-19	0	0	524.421052631579	22807.7648048905	TRNG;AARS1;AARS2;QARS1;EPRS1;KARS1;DARS2;DARS1;EARS2
KEGG_2021_Human	Porphyrin and chlorophyll metabolism	2/43	0.000465736813527105	0.0011643420338177	0	0	74.83677298311444	574.139479895918	EPRS1;EARS2
KEGG_2021_Human	Histidine metabolism	1/22	0.0163791067947741	0.0272985113246235	0	0	67.9047619047619	279.20731867751766	ASPA
KEGG_2021_Human	Alanine, aspartate and glutamate metabolism	1/37	0.0274027922368154	0.0342534902960193	0	0	39.58134920634921	142.37848146420913	ASPA
KEGG_2021_Human	JAK-STAT signaling pathway	1/162	0.1148846101623253	0.1148846101623253	0	0	8.79503105590062	19.030926053726596	GFAP
