Gene_set	Term	Overlap	P-value	Adjusted P-value	Old P-value	Old Adjusted P-value	Odds Ratio	Combined Score	Genes
KEGG_2021_Human	Glyoxylate and dicarboxylate metabolism	1/30	0.0044934147342301	0.0089823471029687	0	0	344.2758620689655	1860.860040913568	GCSH
KEGG_2021_Human	Glycine, serine and threonine metabolism	1/40	0.0059882314019791	0.0089823471029687	0	0	255.8717948717949	1309.541398623503	GCSH
KEGG_2021_Human	Endocytosis	1/252	0.0373273584359294	0.0373273584359294	0	0	39.33466135458168	129.3334974469934	VTA1
