Gene_set	Term	Overlap	P-value	Adjusted P-value	Old P-value	Old Adjusted P-value	Odds Ratio	Combined Score	Genes
KEGG_2021_Human	Inositol phosphate metabolism	1/73	0.0036499451652557	0.007274901495706	0	0	19927.0	111851.11054552946	PIK3C2A
KEGG_2021_Human	Phosphatidylinositol signaling system	1/97	0.0048499343304706	0.007274901495706	0	0	19903.0	106058.9096435903	PIK3C2A
KEGG_2021_Human	Salmonella infection	1/249	0.0124498857954439	0.0124498857954439	0	0	19751.0	86628.75166994064	PIK3C2A
