Gene_set	Term	Overlap	P-value	Adjusted P-value	Old P-value	Old Adjusted P-value	Odds Ratio	Combined Score	Genes
KEGG_2021_Human	One carbon pool by folate	2/20	2.84821068744046e-06	8.544632062321381e-06	0	0	2219.8888888888887	28345.36073166622	MTHFD1;MTR
KEGG_2021_Human	Selenocompound metabolism	1/17	0.0025479169262706	0.0038218753894059	0	0	624.40625	3729.2533063250903	MTR
KEGG_2021_Human	Cysteine and methionine metabolism	1/50	0.0074815523734162	0.0074815523734162	0	0	203.55102040816325	996.4463577649728	MTR
