Gene_set	Term	Overlap	P-value	Adjusted P-value	Old P-value	Old Adjusted P-value	Odds Ratio	Combined Score	Genes
KEGG_2021_Human	Tryptophan metabolism	3/42	8.58503397240905e-08	6.009523780686334e-07	0	0	767.5384615384615	12488.357569065562	GCDH;AADAT;DHTKD1
KEGG_2021_Human	Lysine degradation	3/63	2.96506111322676e-07	1.037771389629366e-06	0	0	498.375	7491.173306827062	GCDH;AADAT;DHTKD1
KEGG_2021_Human	Citrate cycle (TCA cycle)	1/30	0.0074781928285412	0.0119436128411833	0	0	172.1206896551724	842.6622961465415	PC
KEGG_2021_Human	Propanoate metabolism	1/34	0.0084719002014878	0.0119436128411833	0	0	151.22727272727272	721.5053863184621	BCKDHA
KEGG_2021_Human	Fatty acid degradation	1/43	0.0107048332367716	0.0119436128411833	0	0	118.76785714285714	538.8568862241955	GCDH
KEGG_2021_Human	Pyruvate metabolism	1/47	0.0116959562183021	0.0119436128411833	0	0	108.41847826086956	482.3009144981259	PC
KEGG_2021_Human	Valine, leucine and isoleucine degradation	1/48	0.0119436128411833	0.0119436128411833	0	0	106.1063829787234	469.7922320558719	BCKDHA
