Gene_set	Term	Overlap	P-value	Adjusted P-value	Old P-value	Old Adjusted P-value	Odds Ratio	Combined Score	Genes
KEGG_2021_Human	TGF-beta signaling pathway	4/94	9.401954803106201e-08	2.8205864409318604e-07	0	0	147.40740740740742	2385.01693376693	GREM1;GREM2;CHRD;NBL1
KEGG_2021_Human	Parathyroid hormone synthesis, secretion and action	1/106	0.0517647805964337	0.0776471708946506	0	0	21.04232804232804	62.30728596638391	SOST
KEGG_2021_Human	Wnt signaling pathway	1/166	0.0799846170711101	0.0799846170711101	0	0	13.35016835016835	33.721469913824805	SOST
