Gene_set	Term	Overlap	P-value	Adjusted P-value	Old P-value	Old Adjusted P-value	Odds Ratio	Combined Score	Genes
KEGG_2021_Human	Peroxisome	4/82	2.623768261413887e-10	2.3613914352724982e-09	0	0	79672.0	1757663.063705577	PEX7;CAT;MPV17L;SOD2
KEGG_2021_Human	Longevity regulating pathway	2/102	0.0001535036034265559	0.0006907662154195016	0	0	198.96	1747.2242452474318	CAT;SOD2
KEGG_2021_Human	FoxO signaling pathway	2/131	0.00025326249461542026	0.0007597874838462608	0	0	154.0077519379845	1275.3511426120465	CAT;SOD2
KEGG_2021_Human	Glyoxylate and dicarboxylate metabolism	1/30	0.0059868860535258	0.0134704936204331	0	0	229.50574712643677	1174.6526106132212	CAT
KEGG_2021_Human	Tryptophan metabolism	1/42	0.008374110589681	0.0150733990614258	0	0	162.2357723577236	775.9104929668098	CAT
KEGG_2021_Human	Lipid and atherosclerosis	1/215	0.042314485176402	0.063471727764603	0	0	30.813084112149532	97.45025517243975	SOD2
KEGG_2021_Human	Huntington disease	1/306	0.0598138607572433	0.0769035352593128	0	0	21.52021857923497	60.61207997188841	SOD2
KEGG_2021_Human	Amyotrophic lateral sclerosis	1/364	0.0708414603136072	0.0796966428528081	0	0	18.028466483011936	47.726954965901264	CAT
KEGG_2021_Human	Pathways of neurodegeneration	1/475	0.0916752217732011	0.0916752217732011	0	0	13.728551336146271	32.80441660642033	CAT
