Gene_set	Term	Overlap	P-value	Adjusted P-value	Old P-value	Old Adjusted P-value	Odds Ratio	Combined Score	Genes
KEGG_2021_Human	Folate biosynthesis	1/26	0.0129269855424658	0.103415884339727	0	0	88.73333333333333	385.85142072369416	GGH
KEGG_2021_Human	Circadian entrainment	1/97	0.0474652783026245	0.1063053154321106	0	0	23.02546296296296	70.17601174086535	ADCY10
KEGG_2021_Human	Growth hormone synthesis, secretion and action	1/119	0.0579443409196367	0.1063053154321106	0	0	18.71186440677966	53.29648635296648	ADCY10
KEGG_2021_Human	Purine metabolism	1/129	0.0626731600524217	0.1063053154321106	0	0	17.241319444444443	47.75538577401706	ADCY10
KEGG_2021_Human	Apelin signaling pathway	1/137	0.0664408221450691	0.1063053154321106	0	0	16.220588235294116	43.98121048429159	ADCY10
KEGG_2021_Human	cAMP signaling pathway	1/216	0.1029212666737852	0.1258874645304329	0	0	10.219638242894057	23.237321299310643	ADCY10
KEGG_2021_Human	Thermogenesis	1/232	0.1101515314641288	0.1258874645304329	0	0	9.504088504088504	20.96505269691893	ADCY10
KEGG_2021_Human	MAPK signaling pathway	1/294	0.1376760925405506	0.1376760925405506	0	0	7.469472885855138	14.81085557729292	DUSP2
