Gene_set	Pathway	Overlap	P-value	Adjusted P-value	Odds Ratio	Combined Score	Genes
KEGG_2021_Human	ABC transporters	1/45	0.05436047130022726	0.109557019319961	20.262626262626263	-11.690056551619103	ABCA12
KEGG_2021_Human	Arachidonic acid metabolism	1/61	0.073038012879974	0.109557019319961	14.829629629629629	-8.841826114974799	ALOX12B
KEGG_2021_Human	Sphingolipid metabolism	1/49	0.05906133610748362	0.109557019319961	18.564814814814813	-10.829316375605623	CERS3
KEGG_2021_Human	Steroid hormone biosynthesis	1/61	0.073038012879974	0.109557019319961	14.829629629629629	-8.841826114974799	STS
KEGG_2021_Human	Serotonergic synapse	1/113	0.1314697223892576	0.13799386385009413	7.892857142857143	-4.701617375992292	ALOX12B
KEGG_2021_Human	Sphingolipid signaling pathway	1/119	0.13799386385009413	0.13799386385009413	7.4858757062146895	-4.435243302362896	CERS3
