Gene_set	Pathway	Overlap	P-value	Adjusted P-value	Odds Ratio	Combined Score	Genes
KEGG_2021_Human	Tyrosine metabolism	3/36	9.548855121519214e-06	1.9097710243038427e-05	104.35064935064935	-162.27709575529894	DCT;TYR;TYRP1
KEGG_2021_Human	Melanogenesis	3/101	0.00021361559897150326	0.00021361559897150326	34.85422740524781	-69.18688807277512	DCT;TYR;TYRP1
