Gene_set	Pathway	Overlap	P-value	Adjusted P-value	Odds Ratio	Combined Score	Genes
KEGG_2021_Human	Glycosaminoglycan degradation	7/19	1.3559542373580192e-17	1.2203588136222173e-16	1566.4444444444443	-1049.2538342332596	ARSB;GALNS;HGSNAT;IDS;IDUA;NAGLU;SGSH
KEGG_2021_Human	Lysosome	7/128	2.454494125452052e-11	1.1045223564534235e-10	153.2479338842975	-395.3369894381918	ARSB;GALNS;HGSNAT;IDS;IDUA;NAGLU;SGSH
KEGG_2021_Human	Circadian rhythm	1/31	0.03774052193970927	0.11168658082251474	29.77037037037037	-16.126223630092912	CLOCK
KEGG_2021_Human	Ferroptosis	1/41	0.04963848036556211	0.11168658082251474	22.3	-12.692261742471414	TFRC
KEGG_2021_Human	HIF-1 signaling pathway	1/109	0.1270956407872156	0.19064346118082343	8.189300411522634	-4.893732148578802	TFRC
KEGG_2021_Human	Hematopoietic cell lineage	1/99	0.11607356788707196	0.19064346118082343	9.036281179138323	-5.434068642481248	TFRC
KEGG_2021_Human	Dopaminergic synapse	1/132	0.1519784338028618	0.19473157358698964	6.73197625106022	-3.9335418472006	CLOCK
KEGG_2021_Human	Phagosome	1/152	0.17309473207732412	0.19473157358698964	5.82560706401766	-3.3156870475343334	TFRC
KEGG_2021_Human	Endocytosis	1/252	0.27174750318495006	0.27174750318495006	3.4603806994245243	-1.6315316807371463	TFRC
