Gene_set	Pathway	Overlap	P-value	Adjusted P-value	Odds Ratio	Combined Score	Genes
KEGG_2021_Human	Fanconi anemia pathway	9/54	1.3168076804302292e-19	3.9504230412906877e-19	1604.6	-798.6822022743543	BRIP1;FANCA;FANCC;FANCD2;FANCG;FANCI;FANCL;SLX4;UBE2T
KEGG_2021_Human	Homologous recombination	1/41	0.04963848036556211	0.07445772054834317	22.3	-12.692261742471414	BRIP1
KEGG_2021_Human	Ubiquitin mediated proteolysis	1/140	0.16048249753809815	0.16048249753809815	6.338129496402877	-3.6670604531534	FANCL
