Gene_set	Pathway	Overlap	P-value	Adjusted P-value	Odds Ratio	Combined Score	Genes
KEGG_2021_Human	Viral myocarditis	3/60	2.124948457066694e-05	0.00016999587656533552	84.34736842105264	-130.33176625894157	DMD;SGCA;SGCB
KEGG_2021_Human	Arrhythmogenic right ventricular cardiomyopathy	3/77	4.506486691446412e-05	0.00017449002629867596	64.83243243243243	-106.51000240137984	DMD;SGCA;SGCB
KEGG_2021_Human	Dilated cardiomyopathy	3/96	8.724501314933798e-05	0.00017449002629867596	51.464516129032255	-88.62439997331676	DMD;SGCA;SGCB
KEGG_2021_Human	Hypertrophic cardiomyopathy	3/90	7.193676193277559e-05	0.00017449002629867596	55.0551724137931	-93.57615986052133	DMD;SGCA;SGCB
KEGG_2021_Human	Mannose type O-glycan biosynthesis	1/23	0.02256189374001013	0.03609902998401621	52.25974025974026	-24.59540398586455	FKRP
KEGG_2021_Human	Pyrimidine metabolism	1/56	0.05415503702211701	0.07220671602948935	20.818181818181817	-11.741017646542488	CMPK1
KEGG_2021_Human	Drug metabolism	1/108	0.10212605528417545	0.11671549175334338	10.63150867823765	-6.274915391864639	CMPK1
KEGG_2021_Human	Ubiquitin mediated proteolysis	1/140	0.13057644969475715	0.13057644969475715	8.151079136690647	-4.7527227694423155	TRIM32
