Gene_set	Pathway	Overlap	P-value	Adjusted P-value	Odds Ratio	Combined Score	Genes
KEGG_2021_Human	Cardiac muscle contraction	1/87	0.10268183855515577	0.20536367711031153	10.31266149870801	-6.225752347944314	SLC9A6
KEGG_2021_Human	RNA transport	1/186	0.20790875456503763	0.20790875456503763	4.734534534534535	-2.5504914662503393	EIF2S3
