Gene_set	Pathway	Overlap	P-value	Adjusted P-value	Odds Ratio	Combined Score	Genes
KEGG_2021_Human	Amyotrophic lateral sclerosis	4/364	0.0006858909573687631	0.0013717819147375263	14.274074074074074	-39.439074662194365	DNAH11;DNAH5;DNAH6;DNAI1
KEGG_2021_Human	Huntington disease	4/306	0.000353786116804259	0.0013717819147375263	17.143487858719645	-47.69400627688616	DNAH11;DNAH5;DNAH6;DNAI1
KEGG_2021_Human	Signaling pathways regulating pluripotency of stem cells	3/143	0.0005950854077497673	0.0013717819147375263	24.26938775510204	-50.30529409222555	LEFTY2;NODAL;ZIC3
KEGG_2021_Human	Pathways of neurodegeneration	4/475	0.0018650609703256306	0.002797591455488446	10.753007784854919	-28.8390927430974	DNAH11;DNAH5;DNAH6;DNAI1
KEGG_2021_Human	TGF-beta signaling pathway	2/94	0.005673660825135872	0.006808392990163045	21.67391304347826	-28.742216935482162	LEFTY2;NODAL
KEGG_2021_Human	Cytokine-cytokine receptor interaction	1/295	0.310808292768788	0.310808292768788	2.9380196523053668	-1.2513063817932166	NODAL
