Gene_set	Pathway	Overlap	P-value	Adjusted P-value	Odds Ratio	Combined Score	Genes
KEGG_2021_Human	Adrenergic signaling in cardiomyocytes	2/150	0.0139780795801668	0.0279561591603336	13.378378378378379	-18.15870698745584	SCN1B;SCN5A
KEGG_2021_Human	Arrhythmogenic right ventricular cardiomyopathy	1/77	0.09138288226635771	0.09138288226635771	11.68421052631579	-7.04872976578505	PKP2
