Gene_set	Pathway	Overlap	P-value	Adjusted P-value	Odds Ratio	Combined Score	Genes
KEGG_2021_Human	Porphyrin and chlorophyll metabolism	7/43	8.603991572313302e-15	4.301995786156651e-14	520.5925925925926	-695.5297339278019	ALAD;ALAS1;FECH;HMBS;PPOX;UROD;UROS
KEGG_2021_Human	Glycine, serine and threonine metabolism	2/40	0.0010492500396798417	0.0026231250991996043	52.828947368421055	-60.309801434582354	ALAS1;CBS
KEGG_2021_Human	Vitamin B6 metabolism	1/6	0.007406917473262656	0.01234486245543776	179.17777777777778	-56.547204773591496	PDXP
KEGG_2021_Human	Cysteine and methionine metabolism	1/50	0.060233261208856796	0.07529157651107099	18.183673469387756	-10.63265628196324	CBS
KEGG_2021_Human	Aminoacyl-tRNA biosynthesis	1/66	0.07880627134542659	0.07880627134542659	13.68034188034188	-8.200693724608003	QRSL1
