Gene_set	Pathway	Overlap	P-value	Adjusted P-value	Odds Ratio	Combined Score	Genes
KEGG_2021_Human	Cholesterol metabolism	7/50	2.660870173019529e-14	1.8626091211136703e-13	435.4651162790698	-644.4789035636999	ANGPTL3;ANGPTL4;APOB;APOC2;APOC3;APOE;LPL
KEGG_2021_Human	PPAR signaling pathway	4/74	1.3072070291126742e-06	4.57522460189436e-06	76.17142857142858	-175.84712516927738	ANGPTL4;APOA5;APOC3;LPL
KEGG_2021_Human	Vitamin digestion and absorption	1/24	0.02933236445120913	0.06844218371948797	38.86473429951691	-19.906523902743018	APOB
KEGG_2021_Human	Alzheimer disease	2/369	0.07347088540357372	0.085716032970836	5.2459128065395095	-6.1057863985118	APOE;LPL
KEGG_2021_Human	Fat digestion and absorption	1/43	0.052002121863896134	0.085716032970836	21.232804232804234	-12.171283962486152	APOB
KEGG_2021_Human	Glycerolipid metabolism	1/61	0.073038012879974	0.085716032970836	14.829629629629629	-8.841826114974799	LPL
KEGG_2021_Human	Lipid and atherosclerosis	1/215	0.23655445762047492	0.23655445762047492	4.077881619937695	-2.079575623138921	APOB
