Gene_set	Pathway	Overlap	P-value	Adjusted P-value	Odds Ratio	Combined Score	Genes
KEGG_2021_Human	ABC transporters	1/45	0.05436047130022726	0.14988140882413042	20.262626262626263	-11.690056551619103	ABCA12
KEGG_2021_Human	IL-17 signaling pathway	1/94	0.11051569770952978	0.14988140882413042	9.528076463560334	-5.7422174156532195	IL17A
KEGG_2021_Human	Inflammatory bowel disease	1/65	0.07765521083230079	0.14988140882413042	13.895833333333334	-8.322075559905016	IL17A
KEGG_2021_Human	Rheumatoid arthritis	1/93	0.1094003568916107	0.14988140882413042	9.632850241545894	-5.8073541800756905	IL17A
KEGG_2021_Human	Th17 cell differentiation	1/107	0.1249011740201087	0.14988140882413042	8.345911949685535	-4.994589105830365	IL17A
KEGG_2021_Human	Cytokine-cytokine receptor interaction	1/295	0.310808292768788	0.310808292768788	2.9380196523053668	-1.2513063817932166	IL17A
