Gene_set	Pathway	Overlap	P-value	Adjusted P-value	Odds Ratio	Combined Score	Genes
KEGG_2021_Human	Glycosaminoglycan degradation	4/19	4.550356526215379e-09	4.095320873593841e-08	357.9111111111111	-498.3322843539677	GNS;HGSNAT;NAGLU;SGSH
KEGG_2021_Human	Lysosome	5/128	2.1847547541126658e-07	9.831396393506997e-07	64.59349593495935	-188.12966014979114	GNS;HGSNAT;LAMP1;NAGLU;SGSH
KEGG_2021_Human	Glycosaminoglycan biosynthesis	2/53	0.0018378173017361363	0.005513451905208409	39.299019607843135	-47.75438384041307	EXT1;EXTL2
KEGG_2021_Human	Alcoholism	2/186	0.02101420724688098	0.04728196630548221	10.71195652173913	-14.420538364521844	SLC29A1;SLC29A2
KEGG_2021_Human	Primary immunodeficiency	1/38	0.046083072411820386	0.0829495303412767	24.117117117117118	-13.560364723090352	ADA
KEGG_2021_Human	Autophagy	1/137	0.15730251033809037	0.19473157358698964	6.480392156862745	-3.763669230249352	LAMP1
KEGG_2021_Human	Phagosome	1/152	0.17309473207732412	0.19473157358698964	5.82560706401766	-3.3156870475343334	LAMP1
KEGG_2021_Human	Purine metabolism	1/129	0.1487694756391342	0.19473157358698964	6.892361111111111	-4.041189892105298	ADA
KEGG_2021_Human	Tuberculosis	1/180	0.20186266926868635	0.20186266926868635	4.896958410924891	-2.6658400097237527	LAMP1
