Gene_set	Pathway	Overlap	P-value	Adjusted P-value	Odds Ratio	Combined Score	Genes
KEGG_2021_Human	Peroxisome	3/82	0.00011493649889455613	0.00022987299778911226	43.33996383363472	-82.99191344612582	PEX1;PEX26;PEX6
KEGG_2021_Human	Lysosome	1/128	0.14769739689308778	0.14769739689308778	6.94750656167979	-4.078087345546839	SLC17A5
