Gene_set	Pathway	Overlap	P-value	Adjusted P-value	Odds Ratio	Combined Score	Genes
KEGG_2021_Human	RNA degradation	5/79	1.909234915795088e-08	3.818469831590176e-08	108.02702702702703	-280.0675977261517	EXOSC2;EXOSC3;EXOSC8;EXOSC9;PARN
KEGG_2021_Human	Purine metabolism	1/129	0.1487694756391342	0.1487694756391342	6.892361111111111	-4.041189892105298	AMPD2
