Gene_set	Pathway	Overlap	P-value	Adjusted P-value	Odds Ratio	Combined Score	Genes
KEGG_2021_Human	Cell adhesion molecules	1/148	0.07130879673549256	0.07130879673549256	17.975056689342402	-9.125527156610548	MPZ
