Gene_set	Pathway	Overlap	P-value	Adjusted P-value	Odds Ratio	Combined Score	Genes
KEGG_2021_Human	Biosynthesis of unsaturated fatty acids	1/27	0.03294392335593595	0.11530373174577582	34.36752136752137	-18.084430415617646	ELOVL4
KEGG_2021_Human	Fatty acid elongation	1/27	0.03294392335593595	0.11530373174577582	34.36752136752137	-18.084430415617646	ELOVL4
KEGG_2021_Human	ABC transporters	1/45	0.05436047130022726	0.12684109970053029	20.262626262626263	-11.690056551619103	ABCA4
KEGG_2021_Human	Cell adhesion molecules	1/148	0.16890973234869874	0.2955920316102228	5.987150415721844	-3.427000500776257	CDH3
KEGG_2021_Human	Transcriptional misregulation in cancer	1/192	0.21391358807496763	0.2994790233049547	4.5823152995927865	-2.441961042053517	PROM1
KEGG_2021_Human	Amyotrophic lateral sclerosis	1/364	0.3695602254440061	0.43115359635134043	2.3584328129782675	-0.8341701676241932	PRPH
KEGG_2021_Human	Pathways of neurodegeneration	1/475	0.45466905008847364	0.45466905008847364	1.7801218940459447	-0.4367315309409891	PRPH
