Gene_set	Pathway	Overlap	P-value	Adjusted P-value	Odds Ratio	Combined Score	Genes
KEGG_2021_Human	Starch and sucrose metabolism	2/36	0.0008497143189163187	0.007647428870246869	59.0735294117647	-65.67692864894883	AGL;GYG1
KEGG_2021_Human	Signaling pathways regulating pluripotency of stem cells	2/143	0.01275865818396982	0.05741396182786419	14.054964539007091	-19.077689748676264	NANOG;POU5F1
KEGG_2021_Human	ABC transporters	1/45	0.05436047130022726	0.12102708139404521	20.262626262626263	-11.690056551619103	ABCB7
KEGG_2021_Human	Carbohydrate digestion and absorption	1/47	0.05671353920929476	0.12102708139404521	19.3768115942029	-11.24402387762608	SLC37A4
KEGG_2021_Human	Pyrimidine metabolism	1/56	0.06723726744113623	0.12102708139404521	16.187878787878788	-9.580691348846925	CMPK1
KEGG_2021_Human	Drug metabolism	1/108	0.12599902727061665	0.14174890567944373	8.2668743509865	-4.943743954376122	CMPK1
KEGG_2021_Human	Pancreatic secretion	1/102	0.11939326812281527	0.14174890567944373	8.764576457645765	-5.262086311101535	CTRL
KEGG_2021_Human	Protein digestion and absorption	1/103	0.12049733874954198	0.14174890567944373	8.677559912854031	-5.2067399522157665	CTRL
KEGG_2021_Human	Proteoglycans in cancer	1/205	0.22678373523038298	0.22678373523038298	4.283224400871459	-2.2275706216550177	NANOG
