Gene_set	Pathway	Overlap	P-value	Adjusted P-value	Odds Ratio	Combined Score	Genes
KEGG_2021_Human	Cholinergic synapse	2/113	0.008111349626545349	0.04055674813272674	17.92117117117117	-24.127023560492017	KCNQ2;KCNQ3
KEGG_2021_Human	GABAergic synapse	1/89	0.10492639565254669	0.13115799456568336	10.075757575757576	-6.080768259179883	SLC6A1
KEGG_2021_Human	Synaptic vesicle cycle	1/78	0.09251851170984433	0.13115799456568336	11.531024531024531	-6.958150954500108	SLC6A1
KEGG_2021_Human	Taste transduction	1/86	0.10155766145487406	0.13115799456568336	10.435294117647059	-6.300464747037211	SCN2A
KEGG_2021_Human	Dopaminergic synapse	1/132	0.1519784338028618	0.1519784338028618	6.73197625106022	-3.9335418472006	SCN1A
