Gene_set	Pathway	Overlap	P-value	Adjusted P-value	Odds Ratio	Combined Score	Genes
KEGG_2021_Human	Aminoacyl-tRNA biosynthesis	9/66	9.152972901345822e-19	5.4917837408074934e-18	1264.8947368421052	-721.7737913227693	AARS1;AARS2;DARS2;EARS2;FARS2;FARSA;FARSB;TRNG;WARS2
KEGG_2021_Human	Porphyrin and chlorophyll metabolism	1/43	0.052002121863896134	0.1560063655916884	21.232804232804234	-12.171283962486152	EARS2
KEGG_2021_Human	Focal adhesion	1/201	0.22284403856827387	0.3099217585428667	4.371111111111111	-2.2907190203417165	FLNA
KEGG_2021_Human	MAPK signaling pathway	1/294	0.3099217585428667	0.3099217585428667	2.9484262419416005	-1.2588658824557653	FLNA
KEGG_2021_Human	Proteoglycans in cancer	1/205	0.22678373523038298	0.3099217585428667	4.283224400871459	-2.2275706216550177	FLNA
KEGG_2021_Human	Salmonella infection	1/249	0.2689494049142217	0.3099217585428667	3.503584229390681	-1.6629804039719844	FLNA
